[
  {
    "name": "Achajur",
    "country": "AM",
    "lat": 40.98781,
    "lng": 45.14952
  },
  {
    "name": "Achiras",
    "country": "AR",
    "lat": -33.17685,
    "lng": -64.99442
  },
  {
    "name": "Achenkirch",
    "country": "AT",
    "lat": 47.52659,
    "lng": 11.70559
  },
  {
    "name": "Achau",
    "country": "AT",
    "lat": 48.08026,
    "lng": 16.38611
  },
  {
    "name": "Acacia Ridge",
    "country": "AU",
    "lat": -27.58333,
    "lng": 153.03333
  },
  {
    "name": "Acacia Gardens",
    "country": "AU",
    "lat": -33.73159,
    "lng": 150.91636
  },
  {
    "name": "Acton",
    "country": "AU",
    "lat": -35.27767,
    "lng": 149.11829
  },
  {
    "name": "Acton Park",
    "country": "AU",
    "lat": -42.87932,
    "lng": 147.48459
  },
  {
    "name": "Acoz",
    "country": "BE",
    "lat": 50.35904,
    "lng": 4.53263
  },
  {
    "name": "Achêne",
    "country": "BE",
    "lat": 50.26701,
    "lng": 5.04539
  },
  {
    "name": "Achel",
    "country": "BE",
    "lat": 51.253,
    "lng": 5.47977
  },
  {
    "name": "Achocalla",
    "country": "BO",
    "lat": -16.57386,
    "lng": -68.15112
  },
  {
    "name": "Achacachi",
    "country": "BO",
    "lat": -16.04707,
    "lng": -68.68534
  },
  {
    "name": "Acauã",
    "country": "BR",
    "lat": -8.215,
    "lng": -41.08167
  },
  {
    "name": "Acopiara",
    "country": "BR",
    "lat": -6.09528,
    "lng": -39.4525
  },
  {
    "name": "Acari",
    "country": "BR",
    "lat": -6.43556,
    "lng": -36.63889
  },
  {
    "name": "Acaraú",
    "country": "BR",
    "lat": -2.88556,
    "lng": -40.12
  },
  {
    "name": "Acarape",
    "country": "BR",
    "lat": -4.22417,
    "lng": -38.70833
  },
  {
    "name": "Acará",
    "country": "BR",
    "lat": -1.96083,
    "lng": -48.19667
  },
  {
    "name": "Acorizal",
    "country": "BR",
    "lat": -15.20472,
    "lng": -56.36583
  },
  {
    "name": "Aceguá",
    "country": "BR",
    "lat": -31.86528,
    "lng": -54.16722
  },
  {
    "name": "Acajutiba",
    "country": "BR",
    "lat": -11.66222,
    "lng": -38.01722
  },
  {
    "name": "Acaiaca",
    "country": "BR",
    "lat": -20.3625,
    "lng": -43.14472
  },
  {
    "name": "Acrelândia",
    "country": "BR",
    "lat": -9.82778,
    "lng": -66.88333
  },
  {
    "name": "Acreúna",
    "country": "BR",
    "lat": -17.39556,
    "lng": -50.37694
  },
  {
    "name": "Acrelândia",
    "country": "BR",
    "lat": -10.07387,
    "lng": -67.055
  },
  {
    "name": "Acadia",
    "country": "CA",
    "lat": 50.97172,
    "lng": -114.05688
  },
  {
    "name": "Acton",
    "country": "CA",
    "lat": 43.62969,
    "lng": -80.04149
  },
  {
    "name": "Acton Vale",
    "country": "CA",
    "lat": 45.65007,
    "lng": -72.56582
  },
  {
    "name": "Acquarossa",
    "country": "CH",
    "lat": 46.45473,
    "lng": 8.94261
  },
  {
    "name": "Acheng",
    "country": "CN",
    "lat": 45.54558,
    "lng": 126.95191
  },
  {
    "name": "Achí",
    "country": "CO",
    "lat": 8.5695,
    "lng": -74.55715
  },
  {
    "name": "Acevedo",
    "country": "CO",
    "lat": 1.80464,
    "lng": -75.89036
  },
  {
    "name": "Acandí",
    "country": "CO",
    "lat": 8.51158,
    "lng": -77.27719
  },
  {
    "name": "Acacías",
    "country": "CO",
    "lat": 3.98695,
    "lng": -73.75797
  },
  {
    "name": "Acherítou",
    "country": "CY",
    "lat": 35.10022,
    "lng": 33.86155
  },
  {
    "name": "Achtrup",
    "country": "DE",
    "lat": 54.79053,
    "lng": 9.02848
  },
  {
    "name": "Achstetten",
    "country": "DE",
    "lat": 48.25886,
    "lng": 9.89748
  },
  {
    "name": "Achslach",
    "country": "DE",
    "lat": 48.97171,
    "lng": 12.93511
  },
  {
    "name": "Achim",
    "country": "DE",
    "lat": 53.01416,
    "lng": 9.0263
  },
  {
    "name": "Achern",
    "country": "DE",
    "lat": 48.63115,
    "lng": 8.07607
  },
  {
    "name": "Achupallas",
    "country": "EC",
    "lat": -2.28302,
    "lng": -78.76895
  },
  {
    "name": "Aceuchal",
    "country": "ES",
    "lat": 38.64627,
    "lng": -6.48636
  },
  {
    "name": "Acedera",
    "country": "ES",
    "lat": 39.07678,
    "lng": -5.57384
  },
  {
    "name": "Aceituna",
    "country": "ES",
    "lat": 40.15008,
    "lng": -6.33292
  },
  {
    "name": "Acebo",
    "country": "ES",
    "lat": 40.20105,
    "lng": -6.71689
  },
  {
    "name": "Acebedo",
    "country": "ES",
    "lat": 43.03969,
    "lng": -5.116
  },
  {
    "name": "Acacias",
    "country": "ES",
    "lat": 40.40107,
    "lng": -3.70726
  },
  {
    "name": "Acered",
    "country": "ES",
    "lat": 41.1708,
    "lng": -1.604
  },
  {
    "name": "Acquigny",
    "country": "FR",
    "lat": 49.1735,
    "lng": 1.1765
  },
  {
    "name": "Acigné",
    "country": "FR",
    "lat": 48.13538,
    "lng": -1.5337
  },
  {
    "name": "Achiet-le-Grand",
    "country": "FR",
    "lat": 50.13067,
    "lng": 2.78119
  },
  {
    "name": "Achicourt",
    "country": "FR",
    "lat": 50.27429,
    "lng": 2.75779
  },
  {
    "name": "Achères-la-Forêt",
    "country": "FR",
    "lat": 48.35458,
    "lng": 2.57035
  },
  {
    "name": "Achères",
    "country": "FR",
    "lat": 48.96115,
    "lng": 2.06882
  },
  {
    "name": "Achenheim",
    "country": "FR",
    "lat": 48.5807,
    "lng": 7.62803
  },
  {
    "name": "Acton",
    "country": "GB",
    "lat": 52.45,
    "lng": -3.01667
  },
  {
    "name": "Acton",
    "country": "GB",
    "lat": 51.50901,
    "lng": -0.2762
  },
  {
    "name": "Acomb",
    "country": "GB",
    "lat": 54.99229,
    "lng": -2.11229
  },
  {
    "name": "Acocks Green",
    "country": "GB",
    "lat": 52.45,
    "lng": -1.81667
  },
  {
    "name": "Acle",
    "country": "GB",
    "lat": 52.63681,
    "lng": 1.54757
  },
  {
    "name": "Acklington",
    "country": "GB",
    "lat": 55.3,
    "lng": -1.63333
  },
  {
    "name": "Accrington",
    "country": "GB",
    "lat": 53.75379,
    "lng": -2.35863
  },
  {
    "name": "Accra",
    "country": "GH",
    "lat": 5.55602,
    "lng": -0.1969
  },
  {
    "name": "Acurenam",
    "country": "GQ",
    "lat": 1.03225,
    "lng": 10.64882
  },
  {
    "name": "Aconibe",
    "country": "GQ",
    "lat": 1.29683,
    "lng": 10.93691
  },
  {
    "name": "Acharnés",
    "country": "GR",
    "lat": 38.08333,
    "lng": 23.73333
  },
  {
    "name": "Acharávi",
    "country": "GR",
    "lat": 39.7936,
    "lng": 19.81736
  },
  {
    "name": "Acatenango",
    "country": "GT",
    "lat": 14.55451,
    "lng": -90.94368
  },
  {
    "name": "Acul du Nord",
    "country": "HT",
    "lat": 19.68075,
    "lng": -72.31978
  },
  {
    "name": "Acsa",
    "country": "HU",
    "lat": 47.79425,
    "lng": 19.38795
  },
  {
    "name": "Acre",
    "country": "IL",
    "lat": 32.92814,
    "lng": 35.07647
  },
  {
    "name": "Achhnera",
    "country": "IN",
    "lat": 27.17826,
    "lng": 77.75674
  },
  {
    "name": "Achhībal",
    "country": "IN",
    "lat": 33.68409,
    "lng": 75.21835
  },
  {
    "name": "Acharapākkam",
    "country": "IN",
    "lat": 12.40279,
    "lng": 79.81699
  },
  {
    "name": "Achalpur",
    "country": "IN",
    "lat": 21.25665,
    "lng": 77.51006
  },
  {
    "name": "Achampet",
    "country": "IN",
    "lat": 16.3982,
    "lng": 78.63758
  },
  {
    "name": "Achchippatti",
    "country": "IN",
    "lat": 10.69979,
    "lng": 77.01248
  },
  {
    "name": "Achanputtūr",
    "country": "IN",
    "lat": 9.04143,
    "lng": 77.29693
  },
  {
    "name": "Acri",
    "country": "IT",
    "lat": 39.49624,
    "lng": 16.38635
  },
  {
    "name": "Acquedolci",
    "country": "IT",
    "lat": 38.05708,
    "lng": 14.5855
  },
  {
    "name": "Acquaviva Platani",
    "country": "IT",
    "lat": 37.57174,
    "lng": 13.70156
  },
  {
    "name": "Acquaro",
    "country": "IT",
    "lat": 38.55729,
    "lng": 16.18781
  },
  {
    "name": "Acquarica del Capo",
    "country": "IT",
    "lat": 39.90979,
    "lng": 18.2468
  },
  {
    "name": "Acquappesa",
    "country": "IT",
    "lat": 39.49573,
    "lng": 15.95419
  },
  {
    "name": "Acquaformosa",
    "country": "IT",
    "lat": 39.72278,
    "lng": 16.09096
  },
  {
    "name": "Aci Sant'Antonio",
    "country": "IT",
    "lat": 37.60499,
    "lng": 15.12294
  },
  {
    "name": "Acireale",
    "country": "IT",
    "lat": 37.60886,
    "lng": 15.16577
  },
  {
    "name": "Aci Catena",
    "country": "IT",
    "lat": 37.60614,
    "lng": 15.14165
  },
  {
    "name": "Aci Castello",
    "country": "IT",
    "lat": 37.55564,
    "lng": 15.14535
  },
  {
    "name": "Aci Bonaccorsi",
    "country": "IT",
    "lat": 37.5964,
    "lng": 15.10724
  },
  {
    "name": "Acate",
    "country": "IT",
    "lat": 37.02318,
    "lng": 14.49302
  },
  {
    "name": "Acuto",
    "country": "IT",
    "lat": 41.79107,
    "lng": 13.17446
  },
  {
    "name": "Acqui Terme",
    "country": "IT",
    "lat": 44.67552,
    "lng": 8.46934
  },
  {
    "name": "Acquaviva Picena",
    "country": "IT",
    "lat": 42.94037,
    "lng": 13.82227
  },
  {
    "name": "Acquaviva d'Isernia",
    "country": "IT",
    "lat": 41.67132,
    "lng": 14.1477
  },
  {
    "name": "Acquaviva delle Fonti",
    "country": "IT",
    "lat": 40.89704,
    "lng": 16.8433
  },
  {
    "name": "Acquaviva Collecroce",
    "country": "IT",
    "lat": 41.86624,
    "lng": 14.74733
  },
  {
    "name": "Acquaviva",
    "country": "IT",
    "lat": 43.11566,
    "lng": 11.86249
  },
  {
    "name": "Acquasparta",
    "country": "IT",
    "lat": 42.68915,
    "lng": 12.54275
  },
  {
    "name": "Acquasanta Terme",
    "country": "IT",
    "lat": 42.77084,
    "lng": 13.41418
  },
  {
    "name": "Acquapendente",
    "country": "IT",
    "lat": 42.74259,
    "lng": 11.86827
  },
  {
    "name": "Acquanegra sul Chiese",
    "country": "IT",
    "lat": 45.16404,
    "lng": 10.43323
  },
  {
    "name": "Acquanegra Cremonese",
    "country": "IT",
    "lat": 45.16864,
    "lng": 9.89074
  },
  {
    "name": "Acqualagna",
    "country": "IT",
    "lat": 43.62606,
    "lng": 12.67596
  },
  {
    "name": "Acquafredda",
    "country": "IT",
    "lat": 45.30697,
    "lng": 10.41343
  },
  {
    "name": "Acquafondata",
    "country": "IT",
    "lat": 41.54282,
    "lng": 13.95281
  },
  {
    "name": "Acilia-Castel Fusano-Ostia Antica",
    "country": "IT",
    "lat": 41.76337,
    "lng": 12.33078
  },
  {
    "name": "Acerra",
    "country": "IT",
    "lat": 40.94477,
    "lng": 14.3714
  },
  {
    "name": "Acerno",
    "country": "IT",
    "lat": 40.73771,
    "lng": 15.05695
  },
  {
    "name": "Acerenza",
    "country": "IT",
    "lat": 40.79386,
    "lng": 15.93808
  },
  {
    "name": "Accumoli",
    "country": "IT",
    "lat": 42.69476,
    "lng": 13.24761
  },
  {
    "name": "Acciano",
    "country": "IT",
    "lat": 42.17677,
    "lng": 13.71783
  },
  {
    "name": "Accettura",
    "country": "IT",
    "lat": 40.49102,
    "lng": 16.15798
  },
  {
    "name": "Acceglio",
    "country": "IT",
    "lat": 44.47463,
    "lng": 6.99092
  },
  {
    "name": "Accadia",
    "country": "IT",
    "lat": 41.15768,
    "lng": 15.331
  },
  {
    "name": "Aci Trezza",
    "country": "IT",
    "lat": 37.56385,
    "lng": 15.16136
  },
  {
    "name": "Acitrezza",
    "country": "IT",
    "lat": 37.5596,
    "lng": 15.1599
  },
  {
    "name": "Acconia",
    "country": "IT",
    "lat": 38.83585,
    "lng": 16.2653
  },
  {
    "name": "Acuexcomac",
    "country": "MX",
    "lat": 19.03742,
    "lng": -98.38501
  },
  {
    "name": "Acultzingo",
    "country": "MX",
    "lat": 18.71894,
    "lng": -97.30367
  },
  {
    "name": "Aculco de Espinoza",
    "country": "MX",
    "lat": 20.09867,
    "lng": -99.82757
  },
  {
    "name": "Acula",
    "country": "MX",
    "lat": 18.50563,
    "lng": -95.77427
  },
  {
    "name": "Acuitlapilco",
    "country": "MX",
    "lat": 19.27333,
    "lng": -98.23542
  },
  {
    "name": "Acuitlapan",
    "country": "MX",
    "lat": 18.60155,
    "lng": -99.5426
  },
  {
    "name": "Actopan",
    "country": "MX",
    "lat": 20.26961,
    "lng": -98.94377
  },
  {
    "name": "Actopan",
    "country": "MX",
    "lat": 19.50427,
    "lng": -96.61668
  },
  {
    "name": "Acteopan",
    "country": "MX",
    "lat": 18.76388,
    "lng": -98.71366
  },
  {
    "name": "Acoyotla",
    "country": "MX",
    "lat": 21.12551,
    "lng": -98.77729
  },
  {
    "name": "Acopinalco del Peñón",
    "country": "MX",
    "lat": 19.65929,
    "lng": -98.16299
  },
  {
    "name": "Acolman de Netzahualcóyotl",
    "country": "MX",
    "lat": 19.63976,
    "lng": -98.90777
  },
  {
    "name": "Achotal de Moreno",
    "country": "MX",
    "lat": 17.73652,
    "lng": -95.13395
  },
  {
    "name": "Achichipico",
    "country": "MX",
    "lat": 18.94861,
    "lng": -98.82611
  },
  {
    "name": "Acazónica",
    "country": "MX",
    "lat": 19.21284,
    "lng": -96.58978
  },
  {
    "name": "Acayucan",
    "country": "MX",
    "lat": 17.94979,
    "lng": -94.91386
  },
  {
    "name": "Acayuca",
    "country": "MX",
    "lat": 20.02567,
    "lng": -98.8411
  },
  {
    "name": "Acaxtlahuacán de Albino Zertuche",
    "country": "MX",
    "lat": 18.01714,
    "lng": -98.54018
  },
  {
    "name": "Acaxochitlán",
    "country": "MX",
    "lat": 20.15789,
    "lng": -98.20172
  },
  {
    "name": "Acatzingo",
    "country": "MX",
    "lat": 18.98196,
    "lng": -97.78363
  },
  {
    "name": "Acatlán de Pérez Figueroa",
    "country": "MX",
    "lat": 18.53973,
    "lng": -96.60568
  },
  {
    "name": "Acatlán de Osorio",
    "country": "MX",
    "lat": 18.2025,
    "lng": -98.04864
  },
  {
    "name": "Acatlán",
    "country": "MX",
    "lat": 20.14562,
    "lng": -98.43959
  },
  {
    "name": "Acatlán",
    "country": "MX",
    "lat": 19.69677,
    "lng": -96.84216
  },
  {
    "name": "Acatlán",
    "country": "MX",
    "lat": 17.65807,
    "lng": -99.16944
  },
  {
    "name": "Acatepec",
    "country": "MX",
    "lat": 16.7375,
    "lng": -98.4275
  },
  {
    "name": "Acatempan",
    "country": "MX",
    "lat": 18.31809,
    "lng": -99.88298
  },
  {
    "name": "Acapulco de Juárez",
    "country": "MX",
    "lat": 16.84942,
    "lng": -99.90891
  },
  {
    "name": "Acapetahua",
    "country": "MX",
    "lat": 15.28195,
    "lng": -92.68947
  },
  {
    "name": "Acanceh",
    "country": "MX",
    "lat": 20.81291,
    "lng": -89.45332
  },
  {
    "name": "Acamixtla",
    "country": "MX",
    "lat": 18.56512,
    "lng": -99.56599
  },
  {
    "name": "Acamilpa",
    "country": "MX",
    "lat": 18.71695,
    "lng": -99.15724
  },
  {
    "name": "Acambay",
    "country": "MX",
    "lat": 19.95522,
    "lng": -99.84428
  },
  {
    "name": "Acala",
    "country": "MX",
    "lat": 16.5561,
    "lng": -92.80772
  },
  {
    "name": "Acajete",
    "country": "MX",
    "lat": 19.58646,
    "lng": -97.00995
  },
  {
    "name": "Acajete",
    "country": "MX",
    "lat": 19.11154,
    "lng": -97.95231
  },
  {
    "name": "Acahuizotla",
    "country": "MX",
    "lat": 17.36054,
    "lng": -99.46759
  },
  {
    "name": "Acahuasco",
    "country": "MX",
    "lat": 20.96254,
    "lng": -98.59656
  },
  {
    "name": "Acacoyagua",
    "country": "MX",
    "lat": 15.34252,
    "lng": -92.67579
  },
  {
    "name": "Acoapa",
    "country": "MX",
    "lat": 21.12116,
    "lng": -98.48701
  },
  {
    "name": "Acatepec",
    "country": "MX",
    "lat": 20.95367,
    "lng": -98.27373
  },
  {
    "name": "Acoxcatlán",
    "country": "MX",
    "lat": 20.97343,
    "lng": -98.77793
  },
  {
    "name": "Acxotla del Monte",
    "country": "MX",
    "lat": 19.25208,
    "lng": -98.16777
  },
  {
    "name": "Acuamanala",
    "country": "MX",
    "lat": 19.22361,
    "lng": -98.20056
  },
  {
    "name": "Acuitlapilco",
    "country": "MX",
    "lat": 18.90873,
    "lng": -99.78464
  },
  {
    "name": "Acatzingo (Acatzingo de la Piedra)",
    "country": "MX",
    "lat": 18.92389,
    "lng": -99.58861
  },
  {
    "name": "Actipan de Morelos",
    "country": "MX",
    "lat": 18.96003,
    "lng": -97.79904
  },
  {
    "name": "Acatepec",
    "country": "MX",
    "lat": 18.37236,
    "lng": -97.03651
  },
  {
    "name": "Acalco",
    "country": "MX",
    "lat": 17.50575,
    "lng": -99.1667
  },
  {
    "name": "Acontitla",
    "country": "MX",
    "lat": 20.68206,
    "lng": -97.38469
  },
  {
    "name": "Acuítzio del Canje",
    "country": "MX",
    "lat": 19.49585,
    "lng": -101.33321
  },
  {
    "name": "Aconchi",
    "country": "MX",
    "lat": 29.8262,
    "lng": -110.22479
  },
  {
    "name": "Acatlán de Juárez",
    "country": "MX",
    "lat": 20.42238,
    "lng": -103.59098
  },
  {
    "name": "Acatic",
    "country": "MX",
    "lat": 20.78085,
    "lng": -102.91055
  },
  {
    "name": "Acaponeta",
    "country": "MX",
    "lat": 22.49396,
    "lng": -105.36369
  },
  {
    "name": "Acapetlahuaya",
    "country": "MX",
    "lat": 18.41942,
    "lng": -100.07237
  },
  {
    "name": "Acámbaro",
    "country": "MX",
    "lat": 20.03085,
    "lng": -100.72194
  },
  {
    "name": "Acalpican de Morelos",
    "country": "MX",
    "lat": 18.01854,
    "lng": -102.34033
  },
  {
    "name": "Acachuén",
    "country": "MX",
    "lat": 19.84715,
    "lng": -102.09272
  },
  {
    "name": "Acxotla del Río",
    "country": "MX",
    "lat": 19.32417,
    "lng": -98.2375
  },
  {
    "name": "Acatepec",
    "country": "MX",
    "lat": 17.32472,
    "lng": -98.90944
  },
  {
    "name": "Acatempa",
    "country": "MX",
    "lat": 17.64333,
    "lng": -99.36639
  },
  {
    "name": "Acachapan y Colmena 3ra. Sección",
    "country": "MX",
    "lat": 18.04858,
    "lng": -92.7775
  },
  {
    "name": "Acatla",
    "country": "MX",
    "lat": 18.74944,
    "lng": -97.21833
  },
  {
    "name": "Acuaco",
    "country": "MX",
    "lat": 19.7625,
    "lng": -97.56444
  },
  {
    "name": "Actipan",
    "country": "MX",
    "lat": 18.93689,
    "lng": -97.90252
  },
  {
    "name": "Achalla",
    "country": "NG",
    "lat": 6.33465,
    "lng": 6.98863
  },
  {
    "name": "Acoyapa",
    "country": "NI",
    "lat": 11.97028,
    "lng": -85.17113
  },
  {
    "name": "Achuapa",
    "country": "NI",
    "lat": 13.0537,
    "lng": -86.59004
  },
  {
    "name": "Achhām",
    "country": "NP",
    "lat": 29.05,
    "lng": 81.3
  },
  {
    "name": "Acacia Bay",
    "country": "NZ",
    "lat": -38.70293,
    "lng": 176.03085
  },
  {
    "name": "Achutupo",
    "country": "PA",
    "lat": 9.19827,
    "lng": -77.98729
  },
  {
    "name": "Achiote",
    "country": "PA",
    "lat": 9.22237,
    "lng": -80.01889
  },
  {
    "name": "Aczo",
    "country": "PE",
    "lat": -9.15193,
    "lng": -76.98925
  },
  {
    "name": "Acopampa",
    "country": "PE",
    "lat": -9.29442,
    "lng": -77.62574
  },
  {
    "name": "Acomayo",
    "country": "PE",
    "lat": -9.80105,
    "lng": -76.07194
  },
  {
    "name": "Aco",
    "country": "PE",
    "lat": -8.52312,
    "lng": -77.87758
  },
  {
    "name": "Acosvinchos",
    "country": "PE",
    "lat": -13.11256,
    "lng": -74.09983
  },
  {
    "name": "Acostambo",
    "country": "PE",
    "lat": -12.36525,
    "lng": -75.05479
  },
  {
    "name": "Acos",
    "country": "PE",
    "lat": -13.95064,
    "lng": -71.73857
  },
  {
    "name": "Acos",
    "country": "PE",
    "lat": -11.27406,
    "lng": -76.82061
  },
  {
    "name": "Acoria",
    "country": "PE",
    "lat": -12.6429,
    "lng": -74.86164
  },
  {
    "name": "Acora",
    "country": "PE",
    "lat": -15.9739,
    "lng": -69.79742
  },
  {
    "name": "Acopía",
    "country": "PE",
    "lat": -14.05793,
    "lng": -71.49307
  },
  {
    "name": "Acomayo",
    "country": "PE",
    "lat": -13.91667,
    "lng": -71.68111
  },
  {
    "name": "Acolla",
    "country": "PE",
    "lat": -11.73193,
    "lng": -75.54634
  },
  {
    "name": "Acocro",
    "country": "PE",
    "lat": -13.21912,
    "lng": -74.04198
  },
  {
    "name": "Acobambilla",
    "country": "PE",
    "lat": -12.66426,
    "lng": -75.3243
  },
  {
    "name": "Acobamba",
    "country": "PE",
    "lat": -12.86667,
    "lng": -74.56667
  },
  {
    "name": "Acobamba",
    "country": "PE",
    "lat": -11.35252,
    "lng": -75.66211
  },
  {
    "name": "Accocunca",
    "country": "PE",
    "lat": -14.7779,
    "lng": -71.25147
  },
  {
    "name": "Aco",
    "country": "PE",
    "lat": -11.95707,
    "lng": -75.36996
  },
  {
    "name": "Aco",
    "country": "PE",
    "lat": -10.49718,
    "lng": -77.24149
  },
  {
    "name": "Achoma",
    "country": "PE",
    "lat": -15.66083,
    "lng": -71.70083
  },
  {
    "name": "Achaya",
    "country": "PE",
    "lat": -15.28521,
    "lng": -70.16145
  },
  {
    "name": "Achanizo",
    "country": "PE",
    "lat": -15.80509,
    "lng": -73.96673
  },
  {
    "name": "Accomarca",
    "country": "PE",
    "lat": -13.80091,
    "lng": -73.9041
  },
  {
    "name": "Accha",
    "country": "PE",
    "lat": -13.97125,
    "lng": -71.83155
  },
  {
    "name": "Acas",
    "country": "PE",
    "lat": -10.45778,
    "lng": -77.32729
  },
  {
    "name": "Acarí",
    "country": "PE",
    "lat": -15.42393,
    "lng": -74.61361
  },
  {
    "name": "Aco",
    "country": "PE",
    "lat": -9.36801,
    "lng": -77.56457
  },
  {
    "name": "Acobamba",
    "country": "PE",
    "lat": -8.32617,
    "lng": -77.5817
  },
  {
    "name": "Acochaca",
    "country": "PE",
    "lat": -9.11483,
    "lng": -77.36809
  },
  {
    "name": "Acraquia",
    "country": "PE",
    "lat": -12.40687,
    "lng": -74.90139
  },
  {
    "name": "Acli",
    "country": "PH",
    "lat": 15.12279,
    "lng": 120.6447
  },
  {
    "name": "Accusilian",
    "country": "PH",
    "lat": 17.74791,
    "lng": 121.46254
  },
  {
    "name": "Acao",
    "country": "PH",
    "lat": 16.52556,
    "lng": 120.37639
  },
  {
    "name": "Aceitunas",
    "country": "PR",
    "lat": 18.44328,
    "lng": -67.0649
  },
  {
    "name": "Acahay",
    "country": "PY",
    "lat": -25.91409,
    "lng": -57.11329
  },
  {
    "name": "Acriș",
    "country": "RO",
    "lat": 45.63673,
    "lng": 25.99247
  },
  {
    "name": "Acâş",
    "country": "RO",
    "lat": 47.53333,
    "lng": 22.78333
  },
  {
    "name": "Acăţari",
    "country": "RO",
    "lat": 46.47975,
    "lng": 24.63324
  },
  {
    "name": "Achkhoy-Martan",
    "country": "RU",
    "lat": 43.19219,
    "lng": 45.28345
  },
  {
    "name": "Achit",
    "country": "RU",
    "lat": 56.80049,
    "lng": 57.90152
  },
  {
    "name": "Achisu",
    "country": "RU",
    "lat": 42.65197,
    "lng": 47.68282
  },
  {
    "name": "Achikulak",
    "country": "RU",
    "lat": 44.55167,
    "lng": 44.83778
  },
  {
    "name": "Achinsk",
    "country": "RU",
    "lat": 56.26792,
    "lng": 90.50145
  },
  {
    "name": "Acquaviva",
    "country": "SM",
    "lat": 43.94593,
    "lng": 12.4185
  },
  {
    "name": "Acajutla",
    "country": "SV",
    "lat": 13.59278,
    "lng": -89.8275
  },
  {
    "name": "Acırlı",
    "country": "TR",
    "lat": 37.45619,
    "lng": 41.29509
  },
  {
    "name": "Acıpınar",
    "country": "TR",
    "lat": 38.52671,
    "lng": 33.85225
  },
  {
    "name": "Acıpayam",
    "country": "TR",
    "lat": 37.42385,
    "lng": 29.34941
  },
  {
    "name": "Acıgöl",
    "country": "TR",
    "lat": 38.55028,
    "lng": 34.50917
  },
  {
    "name": "Acarlar",
    "country": "TR",
    "lat": 37.82444,
    "lng": 27.74667
  },
  {
    "name": "Acworth",
    "country": "US",
    "lat": 34.06635,
    "lng": -84.67837
  },
  {
    "name": "Accokeek",
    "country": "US",
    "lat": 38.66762,
    "lng": -77.02831
  },
  {
    "name": "Ackerman",
    "country": "US",
    "lat": 33.31012,
    "lng": -89.17284
  },
  {
    "name": "Accomac",
    "country": "US",
    "lat": 37.71957,
    "lng": -75.66548
  },
  {
    "name": "Ackley",
    "country": "US",
    "lat": 42.55415,
    "lng": -93.05326
  },
  {
    "name": "Acton",
    "country": "US",
    "lat": 42.48509,
    "lng": -71.43284
  },
  {
    "name": "Acushnet",
    "country": "US",
    "lat": 41.68066,
    "lng": -70.90782
  },
  {
    "name": "Acton",
    "country": "US",
    "lat": 43.53425,
    "lng": -70.90978
  },
  {
    "name": "Academy Garden",
    "country": "US",
    "lat": 40.06178,
    "lng": -74.99628
  },
  {
    "name": "Acme",
    "country": "US",
    "lat": 40.12674,
    "lng": -79.42865
  },
  {
    "name": "Acton",
    "country": "US",
    "lat": 34.46999,
    "lng": -118.19674
  },
  {
    "name": "Acres Green",
    "country": "US",
    "lat": 39.55666,
    "lng": -104.89609
  },
  {
    "name": "Acushnet Center",
    "country": "US",
    "lat": 41.68508,
    "lng": -70.90642
  },
  {
    "name": "Acalanes Ridge",
    "country": "US",
    "lat": 37.90472,
    "lng": -122.07857
  },
  {
    "name": "Aceguá",
    "country": "UY",
    "lat": -31.87178,
    "lng": -54.16351
  },
  {
    "name": "Achaguas",
    "country": "VE",
    "lat": 7.77917,
    "lng": -68.22373
  },
  {
    "name": "Acarigua",
    "country": "VE",
    "lat": 9.55451,
    "lng": -69.19564
  },
  {
    "name": "Acoua",
    "country": "YT",
    "lat": -12.72391,
    "lng": 45.05819
  },
  {
    "name": "Acornhoek",
    "country": "ZA",
    "lat": -24.5878,
    "lng": 31.09467
  }
]