[
  {
    "name": "Aflenz Kurort",
    "country": "AT",
    "lat": 47.54211,
    "lng": 15.23898
  },
  {
    "name": "Afiesl",
    "country": "AT",
    "lat": 48.58229,
    "lng": 14.12777
  },
  {
    "name": "Afuá",
    "country": "BR",
    "lat": -0.15667,
    "lng": -50.38667
  },
  {
    "name": "Afrânio",
    "country": "BR",
    "lat": -8.515,
    "lng": -41.005
  },
  {
    "name": "Afonso Bezerra",
    "country": "BR",
    "lat": -5.49833,
    "lng": -36.50556
  },
  {
    "name": "Afogados da Ingazeira",
    "country": "BR",
    "lat": -7.75083,
    "lng": -37.63917
  },
  {
    "name": "Afonso Cláudio",
    "country": "BR",
    "lat": -20.07417,
    "lng": -41.12389
  },
  {
    "name": "Afonso Cunha",
    "country": "BR",
    "lat": -4.13278,
    "lng": -43.32417
  },
  {
    "name": "Affoltern am Albis",
    "country": "CH",
    "lat": 47.27743,
    "lng": 8.45128
  },
  {
    "name": "Affeltrangen",
    "country": "CH",
    "lat": 47.52581,
    "lng": 9.03307
  },
  {
    "name": "Affoltern / Hasenbüel",
    "country": "CH",
    "lat": 47.27324,
    "lng": 8.45218
  },
  {
    "name": "Affoltern / Oberdorf",
    "country": "CH",
    "lat": 47.27852,
    "lng": 8.45651
  },
  {
    "name": "Affoltern / Unterdorf",
    "country": "CH",
    "lat": 47.28277,
    "lng": 8.45409
  },
  {
    "name": "Affoltern / Sonnenberg",
    "country": "CH",
    "lat": 47.28055,
    "lng": 8.46008
  },
  {
    "name": "Affery",
    "country": "CI",
    "lat": 6.32035,
    "lng": -3.95235
  },
  {
    "name": "Afoumvassou",
    "country": "CI",
    "lat": 7.86344,
    "lng": -4.96409
  },
  {
    "name": "Afotobo",
    "country": "CI",
    "lat": 7.67025,
    "lng": -5.46342
  },
  {
    "name": "Affiénou",
    "country": "CI",
    "lat": 5.41118,
    "lng": -2.92478
  },
  {
    "name": "Aféré",
    "country": "CI",
    "lat": 6.90283,
    "lng": -4.08374
  },
  {
    "name": "Affalikro",
    "country": "CI",
    "lat": 6.64548,
    "lng": -3.38381
  },
  {
    "name": "Affounvassou",
    "country": "CI",
    "lat": 6.18518,
    "lng": -4.59979
  },
  {
    "name": "Affing",
    "country": "DE",
    "lat": 48.46667,
    "lng": 10.98333
  },
  {
    "name": "Affaltrach",
    "country": "DE",
    "lat": 49.13706,
    "lng": 9.38217
  },
  {
    "name": "Affalterbach",
    "country": "DE",
    "lat": 48.92267,
    "lng": 9.32362
  },
  {
    "name": "Aflou",
    "country": "DZ",
    "lat": 34.11279,
    "lng": 2.10228
  },
  {
    "name": "Afa",
    "country": "FR",
    "lat": 41.98396,
    "lng": 8.79833
  },
  {
    "name": "Aflao",
    "country": "GH",
    "lat": 6.11982,
    "lng": 1.19012
  },
  {
    "name": "Afrátion",
    "country": "GR",
    "lat": 38.45212,
    "lng": 23.68775
  },
  {
    "name": "Afidnés",
    "country": "GR",
    "lat": 38.20332,
    "lng": 23.83982
  },
  {
    "name": "Afántou",
    "country": "GR",
    "lat": 36.29354,
    "lng": 28.16225
  },
  {
    "name": "Afula",
    "country": "IL",
    "lat": 32.60907,
    "lng": 35.2892
  },
  {
    "name": "Afiqim",
    "country": "IL",
    "lat": 32.68046,
    "lng": 35.57776
  },
  {
    "name": "Afzalpur",
    "country": "IN",
    "lat": 17.19986,
    "lng": 76.36018
  },
  {
    "name": "Afzalgarh",
    "country": "IN",
    "lat": 29.3937,
    "lng": 78.67393
  },
  {
    "name": "Africo Vecchio",
    "country": "IT",
    "lat": 38.06667,
    "lng": 15.98333
  },
  {
    "name": "Afragola",
    "country": "IT",
    "lat": 40.92298,
    "lng": 14.30935
  },
  {
    "name": "Affile",
    "country": "IT",
    "lat": 41.88435,
    "lng": 13.09853
  },
  {
    "name": "Affi",
    "country": "IT",
    "lat": 45.55297,
    "lng": 10.7864
  },
  {
    "name": "Africo Nuovo",
    "country": "IT",
    "lat": 38.05067,
    "lng": 16.1332
  },
  {
    "name": "Afourer",
    "country": "MA",
    "lat": 32.20721,
    "lng": -6.53824
  },
  {
    "name": "Afor-Oru",
    "country": "NG",
    "lat": 5.5411,
    "lng": 7.26845
  },
  {
    "name": "Afaha Ikot Ebak",
    "country": "NG",
    "lat": 5.12504,
    "lng": 7.65716
  },
  {
    "name": "Afuze",
    "country": "NG",
    "lat": 6.96945,
    "lng": 6.04254
  },
  {
    "name": "Afon",
    "country": "NG",
    "lat": 8.31313,
    "lng": 4.52738
  },
  {
    "name": "Afikpo",
    "country": "NG",
    "lat": 5.89258,
    "lng": 7.93534
  },
  {
    "name": "Afam",
    "country": "NG",
    "lat": 4.79004,
    "lng": 7.31187
  },
  {
    "name": "Afaha Offiong",
    "country": "NG",
    "lat": 4.86226,
    "lng": 7.90626
  },
  {
    "name": "Afferden",
    "country": "NL",
    "lat": 51.88,
    "lng": 5.63472
  },
  {
    "name": "Afareaitu",
    "country": "PF",
    "lat": -17.55,
    "lng": -149.78333
  },
  {
    "name": "Afaahiti",
    "country": "PF",
    "lat": -17.74395,
    "lng": -149.32444
  },
  {
    "name": "Afusing Centro",
    "country": "PH",
    "lat": 17.8526,
    "lng": 121.6269
  },
  {
    "name": "Afurada de Baixo",
    "country": "PT",
    "lat": 41.14389,
    "lng": -8.64639
  },
  {
    "name": "Afumaţi",
    "country": "RO",
    "lat": 44.51667,
    "lng": 26.26667
  },
  {
    "name": "Afumaţi",
    "country": "RO",
    "lat": 44.0,
    "lng": 23.46667
  },
  {
    "name": "Afrikanda",
    "country": "RU",
    "lat": 67.44289,
    "lng": 32.78279
  },
  {
    "name": "Afonino",
    "country": "RU",
    "lat": 56.26201,
    "lng": 44.09503
  },
  {
    "name": "Afipskiy",
    "country": "RU",
    "lat": 44.90005,
    "lng": 38.84265
  },
  {
    "name": "Afanas’yevo",
    "country": "RU",
    "lat": 58.86548,
    "lng": 53.25804
  },
  {
    "name": "Afanas’yeva",
    "country": "RU",
    "lat": 54.63958,
    "lng": 100.61755
  },
  {
    "name": "Afif",
    "country": "SA",
    "lat": 23.9065,
    "lng": 42.91724
  },
  {
    "name": "Afgooye",
    "country": "SO",
    "lat": 2.1381,
    "lng": 45.1212
  },
  {
    "name": "Afis",
    "country": "SY",
    "lat": 35.9069,
    "lng": 36.80419
  },
  {
    "name": "Afanyangan",
    "country": "TG",
    "lat": 6.48333,
    "lng": 1.65
  },
  {
    "name": "Afyonkarahisar",
    "country": "TR",
    "lat": 38.75667,
    "lng": 30.54333
  },
  {
    "name": "Afşin",
    "country": "TR",
    "lat": 38.24769,
    "lng": 36.91399
  },
  {
    "name": "Affton",
    "country": "US",
    "lat": 38.55061,
    "lng": -90.33317
  },
  {
    "name": "Afton",
    "country": "US",
    "lat": 36.69369,
    "lng": -94.96302
  },
  {
    "name": "Afton",
    "country": "US",
    "lat": 44.90275,
    "lng": -92.78354
  },
  {
    "name": "Afton",
    "country": "US",
    "lat": 42.72493,
    "lng": -110.93187
  },
  {
    "name": "Afega",
    "country": "WS",
    "lat": -13.79726,
    "lng": -171.85308
  }
]