[
  {
    "name": "Aghavnadzor",
    "country": "AM",
    "lat": 39.78197,
    "lng": 45.22708
  },
  {
    "name": "Agarakadzor",
    "country": "AM",
    "lat": 39.73608,
    "lng": 45.35553
  },
  {
    "name": "Agarak",
    "country": "AM",
    "lat": 38.86506,
    "lng": 46.19463
  },
  {
    "name": "Aghavnatun",
    "country": "AM",
    "lat": 40.2333,
    "lng": 44.25295
  },
  {
    "name": "Aghavnadzor",
    "country": "AM",
    "lat": 40.57848,
    "lng": 44.69948
  },
  {
    "name": "Aghdzk",
    "country": "AM",
    "lat": 40.3139,
    "lng": 44.25568
  },
  {
    "name": "Agarak",
    "country": "AM",
    "lat": 41.01072,
    "lng": 44.46845
  },
  {
    "name": "Agarakavan",
    "country": "AM",
    "lat": 40.33069,
    "lng": 44.07233
  },
  {
    "name": "Agarak",
    "country": "AM",
    "lat": 40.30191,
    "lng": 44.27923
  },
  {
    "name": "Aguilares",
    "country": "AR",
    "lat": -27.4315,
    "lng": -65.61465
  },
  {
    "name": "Agua de Oro",
    "country": "AR",
    "lat": -31.06224,
    "lng": -64.30064
  },
  {
    "name": "Aggsbach",
    "country": "AT",
    "lat": 48.29404,
    "lng": 15.40382
  },
  {
    "name": "Agnes Water",
    "country": "AU",
    "lat": -24.2119,
    "lng": 151.9035
  },
  {
    "name": "Aghsu",
    "country": "AZ",
    "lat": 40.57028,
    "lng": 48.40087
  },
  {
    "name": "Aghstafa",
    "country": "AZ",
    "lat": 41.11889,
    "lng": 45.45389
  },
  {
    "name": "Agdzhabedy",
    "country": "AZ",
    "lat": 40.05015,
    "lng": 47.45937
  },
  {
    "name": "Agimont",
    "country": "BE",
    "lat": 50.1659,
    "lng": 4.79579
  },
  {
    "name": "Agoué",
    "country": "BJ",
    "lat": 6.2463,
    "lng": 1.67624
  },
  {
    "name": "Aguiar",
    "country": "BR",
    "lat": -7.09194,
    "lng": -38.17056
  },
  {
    "name": "Agricolândia",
    "country": "BR",
    "lat": -5.79671,
    "lng": -42.66181
  },
  {
    "name": "Agrestina",
    "country": "BR",
    "lat": -8.45806,
    "lng": -35.94472
  },
  {
    "name": "Agudos do Sul",
    "country": "BR",
    "lat": -25.9925,
    "lng": -49.33528
  },
  {
    "name": "Agudos",
    "country": "BR",
    "lat": -22.46917,
    "lng": -48.9875
  },
  {
    "name": "Agudo",
    "country": "BR",
    "lat": -29.64528,
    "lng": -53.24
  },
  {
    "name": "Aguanil",
    "country": "BR",
    "lat": -20.9425,
    "lng": -45.39278
  },
  {
    "name": "Aguaí",
    "country": "BR",
    "lat": -22.05944,
    "lng": -46.97861
  },
  {
    "name": "Agrolândia",
    "country": "BR",
    "lat": -27.41167,
    "lng": -49.82556
  },
  {
    "name": "Agronômica",
    "country": "BR",
    "lat": -27.265,
    "lng": -49.71111
  },
  {
    "name": "Aguiarnópolis",
    "country": "BR",
    "lat": -6.5625,
    "lng": -47.46639
  },
  {
    "name": "Agua Rasa",
    "country": "BR",
    "lat": -23.56684,
    "lng": -46.57188
  },
  {
    "name": "Agassiz",
    "country": "CA",
    "lat": 49.23298,
    "lng": -121.76926
  },
  {
    "name": "Agincourt North",
    "country": "CA",
    "lat": 43.80418,
    "lng": -79.27528
  },
  {
    "name": "Agincourt South-Malvern West",
    "country": "CA",
    "lat": 43.78866,
    "lng": -79.26561
  },
  {
    "name": "Agno",
    "country": "CH",
    "lat": 45.99863,
    "lng": 8.9003
  },
  {
    "name": "Agnéré Koffikro",
    "country": "CI",
    "lat": 6.80507,
    "lng": -4.9193
  },
  {
    "name": "Aguibri",
    "country": "CI",
    "lat": 7.06224,
    "lng": -5.19065
  },
  {
    "name": "Agoua",
    "country": "CI",
    "lat": 6.88063,
    "lng": -4.05587
  },
  {
    "name": "Agnibilékrou",
    "country": "CI",
    "lat": 7.13113,
    "lng": -3.20415
  },
  {
    "name": "Agnianou",
    "country": "CI",
    "lat": 7.6872,
    "lng": -3.75747
  },
  {
    "name": "Agnéby",
    "country": "CI",
    "lat": 5.31564,
    "lng": -4.34565
  },
  {
    "name": "Agboville",
    "country": "CI",
    "lat": 5.92801,
    "lng": -4.21319
  },
  {
    "name": "Agbossou",
    "country": "CI",
    "lat": 6.86144,
    "lng": -4.0816
  },
  {
    "name": "Agbaou",
    "country": "CI",
    "lat": 6.34136,
    "lng": -3.85433
  },
  {
    "name": "Agbao",
    "country": "CI",
    "lat": 7.74586,
    "lng": -5.77814
  },
  {
    "name": "Agbanou",
    "country": "CI",
    "lat": 7.8113,
    "lng": -5.4127
  },
  {
    "name": "Agba-Mbayassou",
    "country": "CI",
    "lat": 7.11518,
    "lng": -4.26818
  },
  {
    "name": "Agbakro",
    "country": "CI",
    "lat": 7.76184,
    "lng": -3.97031
  },
  {
    "name": "Agbakro",
    "country": "CI",
    "lat": 7.73142,
    "lng": -5.18443
  },
  {
    "name": "Agbaillé",
    "country": "CI",
    "lat": 5.30068,
    "lng": -4.51631
  },
  {
    "name": "Agouahin",
    "country": "CI",
    "lat": 5.97646,
    "lng": -4.13091
  },
  {
    "name": "Agou",
    "country": "CI",
    "lat": 5.98289,
    "lng": -3.94393
  },
  {
    "name": "Agninikro",
    "country": "CI",
    "lat": 7.26413,
    "lng": -3.4165
  },
  {
    "name": "Agnia",
    "country": "CI",
    "lat": 6.502,
    "lng": -4.48853
  },
  {
    "name": "Agnikro",
    "country": "CI",
    "lat": 5.71703,
    "lng": -4.88324
  },
  {
    "name": "Agbangnassou",
    "country": "CI",
    "lat": 7.61635,
    "lng": -5.01134
  },
  {
    "name": "Aguazul",
    "country": "CO",
    "lat": 5.17282,
    "lng": -72.54706
  },
  {
    "name": "Agua de Dios",
    "country": "CO",
    "lat": 4.37648,
    "lng": -74.66995
  },
  {
    "name": "Aguadas",
    "country": "CO",
    "lat": 5.61161,
    "lng": -75.45624
  },
  {
    "name": "Aguachica",
    "country": "CO",
    "lat": 8.30844,
    "lng": -73.6166
  },
  {
    "name": "Agrado",
    "country": "CO",
    "lat": 2.25725,
    "lng": -75.77142
  },
  {
    "name": "Agustín Codazzi",
    "country": "CO",
    "lat": 10.03672,
    "lng": -73.23558
  },
  {
    "name": "Aguada",
    "country": "CO",
    "lat": 6.16232,
    "lng": -73.5221
  },
  {
    "name": "Aguada de Pasajeros",
    "country": "CU",
    "lat": 22.3852,
    "lng": -80.84792
  },
  {
    "name": "Aguada de Moya",
    "country": "CU",
    "lat": 22.547,
    "lng": -79.72014
  },
  {
    "name": "Aglantziá",
    "country": "CY",
    "lat": 35.15422,
    "lng": 33.39643
  },
  {
    "name": "Aglasterhausen",
    "country": "DE",
    "lat": 49.35694,
    "lng": 8.98694
  },
  {
    "name": "Agathenburg",
    "country": "DE",
    "lat": 53.56065,
    "lng": 9.5318
  },
  {
    "name": "Agua Santa del Yuna",
    "country": "DO",
    "lat": 19.15072,
    "lng": -69.80069
  },
  {
    "name": "Aghlal",
    "country": "DZ",
    "lat": 35.20111,
    "lng": -1.06958
  },
  {
    "name": "Aguas Negras",
    "country": "EC",
    "lat": -0.13058,
    "lng": -76.29982
  },
  {
    "name": "Aga",
    "country": "EG",
    "lat": 30.94162,
    "lng": 31.29039
  },
  {
    "name": "Agulo",
    "country": "ES",
    "lat": 28.18778,
    "lng": -17.19678
  },
  {
    "name": "Agullent",
    "country": "ES",
    "lat": 38.82273,
    "lng": -0.54833
  },
  {
    "name": "Agüimes",
    "country": "ES",
    "lat": 27.90539,
    "lng": -15.44609
  },
  {
    "name": "Aguilar",
    "country": "ES",
    "lat": 37.51476,
    "lng": -4.65717
  },
  {
    "name": "Agudo",
    "country": "ES",
    "lat": 38.98183,
    "lng": -4.87133
  },
  {
    "name": "Aguadulce",
    "country": "ES",
    "lat": 37.25273,
    "lng": -4.99269
  },
  {
    "name": "Aguadulce",
    "country": "ES",
    "lat": 36.81409,
    "lng": -2.57235
  },
  {
    "name": "Agrón",
    "country": "ES",
    "lat": 37.03023,
    "lng": -3.8287
  },
  {
    "name": "Agres",
    "country": "ES",
    "lat": 38.78333,
    "lng": -0.51667
  },
  {
    "name": "Agost",
    "country": "ES",
    "lat": 38.44003,
    "lng": -0.63836
  },
  {
    "name": "Agaete",
    "country": "ES",
    "lat": 28.10023,
    "lng": -15.69998
  },
  {
    "name": "Agurain / Salvatierra",
    "country": "ES",
    "lat": 42.85162,
    "lng": -2.39123
  },
  {
    "name": "Agullana",
    "country": "ES",
    "lat": 42.39408,
    "lng": 2.84666
  },
  {
    "name": "Aguilón",
    "country": "ES",
    "lat": 41.29467,
    "lng": -1.04634
  },
  {
    "name": "Aguilar de Segarra",
    "country": "ES",
    "lat": 41.74822,
    "lng": 1.62919
  },
  {
    "name": "Aguilar del Río Alhama",
    "country": "ES",
    "lat": 41.96212,
    "lng": -1.9934
  },
  {
    "name": "Aguilar del Alfambra",
    "country": "ES",
    "lat": 40.59027,
    "lng": -0.79589
  },
  {
    "name": "Aguilar de Codés",
    "country": "ES",
    "lat": 42.61249,
    "lng": -2.38987
  },
  {
    "name": "Aguilar de Campos",
    "country": "ES",
    "lat": 41.98375,
    "lng": -5.18117
  },
  {
    "name": "Aguilar de Campoo",
    "country": "ES",
    "lat": 42.79452,
    "lng": -4.25892
  },
  {
    "name": "Aguilar de Bureba",
    "country": "ES",
    "lat": 42.58974,
    "lng": -3.32913
  },
  {
    "name": "Aguilafuente",
    "country": "ES",
    "lat": 41.22667,
    "lng": -4.11185
  },
  {
    "name": "Agüero",
    "country": "ES",
    "lat": 42.35505,
    "lng": -0.79324
  },
  {
    "name": "Aguaviva",
    "country": "ES",
    "lat": 40.82211,
    "lng": -0.19532
  },
  {
    "name": "Aguatón",
    "country": "ES",
    "lat": 40.67158,
    "lng": -1.23475
  },
  {
    "name": "Aguasal",
    "country": "ES",
    "lat": 41.27495,
    "lng": -4.6529
  },
  {
    "name": "Aguarón",
    "country": "ES",
    "lat": 41.33901,
    "lng": -1.27055
  },
  {
    "name": "Agramunt",
    "country": "ES",
    "lat": 41.78686,
    "lng": 1.09683
  },
  {
    "name": "Agoncillo",
    "country": "ES",
    "lat": 42.44667,
    "lng": -2.2898
  },
  {
    "name": "Agón",
    "country": "ES",
    "lat": 41.85574,
    "lng": -1.45233
  },
  {
    "name": "Agallas",
    "country": "ES",
    "lat": 40.44867,
    "lng": -6.44176
  },
  {
    "name": "Agon-Coutainville",
    "country": "FR",
    "lat": 49.04167,
    "lng": -1.575
  },
  {
    "name": "Agonac",
    "country": "FR",
    "lat": 45.29256,
    "lng": 0.74968
  },
  {
    "name": "Agny",
    "country": "FR",
    "lat": 50.25914,
    "lng": 2.76002
  },
  {
    "name": "Agnetz",
    "country": "FR",
    "lat": 49.38118,
    "lng": 2.38621
  },
  {
    "name": "Agneaux",
    "country": "FR",
    "lat": 49.11905,
    "lng": -1.1061
  },
  {
    "name": "Agen",
    "country": "FR",
    "lat": 44.20199,
    "lng": 0.62055
  },
  {
    "name": "Agde",
    "country": "FR",
    "lat": 43.31083,
    "lng": 3.47583
  },
  {
    "name": "Aghaiani",
    "country": "GE",
    "lat": 41.91438,
    "lng": 44.54318
  },
  {
    "name": "Agara",
    "country": "GE",
    "lat": 42.03761,
    "lng": 43.82382
  },
  {
    "name": "Agogo",
    "country": "GH",
    "lat": 6.80004,
    "lng": -1.08193
  },
  {
    "name": "Agía Triáda",
    "country": "GR",
    "lat": 39.46361,
    "lng": 21.89848
  },
  {
    "name": "Agios Kirykos",
    "country": "GR",
    "lat": 37.61472,
    "lng": 26.29444
  },
  {
    "name": "Agios Dimitrios",
    "country": "GR",
    "lat": 37.93333,
    "lng": 23.73333
  },
  {
    "name": "Agía Varvára",
    "country": "GR",
    "lat": 37.98938,
    "lng": 23.66011
  },
  {
    "name": "Agía Varvára",
    "country": "GR",
    "lat": 35.13715,
    "lng": 25.00131
  },
  {
    "name": "Agía Triáda",
    "country": "GR",
    "lat": 38.35505,
    "lng": 22.90881
  },
  {
    "name": "Agiásos",
    "country": "GR",
    "lat": 39.08295,
    "lng": 26.37218
  },
  {
    "name": "Agía Paraskeví",
    "country": "GR",
    "lat": 39.24792,
    "lng": 26.27178
  },
  {
    "name": "Agía Paraskeví",
    "country": "GR",
    "lat": 38.01667,
    "lng": 23.83333
  },
  {
    "name": "Agía Marína",
    "country": "GR",
    "lat": 37.1543,
    "lng": 26.85162
  },
  {
    "name": "Agía Marína",
    "country": "GR",
    "lat": 35.51778,
    "lng": 23.92675
  },
  {
    "name": "Agía Galíni",
    "country": "GR",
    "lat": 35.09707,
    "lng": 24.68818
  },
  {
    "name": "Agiá",
    "country": "GR",
    "lat": 39.71901,
    "lng": 22.75869
  },
  {
    "name": "Agrínio",
    "country": "GR",
    "lat": 38.62139,
    "lng": 21.40778
  },
  {
    "name": "Agriá",
    "country": "GR",
    "lat": 39.34078,
    "lng": 23.01258
  },
  {
    "name": "Agnanteró",
    "country": "GR",
    "lat": 39.48586,
    "lng": 21.84789
  },
  {
    "name": "Agía Triáda",
    "country": "GR",
    "lat": 40.50003,
    "lng": 22.87351
  },
  {
    "name": "Agía Paraskeví",
    "country": "GR",
    "lat": 40.4815,
    "lng": 23.04863
  },
  {
    "name": "Agkathiá",
    "country": "GR",
    "lat": 40.55535,
    "lng": 22.47083
  },
  {
    "name": "Agios Georgis",
    "country": "GR",
    "lat": 39.72363,
    "lng": 19.69969
  },
  {
    "name": "Agía Kyriakí",
    "country": "GR",
    "lat": 39.52264,
    "lng": 20.88358
  },
  {
    "name": "Agía Foteiní",
    "country": "GR",
    "lat": 35.25459,
    "lng": 24.63495
  },
  {
    "name": "Agios Ioannis Rentis",
    "country": "GR",
    "lat": 37.96491,
    "lng": 23.66511
  },
  {
    "name": "Aghios Panteleímon",
    "country": "GR",
    "lat": 38.11643,
    "lng": 23.98182
  },
  {
    "name": "Agía Marína",
    "country": "GR",
    "lat": 37.82036,
    "lng": 23.84424
  },
  {
    "name": "Agios Dimítrios Kropiás",
    "country": "GR",
    "lat": 37.80612,
    "lng": 23.85793
  },
  {
    "name": "Aguacatán",
    "country": "GT",
    "lat": 15.34222,
    "lng": -91.31141
  },
  {
    "name": "Agua Blanca",
    "country": "GT",
    "lat": 14.49805,
    "lng": -89.64961
  },
  {
    "name": "Agana Heights Village",
    "country": "GU",
    "lat": 13.46559,
    "lng": 144.74795
  },
  {
    "name": "Agat Village",
    "country": "GU",
    "lat": 13.383,
    "lng": 144.66003
  },
  {
    "name": "Aguas del Padre",
    "country": "HN",
    "lat": 14.58081,
    "lng": -87.87865
  },
  {
    "name": "Agualote",
    "country": "HN",
    "lat": 15.33621,
    "lng": -88.55312
  },
  {
    "name": "Agua Fría",
    "country": "HN",
    "lat": 13.46889,
    "lng": -87.55111
  },
  {
    "name": "Agua Caliente",
    "country": "HN",
    "lat": 14.88333,
    "lng": -88.81667
  },
  {
    "name": "Agua Blanca Sur",
    "country": "HN",
    "lat": 15.25,
    "lng": -87.88333
  },
  {
    "name": "Agua Azul Rancho",
    "country": "HN",
    "lat": 14.9,
    "lng": -87.95
  },
  {
    "name": "Agua Azul",
    "country": "HN",
    "lat": 14.91667,
    "lng": -87.96667
  },
  {
    "name": "Agalteca",
    "country": "HN",
    "lat": 14.45,
    "lng": -87.26667
  },
  {
    "name": "Agats",
    "country": "ID",
    "lat": -5.54505,
    "lng": 138.13522
  },
  {
    "name": "Aghada",
    "country": "IE",
    "lat": 51.83917,
    "lng": -8.21222
  },
  {
    "name": "Agra",
    "country": "IN",
    "lat": 27.18333,
    "lng": 78.01667
  },
  {
    "name": "Agastīswaram",
    "country": "IN",
    "lat": 8.09964,
    "lng": 77.52153
  },
  {
    "name": "Agartala",
    "country": "IN",
    "lat": 23.83605,
    "lng": 91.27939
  },
  {
    "name": "Agar",
    "country": "IN",
    "lat": 23.71177,
    "lng": 76.01571
  },
  {
    "name": "Agaram",
    "country": "IN",
    "lat": 13.11,
    "lng": 80.23333
  },
  {
    "name": "Agrahāra Sāmakkulam",
    "country": "IN",
    "lat": 11.15279,
    "lng": 77.01104
  },
  {
    "name": "Agaram",
    "country": "IN",
    "lat": 10.44325,
    "lng": 77.94848
  },
  {
    "name": "Agatti",
    "country": "IN",
    "lat": 10.83522,
    "lng": 72.18217
  },
  {
    "name": "Agastinuagan",
    "country": "IN",
    "lat": 19.37003,
    "lng": 85.03428
  },
  {
    "name": "Aghajari",
    "country": "IR",
    "lat": 30.7006,
    "lng": 49.8315
  },
  {
    "name": "Agrigento",
    "country": "IT",
    "lat": 37.31065,
    "lng": 13.57661
  },
  {
    "name": "Agnana Calabra",
    "country": "IT",
    "lat": 38.30206,
    "lng": 16.22718
  },
  {
    "name": "Agira",
    "country": "IT",
    "lat": 37.6558,
    "lng": 14.51972
  },
  {
    "name": "Aglientu",
    "country": "IT",
    "lat": 41.07906,
    "lng": 9.11267
  },
  {
    "name": "Agugliaro",
    "country": "IT",
    "lat": 45.3251,
    "lng": 11.58496
  },
  {
    "name": "Agugliano",
    "country": "IT",
    "lat": 43.54368,
    "lng": 13.38574
  },
  {
    "name": "Agropoli",
    "country": "IT",
    "lat": 40.34923,
    "lng": 14.99067
  },
  {
    "name": "Agrate Brianza",
    "country": "IT",
    "lat": 45.57431,
    "lng": 9.34793
  },
  {
    "name": "Agosta",
    "country": "IT",
    "lat": 41.98133,
    "lng": 13.03499
  },
  {
    "name": "Agordo",
    "country": "IT",
    "lat": 46.28201,
    "lng": 12.03608
  },
  {
    "name": "Agnone",
    "country": "IT",
    "lat": 41.81043,
    "lng": 14.37524
  },
  {
    "name": "Agnadello",
    "country": "IT",
    "lat": 45.44516,
    "lng": 9.55408
  },
  {
    "name": "Agna",
    "country": "IT",
    "lat": 45.17051,
    "lng": 11.95625
  },
  {
    "name": "Agliè",
    "country": "IT",
    "lat": 45.368,
    "lng": 7.768
  },
  {
    "name": "Agliana",
    "country": "IT",
    "lat": 43.90246,
    "lng": 11.00531
  },
  {
    "name": "Aggius",
    "country": "IT",
    "lat": 40.92995,
    "lng": 9.06517
  },
  {
    "name": "Agerola",
    "country": "IT",
    "lat": 40.63771,
    "lng": 14.53884
  },
  {
    "name": "Agazzano",
    "country": "IT",
    "lat": 44.94726,
    "lng": 9.51875
  },
  {
    "name": "Agrate Conturbia",
    "country": "IT",
    "lat": 45.67547,
    "lng": 8.55973
  },
  {
    "name": "Agliano Terme",
    "country": "IT",
    "lat": 44.79025,
    "lng": 8.25044
  },
  {
    "name": "Agnosine",
    "country": "IT",
    "lat": 45.64969,
    "lng": 10.35267
  },
  {
    "name": "Agra",
    "country": "IT",
    "lat": 46.03668,
    "lng": 8.76833
  },
  {
    "name": "Agliandroni-Paternella",
    "country": "IT",
    "lat": 38.1328,
    "lng": 13.06884
  },
  {
    "name": "Agrate",
    "country": "IT",
    "lat": 45.6754,
    "lng": 8.56065
  },
  {
    "name": "Agliano",
    "country": "IT",
    "lat": 44.79164,
    "lng": 8.25124
  },
  {
    "name": "Ageo",
    "country": "JP",
    "lat": 35.97145,
    "lng": 139.61382
  },
  {
    "name": "Agematsu",
    "country": "JP",
    "lat": 35.78461,
    "lng": 137.69268
  },
  {
    "name": "Agano",
    "country": "JP",
    "lat": 37.77392,
    "lng": 139.22192
  },
  {
    "name": "Agui",
    "country": "JP",
    "lat": 34.93499,
    "lng": 136.91299
  },
  {
    "name": "Agano",
    "country": "JP",
    "lat": 37.83605,
    "lng": 139.22332
  },
  {
    "name": "Aghbalou N Sardane",
    "country": "MA",
    "lat": 32.67953,
    "lng": -5.29854
  },
  {
    "name": "Aghbala",
    "country": "MA",
    "lat": 32.48076,
    "lng": -5.64295
  },
  {
    "name": "Aguelmous",
    "country": "MA",
    "lat": 33.16139,
    "lng": -5.84626
  },
  {
    "name": "Agouraï",
    "country": "MA",
    "lat": 33.63,
    "lng": -5.58
  },
  {
    "name": "Agdz",
    "country": "MA",
    "lat": 30.69356,
    "lng": -6.44628
  },
  {
    "name": "Agadir Melloul",
    "country": "MA",
    "lat": 30.22492,
    "lng": -7.79601
  },
  {
    "name": "Agadir",
    "country": "MA",
    "lat": 30.42018,
    "lng": -9.59815
  },
  {
    "name": "Aghmat",
    "country": "MA",
    "lat": 31.4225,
    "lng": -7.80111
  },
  {
    "name": "Agrément",
    "country": "MF",
    "lat": 18.07514,
    "lng": -63.07826
  },
  {
    "name": "Agustín de Iturbide",
    "country": "MX",
    "lat": 15.07523,
    "lng": -92.19858
  },
  {
    "name": "Agua Zarca",
    "country": "MX",
    "lat": 21.21809,
    "lng": -99.09656
  },
  {
    "name": "Agualeguas",
    "country": "MX",
    "lat": 26.31362,
    "lng": -99.53728
  },
  {
    "name": "Agua Dulce",
    "country": "MX",
    "lat": 20.36337,
    "lng": -97.29315
  },
  {
    "name": "Agua Dulce",
    "country": "MX",
    "lat": 18.13909,
    "lng": -94.14527
  },
  {
    "name": "Aguacatenango",
    "country": "MX",
    "lat": 16.47388,
    "lng": -92.40875
  },
  {
    "name": "Agua Buena",
    "country": "MX",
    "lat": 21.95791,
    "lng": -99.39416
  },
  {
    "name": "Agua del Espino",
    "country": "MX",
    "lat": 16.59095,
    "lng": -96.80204
  },
  {
    "name": "Agua Blanca Serranía",
    "country": "MX",
    "lat": 17.26781,
    "lng": -91.83564
  },
  {
    "name": "Agua Azul",
    "country": "MX",
    "lat": 16.81432,
    "lng": -91.52391
  },
  {
    "name": "Agrónomos Mexicanos",
    "country": "MX",
    "lat": 16.35,
    "lng": -93.53
  },
  {
    "name": "Agua Zarca",
    "country": "MX",
    "lat": 16.62365,
    "lng": -98.70245
  },
  {
    "name": "Aguilera",
    "country": "MX",
    "lat": 17.81083,
    "lng": -95.015
  },
  {
    "name": "Agua Fría",
    "country": "MX",
    "lat": 21.15561,
    "lng": -99.79783
  },
  {
    "name": "Agua Escondida",
    "country": "MX",
    "lat": 19.97893,
    "lng": -99.57829
  },
  {
    "name": "Aguililla",
    "country": "MX",
    "lat": 18.73742,
    "lng": -102.78934
  },
  {
    "name": "Agua Verde",
    "country": "MX",
    "lat": 22.89222,
    "lng": -105.9736
  },
  {
    "name": "Aguascalientes",
    "country": "MX",
    "lat": 21.88262,
    "lng": -102.2843
  },
  {
    "name": "Agua Prieta",
    "country": "MX",
    "lat": 31.3224,
    "lng": -109.54251
  },
  {
    "name": "Agua Nueva",
    "country": "MX",
    "lat": 25.18768,
    "lng": -101.08838
  },
  {
    "name": "Agua Gorda",
    "country": "MX",
    "lat": 22.10693,
    "lng": -101.92185
  },
  {
    "name": "Agua Caliente Grande (De Gastélum)",
    "country": "MX",
    "lat": 26.53762,
    "lng": -108.34814
  },
  {
    "name": "Agua Caliente",
    "country": "MX",
    "lat": 20.06519,
    "lng": -101.73466
  },
  {
    "name": "Agostitlán",
    "country": "MX",
    "lat": 19.53818,
    "lng": -100.61849
  },
  {
    "name": "Agiabampo Uno",
    "country": "MX",
    "lat": 26.36563,
    "lng": -109.1446
  },
  {
    "name": "Agua Caliente",
    "country": "MX",
    "lat": 19.90011,
    "lng": -100.17186
  },
  {
    "name": "Aguas Blancas",
    "country": "MX",
    "lat": 17.03654,
    "lng": -100.063
  },
  {
    "name": "Agua Azul",
    "country": "MX",
    "lat": 20.60295,
    "lng": -100.2042
  },
  {
    "name": "Agrícola Lázaro Cárdenas",
    "country": "MX",
    "lat": 18.81361,
    "lng": -97.19833
  },
  {
    "name": "Aguas Calientes",
    "country": "MX",
    "lat": 16.8425,
    "lng": -99.64056
  },
  {
    "name": "Agua Zarca",
    "country": "MX",
    "lat": 15.63417,
    "lng": -92.14472
  },
  {
    "name": "Agua Señora",
    "country": "MX",
    "lat": 22.2375,
    "lng": -101.04222
  },
  {
    "name": "Agua Blanca",
    "country": "MX",
    "lat": 19.22056,
    "lng": -99.47056
  },
  {
    "name": "Aguas Buenas",
    "country": "MX",
    "lat": 20.97028,
    "lng": -101.3725
  },
  {
    "name": "Aguié",
    "country": "NE",
    "lat": 13.50601,
    "lng": 7.77863
  },
  {
    "name": "Agadez",
    "country": "NE",
    "lat": 16.97333,
    "lng": 7.99111
  },
  {
    "name": "Agwara",
    "country": "NG",
    "lat": 10.70611,
    "lng": 4.58125
  },
  {
    "name": "Agulu",
    "country": "NG",
    "lat": 6.10045,
    "lng": 7.061
  },
  {
    "name": "Aguata",
    "country": "NG",
    "lat": 6.01634,
    "lng": 7.08782
  },
  {
    "name": "Ago-Are",
    "country": "NG",
    "lat": 8.50498,
    "lng": 3.42125
  },
  {
    "name": "Ago-Amodu",
    "country": "NG",
    "lat": 8.62314,
    "lng": 3.61419
  },
  {
    "name": "Agenebode",
    "country": "NG",
    "lat": 7.10512,
    "lng": 6.69381
  },
  {
    "name": "Agege",
    "country": "NG",
    "lat": 6.61563,
    "lng": 3.33337
  },
  {
    "name": "Agbor",
    "country": "NG",
    "lat": 6.25375,
    "lng": 6.1942
  },
  {
    "name": "Agbani",
    "country": "NG",
    "lat": 6.30669,
    "lng": 7.54862
  },
  {
    "name": "Agbabu",
    "country": "NG",
    "lat": 6.58862,
    "lng": 4.8343
  },
  {
    "name": "Agaie",
    "country": "NG",
    "lat": 9.0085,
    "lng": 6.31821
  },
  {
    "name": "Aguobu-Owa",
    "country": "NG",
    "lat": 6.37229,
    "lng": 7.27178
  },
  {
    "name": "Aguas Blancas",
    "country": "PA",
    "lat": 8.50704,
    "lng": -80.3079
  },
  {
    "name": "Aguadulce",
    "country": "PA",
    "lat": 8.24146,
    "lng": -80.53978
  },
  {
    "name": "Agua de Salud",
    "country": "PA",
    "lat": 8.5,
    "lng": -81.464
  },
  {
    "name": "Agua Buena",
    "country": "PA",
    "lat": 7.83682,
    "lng": -80.39965
  },
  {
    "name": "Agua Fría Número Uno",
    "country": "PA",
    "lat": 8.85957,
    "lng": -78.19776
  },
  {
    "name": "Aguaytía",
    "country": "PE",
    "lat": -9.03778,
    "lng": -75.50906
  },
  {
    "name": "Aguas Verdes",
    "country": "PE",
    "lat": -3.48139,
    "lng": -80.245
  },
  {
    "name": "Agua Blanca",
    "country": "PE",
    "lat": -7.04626,
    "lng": -79.06061
  },
  {
    "name": "Agua Blanca",
    "country": "PE",
    "lat": -6.72343,
    "lng": -76.69643
  },
  {
    "name": "Agallpampa",
    "country": "PE",
    "lat": -7.9855,
    "lng": -78.54827
  },
  {
    "name": "Agcogon",
    "country": "PH",
    "lat": 12.06146,
    "lng": 121.95911
  },
  {
    "name": "Agutaya",
    "country": "PH",
    "lat": 11.148,
    "lng": 120.9417
  },
  {
    "name": "Agusan",
    "country": "PH",
    "lat": 8.49056,
    "lng": 124.73722
  },
  {
    "name": "Agupit",
    "country": "PH",
    "lat": 13.4225,
    "lng": 123.32472
  },
  {
    "name": "Aguisan",
    "country": "PH",
    "lat": 10.1603,
    "lng": 122.8615
  },
  {
    "name": "Aguining",
    "country": "PH",
    "lat": 10.0861,
    "lng": 124.5944
  },
  {
    "name": "Aguilar",
    "country": "PH",
    "lat": 15.8884,
    "lng": 120.2378
  },
  {
    "name": "Aguada",
    "country": "PH",
    "lat": 12.81667,
    "lng": 123.83333
  },
  {
    "name": "Agsungot",
    "country": "PH",
    "lat": 10.43444,
    "lng": 123.90611
  },
  {
    "name": "Agpangi",
    "country": "PH",
    "lat": 10.57716,
    "lng": 123.4232
  },
  {
    "name": "Agos",
    "country": "PH",
    "lat": 13.3434,
    "lng": 123.3983
  },
  {
    "name": "Agoo",
    "country": "PH",
    "lat": 16.3228,
    "lng": 120.3666
  },
  {
    "name": "Agoo",
    "country": "PH",
    "lat": 16.08333,
    "lng": 120.1
  },
  {
    "name": "Agoncillo",
    "country": "PH",
    "lat": 13.93556,
    "lng": 120.93261
  },
  {
    "name": "Agno",
    "country": "PH",
    "lat": 16.1161,
    "lng": 119.7993
  },
  {
    "name": "Aglipay",
    "country": "PH",
    "lat": 16.4889,
    "lng": 121.645
  },
  {
    "name": "Aglayan",
    "country": "PH",
    "lat": 8.055,
    "lng": 125.13417
  },
  {
    "name": "Aglalana",
    "country": "PH",
    "lat": 11.1803,
    "lng": 122.6574
  },
  {
    "name": "Aggugaddah",
    "country": "PH",
    "lat": 17.70016,
    "lng": 121.8025
  },
  {
    "name": "Agdangan",
    "country": "PH",
    "lat": 13.8771,
    "lng": 121.91305
  },
  {
    "name": "Agbannawag",
    "country": "PH",
    "lat": 17.37641,
    "lng": 121.5478
  },
  {
    "name": "Agbannawag",
    "country": "PH",
    "lat": 15.6792,
    "lng": 121.0833
  },
  {
    "name": "Agay",
    "country": "PH",
    "lat": 9.05361,
    "lng": 125.58667
  },
  {
    "name": "Aganan",
    "country": "PH",
    "lat": 10.78333,
    "lng": 122.53333
  },
  {
    "name": "Ag-ambulong",
    "country": "PH",
    "lat": 11.3684,
    "lng": 122.5094
  },
  {
    "name": "Aga",
    "country": "PH",
    "lat": 14.0965,
    "lng": 120.80217
  },
  {
    "name": "Aguada",
    "country": "PR",
    "lat": 18.37939,
    "lng": -67.18824
  },
  {
    "name": "Aguadilla",
    "country": "PR",
    "lat": 18.42745,
    "lng": -67.15407
  },
  {
    "name": "Aguas Buenas",
    "country": "PR",
    "lat": 18.2569,
    "lng": -66.10294
  },
  {
    "name": "Aguas Claras",
    "country": "PR",
    "lat": 18.25273,
    "lng": -65.6535
  },
  {
    "name": "Aguilita",
    "country": "PR",
    "lat": 18.0233,
    "lng": -66.53462
  },
  {
    "name": "Aguiar da Beira",
    "country": "PT",
    "lat": 40.81726,
    "lng": -7.54431
  },
  {
    "name": "Aguçadoura",
    "country": "PT",
    "lat": 41.43116,
    "lng": -8.77844
  },
  {
    "name": "Aguada de Cima",
    "country": "PT",
    "lat": 40.52291,
    "lng": -8.427
  },
  {
    "name": "Agrișu Mare",
    "country": "RO",
    "lat": 46.27243,
    "lng": 21.75558
  },
  {
    "name": "Agriș",
    "country": "RO",
    "lat": 47.88075,
    "lng": 23.0034
  },
  {
    "name": "Agrij",
    "country": "RO",
    "lat": 47.06685,
    "lng": 23.09918
  },
  {
    "name": "Agrieș",
    "country": "RO",
    "lat": 47.40022,
    "lng": 24.13491
  },
  {
    "name": "Agnita",
    "country": "RO",
    "lat": 45.96667,
    "lng": 24.61667
  },
  {
    "name": "Agârbiciu",
    "country": "RO",
    "lat": 46.06764,
    "lng": 24.19386
  },
  {
    "name": "Agighiol",
    "country": "RO",
    "lat": 45.03362,
    "lng": 28.87628
  },
  {
    "name": "Agigea",
    "country": "RO",
    "lat": 44.09258,
    "lng": 28.61079
  },
  {
    "name": "Aghireșu-Fabrici",
    "country": "RO",
    "lat": 46.8669,
    "lng": 23.27129
  },
  {
    "name": "Aghireșu",
    "country": "RO",
    "lat": 46.87209,
    "lng": 23.23773
  },
  {
    "name": "Aghireș",
    "country": "RO",
    "lat": 47.16164,
    "lng": 23.01764
  },
  {
    "name": "Agăş",
    "country": "RO",
    "lat": 46.48333,
    "lng": 26.21667
  },
  {
    "name": "Agapia",
    "country": "RO",
    "lat": 47.16667,
    "lng": 26.28333
  },
  {
    "name": "Agidel’",
    "country": "RU",
    "lat": 55.90867,
    "lng": 53.93437
  },
  {
    "name": "Agvali",
    "country": "RU",
    "lat": 42.53798,
    "lng": 46.12519
  },
  {
    "name": "Agryz",
    "country": "RU",
    "lat": 56.5234,
    "lng": 52.99431
  },
  {
    "name": "Agronom",
    "country": "RU",
    "lat": 45.14021,
    "lng": 39.19484
  },
  {
    "name": "Agoy",
    "country": "RU",
    "lat": 44.1466,
    "lng": 39.0373
  },
  {
    "name": "Ageyevo",
    "country": "RU",
    "lat": 54.15883,
    "lng": 36.46927
  },
  {
    "name": "Agapovka",
    "country": "RU",
    "lat": 53.29712,
    "lng": 59.13401
  },
  {
    "name": "Agalatovo",
    "country": "RU",
    "lat": 60.2195,
    "lng": 30.27388
  },
  {
    "name": "Agirish",
    "country": "RU",
    "lat": 61.92472,
    "lng": 63.02306
  },
  {
    "name": "Aginskoye",
    "country": "RU",
    "lat": 55.25931,
    "lng": 94.91237
  },
  {
    "name": "Aginskoye",
    "country": "RU",
    "lat": 51.10754,
    "lng": 114.54173
  },
  {
    "name": "Agua Porca",
    "country": "ST",
    "lat": 0.33086,
    "lng": 6.71058
  },
  {
    "name": "Aguilares",
    "country": "SV",
    "lat": 13.95722,
    "lng": -89.18972
  },
  {
    "name": "Agou Gadzépé",
    "country": "TG",
    "lat": 6.88333,
    "lng": 0.73333
  },
  {
    "name": "Agareb",
    "country": "TN",
    "lat": 34.74059,
    "lng": 10.52527
  },
  {
    "name": "Agrarnoye",
    "country": "UA",
    "lat": 45.01596,
    "lng": 34.05725
  },
  {
    "name": "Agago",
    "country": "UG",
    "lat": 2.83383,
    "lng": 33.33361
  },
  {
    "name": "Agawam",
    "country": "US",
    "lat": 42.06954,
    "lng": -72.61481
  },
  {
    "name": "Agoura",
    "country": "US",
    "lat": 34.14306,
    "lng": -118.73787
  },
  {
    "name": "Agoura Hills",
    "country": "US",
    "lat": 34.13639,
    "lng": -118.77453
  },
  {
    "name": "Agua Caliente",
    "country": "US",
    "lat": 38.32408,
    "lng": -122.48804
  },
  {
    "name": "Agua Dulce",
    "country": "US",
    "lat": 34.49638,
    "lng": -118.32563
  },
  {
    "name": "Aguanga",
    "country": "US",
    "lat": 33.44281,
    "lng": -116.86502
  },
  {
    "name": "Agua Fria",
    "country": "US",
    "lat": 35.65448,
    "lng": -106.02224
  },
  {
    "name": "Agua Dulce",
    "country": "US",
    "lat": 31.65511,
    "lng": -106.13887
  },
  {
    "name": "Agate Beach",
    "country": "US",
    "lat": 44.67734,
    "lng": -124.06178
  },
  {
    "name": "Aguas Corrientes",
    "country": "UY",
    "lat": -34.52194,
    "lng": -56.39361
  },
  {
    "name": "Aguasay",
    "country": "VE",
    "lat": 9.42489,
    "lng": -63.73077
  },
  {
    "name": "Agua Blanca",
    "country": "VE",
    "lat": 9.66205,
    "lng": -69.10677
  }
]