[
  {
    "name": "Aparan",
    "country": "AM",
    "lat": 40.59297,
    "lng": 44.35945
  },
  {
    "name": "Apaga",
    "country": "AM",
    "lat": 40.09729,
    "lng": 44.25293
  },
  {
    "name": "Apóstoles",
    "country": "AR",
    "lat": -27.91421,
    "lng": -55.75355
  },
  {
    "name": "Apolinario Saravia",
    "country": "AR",
    "lat": -24.43232,
    "lng": -63.9956
  },
  {
    "name": "Apfelberg",
    "country": "AT",
    "lat": 47.2,
    "lng": 14.83333
  },
  {
    "name": "Apetlon",
    "country": "AT",
    "lat": 47.74394,
    "lng": 16.8302
  },
  {
    "name": "Applecross",
    "country": "AU",
    "lat": -32.01667,
    "lng": 115.83333
  },
  {
    "name": "Appin",
    "country": "AU",
    "lat": -34.20347,
    "lng": 150.78644
  },
  {
    "name": "Apollo Bay",
    "country": "AU",
    "lat": -38.7594,
    "lng": 143.67219
  },
  {
    "name": "Appelterre-Eichem",
    "country": "BE",
    "lat": 50.81597,
    "lng": 3.97808
  },
  {
    "name": "Appels",
    "country": "BE",
    "lat": 51.03225,
    "lng": 4.06141
  },
  {
    "name": "Apriltsi",
    "country": "BG",
    "lat": 42.84142,
    "lng": 24.91759
  },
  {
    "name": "Aplahoué",
    "country": "BJ",
    "lat": 6.93333,
    "lng": 1.68333
  },
  {
    "name": "Apuiarés",
    "country": "BR",
    "lat": -3.94889,
    "lng": -39.43167
  },
  {
    "name": "Apodi",
    "country": "BR",
    "lat": -5.66417,
    "lng": -37.79889
  },
  {
    "name": "Aparecida",
    "country": "BR",
    "lat": -6.78444,
    "lng": -38.08667
  },
  {
    "name": "Aparecida do Rio Negro",
    "country": "BR",
    "lat": -9.95167,
    "lng": -47.97222
  },
  {
    "name": "Apucarana",
    "country": "BR",
    "lat": -23.55083,
    "lng": -51.46083
  },
  {
    "name": "Apuarema",
    "country": "BR",
    "lat": -13.85639,
    "lng": -39.74389
  },
  {
    "name": "Aporé",
    "country": "BR",
    "lat": -18.96528,
    "lng": -51.92639
  },
  {
    "name": "Aporá",
    "country": "BR",
    "lat": -11.66028,
    "lng": -38.08139
  },
  {
    "name": "Apiúna",
    "country": "BR",
    "lat": -27.03556,
    "lng": -49.38972
  },
  {
    "name": "Apiaí",
    "country": "BR",
    "lat": -24.50944,
    "lng": -48.8425
  },
  {
    "name": "Apiacá",
    "country": "BR",
    "lat": -21.15361,
    "lng": -41.5675
  },
  {
    "name": "Aperibé",
    "country": "BR",
    "lat": -21.62083,
    "lng": -42.10278
  },
  {
    "name": "Aparecida do Taboado",
    "country": "BR",
    "lat": -20.08667,
    "lng": -51.09361
  },
  {
    "name": "Aparecida d'Oeste",
    "country": "BR",
    "lat": -20.44944,
    "lng": -50.87972
  },
  {
    "name": "Aparecida",
    "country": "BR",
    "lat": -22.84694,
    "lng": -45.22972
  },
  {
    "name": "Aparecida de Goiânia",
    "country": "BR",
    "lat": -16.82333,
    "lng": -49.24389
  },
  {
    "name": "Aparecida do Rio Doce",
    "country": "BR",
    "lat": -18.29889,
    "lng": -51.14528
  },
  {
    "name": "Apiacás",
    "country": "BR",
    "lat": -9.54361,
    "lng": -57.44917
  },
  {
    "name": "Apuí",
    "country": "BR",
    "lat": -7.19722,
    "lng": -59.89139
  },
  {
    "name": "Apicum-Açu",
    "country": "BR",
    "lat": -1.52823,
    "lng": -45.07862
  },
  {
    "name": "Apiacás",
    "country": "BR",
    "lat": -9.5622,
    "lng": -57.39011
  },
  {
    "name": "Applewood Park",
    "country": "CA",
    "lat": 51.04306,
    "lng": -113.925
  },
  {
    "name": "Apples",
    "country": "CH",
    "lat": 46.55237,
    "lng": 6.42889
  },
  {
    "name": "Appenzell",
    "country": "CH",
    "lat": 47.33103,
    "lng": 9.40996
  },
  {
    "name": "Apron-Pronou",
    "country": "CI",
    "lat": 7.00129,
    "lng": -3.36017
  },
  {
    "name": "Apprompron",
    "country": "CI",
    "lat": 6.29219,
    "lng": -3.31526
  },
  {
    "name": "Appouessou",
    "country": "CI",
    "lat": 6.54846,
    "lng": -3.42755
  },
  {
    "name": "Apiadji",
    "country": "CI",
    "lat": 5.94551,
    "lng": -3.83879
  },
  {
    "name": "Aparagra",
    "country": "CI",
    "lat": 6.14106,
    "lng": -5.14555
  },
  {
    "name": "Appouasso",
    "country": "CI",
    "lat": 5.96305,
    "lng": -3.17605
  },
  {
    "name": "Appiakro",
    "country": "CI",
    "lat": 6.32901,
    "lng": -4.53829
  },
  {
    "name": "Appimandoum",
    "country": "CI",
    "lat": 7.89569,
    "lng": -2.87273
  },
  {
    "name": "Apengjiang",
    "country": "CN",
    "lat": 29.15196,
    "lng": 108.74289
  },
  {
    "name": "Apulo",
    "country": "CO",
    "lat": 4.51952,
    "lng": -74.59293
  },
  {
    "name": "Apía",
    "country": "CO",
    "lat": 5.10658,
    "lng": -75.94244
  },
  {
    "name": "Apartadó",
    "country": "CO",
    "lat": 7.88299,
    "lng": -76.62587
  },
  {
    "name": "Appenheim",
    "country": "DE",
    "lat": 49.93,
    "lng": 8.03333
  },
  {
    "name": "Appen",
    "country": "DE",
    "lat": 53.65813,
    "lng": 9.74582
  },
  {
    "name": "Appel",
    "country": "DE",
    "lat": 53.3906,
    "lng": 9.74565
  },
  {
    "name": "Apollensdorf",
    "country": "DE",
    "lat": 51.87634,
    "lng": 12.55012
  },
  {
    "name": "Apolda",
    "country": "DE",
    "lat": 51.02624,
    "lng": 11.51638
  },
  {
    "name": "Aplerbeck",
    "country": "DE",
    "lat": 51.48333,
    "lng": 7.55
  },
  {
    "name": "Apfelstädt",
    "country": "DE",
    "lat": 50.90157,
    "lng": 10.88977
  },
  {
    "name": "Apensen",
    "country": "DE",
    "lat": 53.43832,
    "lng": 9.61737
  },
  {
    "name": "Apen",
    "country": "DE",
    "lat": 53.21667,
    "lng": 7.8
  },
  {
    "name": "Apelern",
    "country": "DE",
    "lat": 52.28979,
    "lng": 9.3358
  },
  {
    "name": "Apfeldorf",
    "country": "DE",
    "lat": 47.9,
    "lng": 10.93333
  },
  {
    "name": "Apostol Santiago",
    "country": "ES",
    "lat": 40.4764,
    "lng": -3.65942
  },
  {
    "name": "Apt",
    "country": "FR",
    "lat": 43.87638,
    "lng": 5.39635
  },
  {
    "name": "Apremont",
    "country": "FR",
    "lat": 46.75009,
    "lng": -1.74082
  },
  {
    "name": "Apprieu",
    "country": "FR",
    "lat": 45.39591,
    "lng": 5.49993
  },
  {
    "name": "Appoigny",
    "country": "FR",
    "lat": 47.87467,
    "lng": 3.52524
  },
  {
    "name": "Appietto",
    "country": "FR",
    "lat": 42.01426,
    "lng": 8.76855
  },
  {
    "name": "Appley Bridge",
    "country": "GB",
    "lat": 53.57781,
    "lng": -2.7209
  },
  {
    "name": "Appleton",
    "country": "GB",
    "lat": 53.3524,
    "lng": -2.57183
  },
  {
    "name": "Appledore",
    "country": "GB",
    "lat": 51.05,
    "lng": -4.2
  },
  {
    "name": "Appleby",
    "country": "GB",
    "lat": 53.62198,
    "lng": -0.56612
  },
  {
    "name": "Appleton Thorn",
    "country": "GB",
    "lat": 53.35045,
    "lng": -2.54488
  },
  {
    "name": "Apsley",
    "country": "GB",
    "lat": 51.73641,
    "lng": -0.4678
  },
  {
    "name": "Appleby-in-Westmorland",
    "country": "GB",
    "lat": 54.57704,
    "lng": -2.48978
  },
  {
    "name": "Apatou",
    "country": "GF",
    "lat": 5.15526,
    "lng": -54.34311
  },
  {
    "name": "Apam",
    "country": "GH",
    "lat": 5.285,
    "lng": -0.746
  },
  {
    "name": "Apotgan",
    "country": "GU",
    "lat": 13.48817,
    "lng": 144.77644
  },
  {
    "name": "Apra Harbor",
    "country": "GU",
    "lat": 13.42827,
    "lng": 144.65252
  },
  {
    "name": "Ap Lei Chau Estate",
    "country": "HK",
    "lat": 22.24473,
    "lng": 114.15052
  },
  {
    "name": "Apátfalva",
    "country": "HU",
    "lat": 46.16667,
    "lng": 20.58333
  },
  {
    "name": "Apagy",
    "country": "HU",
    "lat": 47.96431,
    "lng": 21.93539
  },
  {
    "name": "Apostag",
    "country": "HU",
    "lat": 46.88208,
    "lng": 18.9621
  },
  {
    "name": "Apc",
    "country": "HU",
    "lat": 47.79419,
    "lng": 19.69429
  },
  {
    "name": "Apala",
    "country": "ID",
    "lat": -4.6125,
    "lng": 120.3136
  },
  {
    "name": "Apui",
    "country": "ID",
    "lat": -8.2732,
    "lng": 124.7231
  },
  {
    "name": "Apra",
    "country": "IN",
    "lat": 31.08628,
    "lng": 75.87907
  },
  {
    "name": "Aprigliano",
    "country": "IT",
    "lat": 39.24228,
    "lng": 16.34046
  },
  {
    "name": "Aprilia",
    "country": "IT",
    "lat": 41.59452,
    "lng": 12.65419
  },
  {
    "name": "Apricena",
    "country": "IT",
    "lat": 41.78629,
    "lng": 15.44394
  },
  {
    "name": "Apricale",
    "country": "IT",
    "lat": 43.88033,
    "lng": 7.65993
  },
  {
    "name": "Aprica",
    "country": "IT",
    "lat": 46.1522,
    "lng": 10.14884
  },
  {
    "name": "Appignano del Tronto",
    "country": "IT",
    "lat": 42.89805,
    "lng": 13.6622
  },
  {
    "name": "Appignano",
    "country": "IT",
    "lat": 43.36276,
    "lng": 13.34768
  },
  {
    "name": "Appiano Gentile",
    "country": "IT",
    "lat": 45.73499,
    "lng": 8.98103
  },
  {
    "name": "Apollosa",
    "country": "IT",
    "lat": 41.09156,
    "lng": 14.69625
  },
  {
    "name": "Apiro",
    "country": "IT",
    "lat": 43.3929,
    "lng": 13.13045
  },
  {
    "name": "Apice Vecchio",
    "country": "IT",
    "lat": 41.12012,
    "lng": 14.93104
  },
  {
    "name": "Apecchio",
    "country": "IT",
    "lat": 43.55914,
    "lng": 12.42163
  },
  {
    "name": "Apae",
    "country": "KR",
    "lat": 34.86689,
    "lng": 126.31279
  },
  {
    "name": "Ape",
    "country": "LV",
    "lat": 57.53928,
    "lng": 26.69291
  },
  {
    "name": "Apoala",
    "country": "MX",
    "lat": 17.64845,
    "lng": -97.13608
  },
  {
    "name": "Apetatitlán Antonio Carbajal",
    "country": "MX",
    "lat": 19.33622,
    "lng": -98.17912
  },
  {
    "name": "Apizaco",
    "country": "MX",
    "lat": 19.41333,
    "lng": -98.14358
  },
  {
    "name": "Apipilulco",
    "country": "MX",
    "lat": 18.19104,
    "lng": -99.67205
  },
  {
    "name": "Apazapan",
    "country": "MX",
    "lat": 19.32072,
    "lng": -96.71874
  },
  {
    "name": "Apaxtla de Castrejón",
    "country": "MX",
    "lat": 18.13127,
    "lng": -99.93255
  },
  {
    "name": "Apaxco de Ocampo",
    "country": "MX",
    "lat": 19.97512,
    "lng": -99.17112
  },
  {
    "name": "Apatzingán",
    "country": "MX",
    "lat": 17.60892,
    "lng": -91.0648
  },
  {
    "name": "Apapantilla",
    "country": "MX",
    "lat": 20.40356,
    "lng": -97.84665
  },
  {
    "name": "Apango",
    "country": "MX",
    "lat": 17.74121,
    "lng": -99.32909
  },
  {
    "name": "Apan",
    "country": "MX",
    "lat": 19.71128,
    "lng": -98.45086
  },
  {
    "name": "Apantéopan",
    "country": "MX",
    "lat": 19.3582,
    "lng": -97.19104
  },
  {
    "name": "Apulco",
    "country": "MX",
    "lat": 21.38776,
    "lng": -102.68198
  },
  {
    "name": "Apozol",
    "country": "MX",
    "lat": 21.47044,
    "lng": -103.09016
  },
  {
    "name": "Aporo",
    "country": "MX",
    "lat": 19.67021,
    "lng": -100.41068
  },
  {
    "name": "Apoderado",
    "country": "MX",
    "lat": 22.90795,
    "lng": -105.9237
  },
  {
    "name": "Apo",
    "country": "MX",
    "lat": 19.42722,
    "lng": -102.41126
  },
  {
    "name": "Apatzingán",
    "country": "MX",
    "lat": 19.08864,
    "lng": -102.35704
  },
  {
    "name": "Apaseo el Grande",
    "country": "MX",
    "lat": 20.54495,
    "lng": -100.68462
  },
  {
    "name": "Apaseo el Alto",
    "country": "MX",
    "lat": 20.45798,
    "lng": -100.62081
  },
  {
    "name": "Aputzio de Juárez",
    "country": "MX",
    "lat": 19.34183,
    "lng": -100.34689
  },
  {
    "name": "Apapátaro",
    "country": "MX",
    "lat": 20.46806,
    "lng": -100.36861
  },
  {
    "name": "Apango de Zaragoza",
    "country": "MX",
    "lat": 19.06833,
    "lng": -97.94028
  },
  {
    "name": "Apeo",
    "country": "MX",
    "lat": 19.88722,
    "lng": -100.34194
  },
  {
    "name": "Apatauyan",
    "country": "MX",
    "lat": 19.79911,
    "lng": -97.4444
  },
  {
    "name": "Apas",
    "country": "MX",
    "lat": 16.71066,
    "lng": -92.79335
  },
  {
    "name": "Apalani",
    "country": "MX",
    "lat": 16.85361,
    "lng": -99.58944
  },
  {
    "name": "Apantla",
    "country": "MX",
    "lat": 17.03972,
    "lng": -99.16944
  },
  {
    "name": "Apomu",
    "country": "NG",
    "lat": 7.35156,
    "lng": 4.18335
  },
  {
    "name": "Apapa",
    "country": "NG",
    "lat": 6.4488,
    "lng": 3.35901
  },
  {
    "name": "Apumiri",
    "country": "NG",
    "lat": 5.51398,
    "lng": 7.44758
  },
  {
    "name": "Appingedam",
    "country": "NL",
    "lat": 53.32167,
    "lng": 6.85833
  },
  {
    "name": "Appelscha",
    "country": "NL",
    "lat": 52.95526,
    "lng": 6.35053
  },
  {
    "name": "Apeldoorn",
    "country": "NL",
    "lat": 52.21,
    "lng": 5.96944
  },
  {
    "name": "Apongo",
    "country": "PE",
    "lat": -14.01327,
    "lng": -73.93247
  },
  {
    "name": "Aplao",
    "country": "PE",
    "lat": -16.07583,
    "lng": -72.49389
  },
  {
    "name": "Apata",
    "country": "PE",
    "lat": -11.85461,
    "lng": -75.35344
  },
  {
    "name": "Apurawan",
    "country": "PH",
    "lat": 9.5994,
    "lng": 118.3489
  },
  {
    "name": "Apud",
    "country": "PH",
    "lat": 13.13928,
    "lng": 123.29164
  },
  {
    "name": "Apoya",
    "country": "PH",
    "lat": 9.2207,
    "lng": 122.9053
  },
  {
    "name": "Aplaya",
    "country": "PH",
    "lat": 14.32106,
    "lng": 121.11369
  },
  {
    "name": "Aplaya",
    "country": "PH",
    "lat": 8.60861,
    "lng": 124.76806
  },
  {
    "name": "Apitong",
    "country": "PH",
    "lat": 13.2391,
    "lng": 121.2075
  },
  {
    "name": "Aparri",
    "country": "PH",
    "lat": 18.3566,
    "lng": 121.6406
  },
  {
    "name": "Apalit",
    "country": "PH",
    "lat": 14.95333,
    "lng": 120.77
  },
  {
    "name": "Apad",
    "country": "PH",
    "lat": 13.815,
    "lng": 122.7664
  },
  {
    "name": "Apas",
    "country": "PH",
    "lat": 10.34076,
    "lng": 123.90261
  },
  {
    "name": "Apelação",
    "country": "PT",
    "lat": 38.81387,
    "lng": -9.13225
  },
  {
    "name": "Apúlia e Fão",
    "country": "PT",
    "lat": 41.51194,
    "lng": -8.77288
  },
  {
    "name": "Apúlia",
    "country": "PT",
    "lat": 41.48512,
    "lng": -8.76413
  },
  {
    "name": "Aprozi",
    "country": "RO",
    "lat": 44.26616,
    "lng": 26.50213
  },
  {
    "name": "Apostolache",
    "country": "RO",
    "lat": 45.13333,
    "lng": 26.26667
  },
  {
    "name": "Apoldu de Jos",
    "country": "RO",
    "lat": 45.86667,
    "lng": 23.85
  },
  {
    "name": "Apold",
    "country": "RO",
    "lat": 46.11667,
    "lng": 24.81667
  },
  {
    "name": "Apele Vii",
    "country": "RO",
    "lat": 44.06667,
    "lng": 24.06667
  },
  {
    "name": "Apateu",
    "country": "RO",
    "lat": 46.61667,
    "lng": 21.78333
  },
  {
    "name": "Apaţa",
    "country": "RO",
    "lat": 45.95,
    "lng": 25.51667
  },
  {
    "name": "Apalina",
    "country": "RO",
    "lat": 46.75212,
    "lng": 24.69447
  },
  {
    "name": "Apahida",
    "country": "RO",
    "lat": 46.81667,
    "lng": 23.75
  },
  {
    "name": "Apa Asău",
    "country": "RO",
    "lat": 46.49682,
    "lng": 26.37373
  },
  {
    "name": "Apa",
    "country": "RO",
    "lat": 47.76667,
    "lng": 23.2
  },
  {
    "name": "Apatin",
    "country": "RS",
    "lat": 45.6726,
    "lng": 18.978
  },
  {
    "name": "Apsheronsk",
    "country": "RU",
    "lat": 44.4599,
    "lng": 39.73005
  },
  {
    "name": "Aprelevka",
    "country": "RU",
    "lat": 55.55194,
    "lng": 37.0801
  },
  {
    "name": "Apatity",
    "country": "RU",
    "lat": 67.58267,
    "lng": 33.41339
  },
  {
    "name": "Apastovo",
    "country": "RU",
    "lat": 55.20123,
    "lng": 48.51127
  },
  {
    "name": "Apače",
    "country": "SI",
    "lat": 46.69779,
    "lng": 15.90932
  },
  {
    "name": "Apopa",
    "country": "SV",
    "lat": 13.80722,
    "lng": -89.17917
  },
  {
    "name": "Apastepeque",
    "country": "SV",
    "lat": 13.66667,
    "lng": -88.78333
  },
  {
    "name": "Apostolove",
    "country": "UA",
    "lat": 47.65983,
    "lng": 33.71952
  },
  {
    "name": "Apac",
    "country": "UG",
    "lat": 1.97556,
    "lng": 32.53861
  },
  {
    "name": "Apalachicola",
    "country": "US",
    "lat": 29.726,
    "lng": -84.9856
  },
  {
    "name": "Apollo Beach",
    "country": "US",
    "lat": 27.77308,
    "lng": -82.40759
  },
  {
    "name": "Apopka",
    "country": "US",
    "lat": 28.67617,
    "lng": -81.51186
  },
  {
    "name": "Appling",
    "country": "US",
    "lat": 33.54608,
    "lng": -82.3173
  },
  {
    "name": "Appleton City",
    "country": "US",
    "lat": 38.19058,
    "lng": -94.02939
  },
  {
    "name": "Apex",
    "country": "US",
    "lat": 35.73265,
    "lng": -78.85029
  },
  {
    "name": "Apache",
    "country": "US",
    "lat": 34.89368,
    "lng": -98.36589
  },
  {
    "name": "Apison",
    "country": "US",
    "lat": 35.02396,
    "lng": -85.02384
  },
  {
    "name": "Appalachia",
    "country": "US",
    "lat": 36.90676,
    "lng": -82.78183
  },
  {
    "name": "Apple Mountain Lake",
    "country": "US",
    "lat": 38.92428,
    "lng": -78.10139
  },
  {
    "name": "Appomattox",
    "country": "US",
    "lat": 37.35709,
    "lng": -78.82529
  },
  {
    "name": "Aplington",
    "country": "US",
    "lat": 42.58415,
    "lng": -92.88436
  },
  {
    "name": "Appleton",
    "country": "US",
    "lat": 44.28924,
    "lng": -69.25088
  },
  {
    "name": "Apple Valley",
    "country": "US",
    "lat": 44.73191,
    "lng": -93.21772
  },
  {
    "name": "Appleton",
    "country": "US",
    "lat": 45.19691,
    "lng": -96.01977
  },
  {
    "name": "Apalachin",
    "country": "US",
    "lat": 42.06952,
    "lng": -76.15465
  },
  {
    "name": "Apple Creek",
    "country": "US",
    "lat": 40.75172,
    "lng": -81.8393
  },
  {
    "name": "Apollo",
    "country": "US",
    "lat": 40.58145,
    "lng": -79.56643
  },
  {
    "name": "Appleton",
    "country": "US",
    "lat": 44.26193,
    "lng": -88.41538
  },
  {
    "name": "Apple Valley",
    "country": "US",
    "lat": 34.50083,
    "lng": -117.18588
  },
  {
    "name": "Aptos",
    "country": "US",
    "lat": 36.97717,
    "lng": -121.8994
  },
  {
    "name": "Applewood",
    "country": "US",
    "lat": 39.75778,
    "lng": -105.1625
  },
  {
    "name": "Apache Junction",
    "country": "US",
    "lat": 33.41505,
    "lng": -111.54958
  },
  {
    "name": "Aptos Hills-Larkin Valley",
    "country": "US",
    "lat": 36.96064,
    "lng": -121.83404
  },
  {
    "name": "Apple Valley",
    "country": "US",
    "lat": 40.4389,
    "lng": -82.35391
  },
  {
    "name": "Apia",
    "country": "WS",
    "lat": -13.83333,
    "lng": -171.76666
  },
  {
    "name": "Apel",
    "country": "ZA",
    "lat": -24.41445,
    "lng": 29.74991
  }
]