[
  {
    "name": "Ciudad del Libertador General San Martín",
    "country": "AR",
    "lat": -34.57789,
    "lng": -58.53864
  },
  {
    "name": "Ciervo Petiso",
    "country": "AR",
    "lat": -26.58016,
    "lng": -59.63006
  },
  {
    "name": "Cipolletti",
    "country": "AR",
    "lat": -38.93392,
    "lng": -67.99032
  },
  {
    "name": "Cintra",
    "country": "AR",
    "lat": -32.30636,
    "lng": -62.65168
  },
  {
    "name": "Cinco Saltos",
    "country": "AR",
    "lat": -38.82225,
    "lng": -68.06293
  },
  {
    "name": "City of Cockburn",
    "country": "AU",
    "lat": -32.10261,
    "lng": 115.84422
  },
  {
    "name": "City Beach",
    "country": "AU",
    "lat": -31.9344,
    "lng": 115.76174
  },
  {
    "name": "City of Port Phillip",
    "country": "AU",
    "lat": -37.83382,
    "lng": 144.93834
  },
  {
    "name": "Cim",
    "country": "BA",
    "lat": 43.35401,
    "lng": 17.78045
  },
  {
    "name": "Ciplet",
    "country": "BE",
    "lat": 50.61756,
    "lng": 5.09027
  },
  {
    "name": "Ciney",
    "country": "BE",
    "lat": 50.29449,
    "lng": 5.10015
  },
  {
    "name": "Cinkansé",
    "country": "BF",
    "lat": 11.11857,
    "lng": 0.00993
  },
  {
    "name": "Cibitoke",
    "country": "BI",
    "lat": -2.8869,
    "lng": 29.1248
  },
  {
    "name": "Ciríaco",
    "country": "BR",
    "lat": -28.34361,
    "lng": -51.87639
  },
  {
    "name": "Cipotânea",
    "country": "BR",
    "lat": -20.90528,
    "lng": -43.36556
  },
  {
    "name": "Cipó",
    "country": "BR",
    "lat": -11.09972,
    "lng": -38.51361
  },
  {
    "name": "Cidreira",
    "country": "BR",
    "lat": -30.18111,
    "lng": -50.20556
  },
  {
    "name": "Cidade Gaúcha",
    "country": "BR",
    "lat": -23.38028,
    "lng": -52.94472
  },
  {
    "name": "Cianorte",
    "country": "BR",
    "lat": -23.66333,
    "lng": -52.605
  },
  {
    "name": "Cidelândia",
    "country": "BR",
    "lat": -5.17417,
    "lng": -47.78167
  },
  {
    "name": "Cidade Nova",
    "country": "BR",
    "lat": -22.91164,
    "lng": -43.20049
  },
  {
    "name": "Cidade Dutra",
    "country": "BR",
    "lat": -23.72576,
    "lng": -46.7024
  },
  {
    "name": "Cidade Lider",
    "country": "BR",
    "lat": -23.56202,
    "lng": -46.4913
  },
  {
    "name": "Cidade Ademar",
    "country": "BR",
    "lat": -23.67379,
    "lng": -46.65681
  },
  {
    "name": "Cidade Tiradentes",
    "country": "BR",
    "lat": -23.58481,
    "lng": -46.40084
  },
  {
    "name": "Cidade Ocidental",
    "country": "BR",
    "lat": -16.10971,
    "lng": -47.93261
  },
  {
    "name": "Cikai",
    "country": "CN",
    "lat": 27.76344,
    "lng": 98.71105
  },
  {
    "name": "Cixi",
    "country": "CN",
    "lat": 30.1764,
    "lng": 121.2457
  },
  {
    "name": "Cizhu",
    "country": "CN",
    "lat": 29.9854,
    "lng": 106.73982
  },
  {
    "name": "Cili",
    "country": "CN",
    "lat": 29.42646,
    "lng": 111.13061
  },
  {
    "name": "Ciyun",
    "country": "CN",
    "lat": 29.07541,
    "lng": 106.2056
  },
  {
    "name": "Cizhu",
    "country": "CN",
    "lat": 30.66028,
    "lng": 108.50506
  },
  {
    "name": "Ci Xian",
    "country": "CN",
    "lat": 36.3648,
    "lng": 114.37335
  },
  {
    "name": "Cisneros",
    "country": "CO",
    "lat": 6.53833,
    "lng": -75.08861
  },
  {
    "name": "Circasia",
    "country": "CO",
    "lat": 4.61889,
    "lng": -75.63583
  },
  {
    "name": "Cimitarra",
    "country": "CO",
    "lat": 6.31419,
    "lng": -73.94968
  },
  {
    "name": "Ciénega",
    "country": "CO",
    "lat": 5.40867,
    "lng": -73.29572
  },
  {
    "name": "Ciénaga de Oro",
    "country": "CO",
    "lat": 8.87443,
    "lng": -75.62028
  },
  {
    "name": "Ciénaga",
    "country": "CO",
    "lat": 11.00703,
    "lng": -74.24765
  },
  {
    "name": "Cicuco",
    "country": "CO",
    "lat": 9.27756,
    "lng": -74.64312
  },
  {
    "name": "Ciudad Bolívar",
    "country": "CO",
    "lat": 5.85389,
    "lng": -76.02528
  },
  {
    "name": "Ciro Redondo",
    "country": "CU",
    "lat": 22.01921,
    "lng": -78.70365
  },
  {
    "name": "Cifuentes",
    "country": "CU",
    "lat": 22.6493,
    "lng": -80.04935
  },
  {
    "name": "Cienfuegos",
    "country": "CU",
    "lat": 22.14681,
    "lng": -80.4481
  },
  {
    "name": "Ciego de Ávila",
    "country": "CU",
    "lat": 21.8422,
    "lng": -78.76034
  },
  {
    "name": "Ciudad Camilo Cienfuegos",
    "country": "CU",
    "lat": 23.16076,
    "lng": -82.32798
  },
  {
    "name": "Cidade Velha",
    "country": "CV",
    "lat": 14.91531,
    "lng": -23.60527
  },
  {
    "name": "Ciudad Nueva",
    "country": "DO",
    "lat": 18.46707,
    "lng": -69.89339
  },
  {
    "name": "Ciudad Real",
    "country": "ES",
    "lat": 38.98626,
    "lng": -3.92907
  },
  {
    "name": "Ciruelos",
    "country": "ES",
    "lat": 39.93881,
    "lng": -3.61383
  },
  {
    "name": "Cijuela",
    "country": "ES",
    "lat": 37.198,
    "lng": -3.81174
  },
  {
    "name": "Cieza",
    "country": "ES",
    "lat": 38.23998,
    "lng": -1.41987
  },
  {
    "name": "Ciutadilla",
    "country": "ES",
    "lat": 41.56113,
    "lng": 1.13935
  },
  {
    "name": "Ciudad Rodrigo",
    "country": "ES",
    "lat": 40.6,
    "lng": -6.53333
  },
  {
    "name": "Ciudad Lineal",
    "country": "ES",
    "lat": 40.44505,
    "lng": -3.65132
  },
  {
    "name": "Ciutadella",
    "country": "ES",
    "lat": 40.00112,
    "lng": 3.84144
  },
  {
    "name": "Cistierna",
    "country": "ES",
    "lat": 42.80344,
    "lng": -5.12664
  },
  {
    "name": "Cistérniga",
    "country": "ES",
    "lat": 41.61294,
    "lng": -4.68697
  },
  {
    "name": "Cistella",
    "country": "ES",
    "lat": 42.2687,
    "lng": 2.8478
  },
  {
    "name": "Cisneros",
    "country": "ES",
    "lat": 42.22046,
    "lng": -4.85807
  },
  {
    "name": "Cisla",
    "country": "ES",
    "lat": 40.96662,
    "lng": -5.01405
  },
  {
    "name": "Cirujales del Río",
    "country": "ES",
    "lat": 41.86691,
    "lng": -2.32549
  },
  {
    "name": "Cirueña",
    "country": "ES",
    "lat": 42.41214,
    "lng": -2.89593
  },
  {
    "name": "Ciruelos de Cervera",
    "country": "ES",
    "lat": 41.90562,
    "lng": -3.53015
  },
  {
    "name": "Ciruelas",
    "country": "ES",
    "lat": 40.75021,
    "lng": -3.0858
  },
  {
    "name": "Ciriza",
    "country": "ES",
    "lat": 42.79019,
    "lng": -1.82822
  },
  {
    "name": "Ciria",
    "country": "ES",
    "lat": 41.61831,
    "lng": -1.96578
  },
  {
    "name": "Cirauqui",
    "country": "ES",
    "lat": 42.67596,
    "lng": -1.89115
  },
  {
    "name": "Cirat",
    "country": "ES",
    "lat": 40.05,
    "lng": -0.45
  },
  {
    "name": "Cipérez",
    "country": "ES",
    "lat": 40.9621,
    "lng": -6.26552
  },
  {
    "name": "Cintruénigo",
    "country": "ES",
    "lat": 42.07937,
    "lng": -1.80458
  },
  {
    "name": "Cinctorres",
    "country": "ES",
    "lat": 40.58333,
    "lng": -0.21667
  },
  {
    "name": "Cincovillas",
    "country": "ES",
    "lat": 41.20501,
    "lng": -2.81834
  },
  {
    "name": "Cinco Olivas",
    "country": "ES",
    "lat": 41.33966,
    "lng": -0.37116
  },
  {
    "name": "Cimballa",
    "country": "ES",
    "lat": 41.10118,
    "lng": -1.77352
  },
  {
    "name": "Cimanes del Tejar",
    "country": "ES",
    "lat": 42.61789,
    "lng": -5.80506
  },
  {
    "name": "Cimanes de la Vega",
    "country": "ES",
    "lat": 42.11646,
    "lng": -5.59851
  },
  {
    "name": "Cilleruelo de San Mamés",
    "country": "ES",
    "lat": 41.4322,
    "lng": -3.56614
  },
  {
    "name": "Cilleruelo de Arriba",
    "country": "ES",
    "lat": 41.90487,
    "lng": -3.66102
  },
  {
    "name": "Cilleruelo de Abajo",
    "country": "ES",
    "lat": 41.88405,
    "lng": -3.79723
  },
  {
    "name": "Cilleros de la Bastida",
    "country": "ES",
    "lat": 40.57614,
    "lng": -6.06094
  },
  {
    "name": "Cilleros",
    "country": "ES",
    "lat": 40.11486,
    "lng": -6.79256
  },
  {
    "name": "Cillán",
    "country": "ES",
    "lat": 40.70675,
    "lng": -4.98135
  },
  {
    "name": "Cihuri",
    "country": "ES",
    "lat": 42.56499,
    "lng": -2.92287
  },
  {
    "name": "Cihuela",
    "country": "ES",
    "lat": 41.40721,
    "lng": -1.99989
  },
  {
    "name": "Ciguñuela",
    "country": "ES",
    "lat": 41.64064,
    "lng": -4.85688
  },
  {
    "name": "Cigudosa",
    "country": "ES",
    "lat": 41.93333,
    "lng": -2.05
  },
  {
    "name": "Cigales",
    "country": "ES",
    "lat": 41.7578,
    "lng": -4.69848
  },
  {
    "name": "Cifuentes",
    "country": "ES",
    "lat": 40.78622,
    "lng": -2.62245
  },
  {
    "name": "Ciempozuelos",
    "country": "ES",
    "lat": 40.15913,
    "lng": -3.62103
  },
  {
    "name": "Cidones",
    "country": "ES",
    "lat": 41.81444,
    "lng": -2.63991
  },
  {
    "name": "Cidamón",
    "country": "ES",
    "lat": 42.49518,
    "lng": -2.87834
  },
  {
    "name": "Ciadoncha",
    "country": "ES",
    "lat": 42.15814,
    "lng": -3.93235
  },
  {
    "name": "Ciutat Vella",
    "country": "ES",
    "lat": 41.38022,
    "lng": 2.17319
  },
  {
    "name": "Ciutat Meridiana",
    "country": "ES",
    "lat": 41.46119,
    "lng": 2.17494
  },
  {
    "name": "Ciudad Jardín",
    "country": "ES",
    "lat": 40.4483,
    "lng": -3.673
  },
  {
    "name": "Ciudad Universitaria",
    "country": "ES",
    "lat": 40.45595,
    "lng": -3.73839
  },
  {
    "name": "Ciro",
    "country": "ET",
    "lat": 7.83333,
    "lng": 38.23333
  },
  {
    "name": "Civrieux",
    "country": "FR",
    "lat": 45.92086,
    "lng": 4.88249
  },
  {
    "name": "Civray-de-Touraine",
    "country": "FR",
    "lat": 47.33253,
    "lng": 1.04952
  },
  {
    "name": "Civray",
    "country": "FR",
    "lat": 46.14801,
    "lng": 0.29513
  },
  {
    "name": "Civens",
    "country": "FR",
    "lat": 45.77964,
    "lng": 4.2517
  },
  {
    "name": "Cissé",
    "country": "FR",
    "lat": 46.64599,
    "lng": 0.22833
  },
  {
    "name": "Ciry-le-Noble",
    "country": "FR",
    "lat": 46.60607,
    "lng": 4.29869
  },
  {
    "name": "Cirey-sur-Vezouze",
    "country": "FR",
    "lat": 48.58093,
    "lng": 6.94573
  },
  {
    "name": "Cires-lès-Mello",
    "country": "FR",
    "lat": 49.27242,
    "lng": 2.3584
  },
  {
    "name": "Ciré-d'Aunis",
    "country": "FR",
    "lat": 46.05512,
    "lng": -0.93092
  },
  {
    "name": "Cintré",
    "country": "FR",
    "lat": 48.10569,
    "lng": -1.87153
  },
  {
    "name": "Cintegabelle",
    "country": "FR",
    "lat": 43.31386,
    "lng": 1.53146
  },
  {
    "name": "Cinqueux",
    "country": "FR",
    "lat": 49.31739,
    "lng": 2.52997
  },
  {
    "name": "Cinq-Mars-la-Pile",
    "country": "FR",
    "lat": 47.34638,
    "lng": 0.45873
  },
  {
    "name": "Ciboure",
    "country": "FR",
    "lat": 43.38488,
    "lng": -1.66817
  },
  {
    "name": "Cinq Avenues",
    "country": "FR",
    "lat": 43.30375,
    "lng": 5.39761
  },
  {
    "name": "City of Westminster",
    "country": "GB",
    "lat": 51.4975,
    "lng": -0.1357
  },
  {
    "name": "City of London",
    "country": "GB",
    "lat": 51.51279,
    "lng": -0.09184
  },
  {
    "name": "Cirencester",
    "country": "GB",
    "lat": 51.71927,
    "lng": -1.97145
  },
  {
    "name": "Cinderford",
    "country": "GB",
    "lat": 51.82421,
    "lng": -2.4987
  },
  {
    "name": "Ciudad Vieja",
    "country": "GT",
    "lat": 14.52396,
    "lng": -90.76308
  },
  {
    "name": "Ciudad Tecún Umán",
    "country": "GT",
    "lat": 14.67737,
    "lng": -92.14039
  },
  {
    "name": "City One",
    "country": "HK",
    "lat": 22.38679,
    "lng": 114.20275
  },
  {
    "name": "City Garden",
    "country": "HK",
    "lat": 22.28997,
    "lng": 114.19259
  },
  {
    "name": "Ciudad Choluteca",
    "country": "HN",
    "lat": 13.30569,
    "lng": -87.17882
  },
  {
    "name": "Civljane",
    "country": "HR",
    "lat": 43.95,
    "lng": 16.4
  },
  {
    "name": "Cista Provo",
    "country": "HR",
    "lat": 43.51314,
    "lng": 16.94267
  },
  {
    "name": "Cigánd",
    "country": "HU",
    "lat": 48.25561,
    "lng": 21.89195
  },
  {
    "name": "Cibakháza",
    "country": "HU",
    "lat": 46.95976,
    "lng": 20.19753
  },
  {
    "name": "Cinkota",
    "country": "HU",
    "lat": 47.5219,
    "lng": 19.22975
  },
  {
    "name": "Cibaregbeg",
    "country": "ID",
    "lat": -7.67916,
    "lng": 107.80295
  },
  {
    "name": "Ciwaru",
    "country": "ID",
    "lat": -7.0777,
    "lng": 108.6278
  },
  {
    "name": "Citeureup",
    "country": "ID",
    "lat": -6.48556,
    "lng": 106.88194
  },
  {
    "name": "Cisompet",
    "country": "ID",
    "lat": -7.55179,
    "lng": 107.8103
  },
  {
    "name": "Cisolok",
    "country": "ID",
    "lat": -6.9482,
    "lng": 106.4498
  },
  {
    "name": "Cisewu",
    "country": "ID",
    "lat": -7.3758,
    "lng": 107.4975
  },
  {
    "name": "Cisayong",
    "country": "ID",
    "lat": -7.2575,
    "lng": 108.14947
  },
  {
    "name": "Cisaga",
    "country": "ID",
    "lat": -7.3461,
    "lng": 108.5163
  },
  {
    "name": "Ciruas",
    "country": "ID",
    "lat": -6.125,
    "lng": 106.23278
  },
  {
    "name": "Cirebon",
    "country": "ID",
    "lat": -6.7063,
    "lng": 108.557
  },
  {
    "name": "Ciracap",
    "country": "ID",
    "lat": -7.3312,
    "lng": 106.5215
  },
  {
    "name": "Ciputat",
    "country": "ID",
    "lat": -6.2375,
    "lng": 106.69556
  },
  {
    "name": "Cipatujah",
    "country": "ID",
    "lat": -7.733,
    "lng": 108.0204
  },
  {
    "name": "Cipari",
    "country": "ID",
    "lat": -7.4391,
    "lng": 108.7635
  },
  {
    "name": "Ciomas",
    "country": "ID",
    "lat": -6.2173,
    "lng": 106.044
  },
  {
    "name": "Cimerak",
    "country": "ID",
    "lat": -7.7507,
    "lng": 108.4399
  },
  {
    "name": "Cimaragas",
    "country": "ID",
    "lat": -7.372,
    "lng": 108.4629
  },
  {
    "name": "Cimanggu",
    "country": "ID",
    "lat": -7.3524,
    "lng": 108.8402
  },
  {
    "name": "Cimahi",
    "country": "ID",
    "lat": -6.87222,
    "lng": 107.5425
  },
  {
    "name": "Cileunyi",
    "country": "ID",
    "lat": -6.93889,
    "lng": 107.75278
  },
  {
    "name": "Cileungsir",
    "country": "ID",
    "lat": -6.39472,
    "lng": 106.95917
  },
  {
    "name": "Cilegong",
    "country": "ID",
    "lat": -6.5485,
    "lng": 105.9988
  },
  {
    "name": "Cilegon",
    "country": "ID",
    "lat": -6.0144,
    "lng": 106.0542
  },
  {
    "name": "Cilawu",
    "country": "ID",
    "lat": -7.2779,
    "lng": 107.9203
  },
  {
    "name": "Cilacap",
    "country": "ID",
    "lat": -7.72639,
    "lng": 109.00944
  },
  {
    "name": "Cikoneng",
    "country": "ID",
    "lat": -7.3118,
    "lng": 108.271
  },
  {
    "name": "Cikijing",
    "country": "ID",
    "lat": -7.0163,
    "lng": 108.3665
  },
  {
    "name": "Cikeusik",
    "country": "ID",
    "lat": -6.7282,
    "lng": 105.872
  },
  {
    "name": "Cikelet",
    "country": "ID",
    "lat": -7.6117,
    "lng": 107.6771
  },
  {
    "name": "Cikatomas",
    "country": "ID",
    "lat": -7.6209,
    "lng": 108.2583
  },
  {
    "name": "Cikarang",
    "country": "ID",
    "lat": -6.26111,
    "lng": 107.15278
  },
  {
    "name": "Cikampek",
    "country": "ID",
    "lat": -6.41972,
    "lng": 107.45583
  },
  {
    "name": "Cikalong",
    "country": "ID",
    "lat": -7.7623,
    "lng": 108.1727
  },
  {
    "name": "Cikajang",
    "country": "ID",
    "lat": -7.3578,
    "lng": 107.8086
  },
  {
    "name": "Cijulang",
    "country": "ID",
    "lat": -7.7273,
    "lng": 108.4733
  },
  {
    "name": "Cijeungjing",
    "country": "ID",
    "lat": -7.3323,
    "lng": 108.4145
  },
  {
    "name": "Cihaurbeuti",
    "country": "ID",
    "lat": -7.2234,
    "lng": 108.2011
  },
  {
    "name": "Ciemas",
    "country": "ID",
    "lat": -7.2333,
    "lng": 106.5198
  },
  {
    "name": "Cicurug",
    "country": "ID",
    "lat": -6.78139,
    "lng": 106.7825
  },
  {
    "name": "Cibinong",
    "country": "ID",
    "lat": -6.48167,
    "lng": 106.85417
  },
  {
    "name": "Cibingbin",
    "country": "ID",
    "lat": -7.0611,
    "lng": 108.7619
  },
  {
    "name": "Cibeureum",
    "country": "ID",
    "lat": -7.3552,
    "lng": 108.2693
  },
  {
    "name": "Cibalong",
    "country": "ID",
    "lat": -7.5148,
    "lng": 108.1812
  },
  {
    "name": "Cibaliung",
    "country": "ID",
    "lat": -6.705,
    "lng": 105.716
  },
  {
    "name": "Cianjur",
    "country": "ID",
    "lat": -6.82222,
    "lng": 107.13944
  },
  {
    "name": "Ciamis",
    "country": "ID",
    "lat": -7.3257,
    "lng": 108.3534
  },
  {
    "name": "Ciampea",
    "country": "ID",
    "lat": -6.55472,
    "lng": 106.70083
  },
  {
    "name": "Ciranjang-hilir",
    "country": "ID",
    "lat": -6.82,
    "lng": 107.25722
  },
  {
    "name": "Cikupa",
    "country": "ID",
    "lat": -6.23639,
    "lng": 106.50833
  },
  {
    "name": "Cigeulis",
    "country": "ID",
    "lat": -6.5876,
    "lng": 105.6924
  },
  {
    "name": "Cisiih",
    "country": "ID",
    "lat": -6.90665,
    "lng": 106.19112
  },
  {
    "name": "Ciwaru",
    "country": "ID",
    "lat": -6.93272,
    "lng": 106.24502
  },
  {
    "name": "Cibungur",
    "country": "ID",
    "lat": -7.2913,
    "lng": 107.5324
  },
  {
    "name": "Cibitung",
    "country": "ID",
    "lat": -7.4831,
    "lng": 107.9233
  },
  {
    "name": "Cibongas",
    "country": "ID",
    "lat": -7.6593,
    "lng": 108.2721
  },
  {
    "name": "Ciriri",
    "country": "ID",
    "lat": -7.4087,
    "lng": 108.3595
  },
  {
    "name": "Cibitung",
    "country": "ID",
    "lat": -7.3335,
    "lng": 108.3629
  },
  {
    "name": "Cigugur",
    "country": "ID",
    "lat": -7.6347,
    "lng": 108.4203
  },
  {
    "name": "Cipadung Timur",
    "country": "ID",
    "lat": -7.3594,
    "lng": 108.5414
  },
  {
    "name": "Civita",
    "country": "IT",
    "lat": 39.82804,
    "lng": 16.31337
  },
  {
    "name": "Cittanova",
    "country": "IT",
    "lat": 38.35431,
    "lng": 16.07898
  },
  {
    "name": "Cittadella del Capo",
    "country": "IT",
    "lat": 39.55932,
    "lng": 15.87602
  },
  {
    "name": "Cirò Marina",
    "country": "IT",
    "lat": 39.36876,
    "lng": 17.12477
  },
  {
    "name": "Cirò",
    "country": "IT",
    "lat": 39.38297,
    "lng": 17.06377
  },
  {
    "name": "Cinquefrondi",
    "country": "IT",
    "lat": 38.41618,
    "lng": 16.0842
  },
  {
    "name": "Cinisi",
    "country": "IT",
    "lat": 38.16082,
    "lng": 13.10099
  },
  {
    "name": "Ciminna",
    "country": "IT",
    "lat": 37.89765,
    "lng": 13.55966
  },
  {
    "name": "Ciminà",
    "country": "IT",
    "lat": 38.24618,
    "lng": 16.14023
  },
  {
    "name": "Cicala",
    "country": "IT",
    "lat": 39.02219,
    "lng": 16.4861
  },
  {
    "name": "Ciavolo",
    "country": "IT",
    "lat": 37.77943,
    "lng": 12.53774
  },
  {
    "name": "Cianciana",
    "country": "IT",
    "lat": 37.51896,
    "lng": 13.43349
  },
  {
    "name": "Civitanova Marche",
    "country": "IT",
    "lat": 43.30491,
    "lng": 13.72068
  },
  {
    "name": "Cizzago-Comezzano",
    "country": "IT",
    "lat": 45.4688,
    "lng": 9.95816
  },
  {
    "name": "Cizzago",
    "country": "IT",
    "lat": 45.47128,
    "lng": 9.95006
  },
  {
    "name": "Civitella San Paolo",
    "country": "IT",
    "lat": 42.19935,
    "lng": 12.57455
  },
  {
    "name": "Civitella Roveto",
    "country": "IT",
    "lat": 41.91329,
    "lng": 13.42396
  },
  {
    "name": "Civitella Messer Raimondo",
    "country": "IT",
    "lat": 42.08893,
    "lng": 14.21701
  },
  {
    "name": "Civitella Marittima",
    "country": "IT",
    "lat": 42.99408,
    "lng": 11.28116
  },
  {
    "name": "Civitella in Val di Chiana",
    "country": "IT",
    "lat": 43.41731,
    "lng": 11.7229
  },
  {
    "name": "Civitella di Romagna",
    "country": "IT",
    "lat": 44.00785,
    "lng": 11.94398
  },
  {
    "name": "Civitella del Tronto",
    "country": "IT",
    "lat": 42.77298,
    "lng": 13.67626
  },
  {
    "name": "Civitella d'Agliano",
    "country": "IT",
    "lat": 42.60296,
    "lng": 12.18624
  },
  {
    "name": "Civitella Casanova",
    "country": "IT",
    "lat": 42.36391,
    "lng": 13.88514
  },
  {
    "name": "Civitella Alfedena",
    "country": "IT",
    "lat": 41.76533,
    "lng": 13.94271
  },
  {
    "name": "Civitavecchia",
    "country": "IT",
    "lat": 42.09325,
    "lng": 11.79674
  },
  {
    "name": "Civitaquana",
    "country": "IT",
    "lat": 42.32578,
    "lng": 13.90012
  },
  {
    "name": "Civitanova del Sannio",
    "country": "IT",
    "lat": 41.66829,
    "lng": 14.40285
  },
  {
    "name": "Civitanova Alta",
    "country": "IT",
    "lat": 43.31619,
    "lng": 13.67978
  },
  {
    "name": "Civitaluparella",
    "country": "IT",
    "lat": 41.9449,
    "lng": 14.30135
  },
  {
    "name": "Civita d'Antino",
    "country": "IT",
    "lat": 41.88629,
    "lng": 13.47215
  },
  {
    "name": "Civita Castellana",
    "country": "IT",
    "lat": 42.29304,
    "lng": 12.40885
  },
  {
    "name": "Civitacampomarano",
    "country": "IT",
    "lat": 41.78032,
    "lng": 14.68919
  },
  {
    "name": "Cividate Camuno",
    "country": "IT",
    "lat": 45.94087,
    "lng": 10.2661
  },
  {
    "name": "Cividate al Piano",
    "country": "IT",
    "lat": 45.55465,
    "lng": 9.83024
  },
  {
    "name": "Cividale del Friuli",
    "country": "IT",
    "lat": 46.09019,
    "lng": 13.42861
  },
  {
    "name": "Civezzano",
    "country": "IT",
    "lat": 46.09133,
    "lng": 11.18468
  },
  {
    "name": "Civezza",
    "country": "IT",
    "lat": 43.87982,
    "lng": 7.95165
  },
  {
    "name": "Cittiglio",
    "country": "IT",
    "lat": 45.89587,
    "lng": 8.66551
  },
  {
    "name": "Città Sant'Angelo",
    "country": "IT",
    "lat": 42.51254,
    "lng": 14.06203
  },
  {
    "name": "Cittareale",
    "country": "IT",
    "lat": 42.61624,
    "lng": 13.15788
  },
  {
    "name": "Cittaducale",
    "country": "IT",
    "lat": 42.38664,
    "lng": 12.95497
  },
  {
    "name": "Città di Castello",
    "country": "IT",
    "lat": 43.46556,
    "lng": 12.2375
  },
  {
    "name": "Città della Pieve",
    "country": "IT",
    "lat": 42.95934,
    "lng": 12.00696
  },
  {
    "name": "Cittadella",
    "country": "IT",
    "lat": 45.64523,
    "lng": 11.78453
  },
  {
    "name": "Citerna",
    "country": "IT",
    "lat": 43.49882,
    "lng": 12.11376
  },
  {
    "name": "Cisternino",
    "country": "IT",
    "lat": 40.74326,
    "lng": 17.42587
  },
  {
    "name": "Cisterna di Latina",
    "country": "IT",
    "lat": 41.5908,
    "lng": 12.82808
  },
  {
    "name": "Cisterna d'Asti",
    "country": "IT",
    "lat": 44.82525,
    "lng": 8.00076
  },
  {
    "name": "Cison di Valmarino",
    "country": "IT",
    "lat": 45.96694,
    "lng": 12.14267
  },
  {
    "name": "Cismon del Grappa",
    "country": "IT",
    "lat": 45.92026,
    "lng": 11.72816
  },
  {
    "name": "Cisliano",
    "country": "IT",
    "lat": 45.44371,
    "lng": 8.98695
  },
  {
    "name": "Cislago",
    "country": "IT",
    "lat": 45.65928,
    "lng": 8.97272
  },
  {
    "name": "Ciserano",
    "country": "IT",
    "lat": 45.58792,
    "lng": 9.60115
  },
  {
    "name": "Cisano",
    "country": "IT",
    "lat": 44.08565,
    "lng": 8.14829
  },
  {
    "name": "Cisano Bergamasco",
    "country": "IT",
    "lat": 45.742,
    "lng": 9.47146
  },
  {
    "name": "Cirimido",
    "country": "IT",
    "lat": 45.69978,
    "lng": 9.01254
  },
  {
    "name": "Cirigliano",
    "country": "IT",
    "lat": 40.39376,
    "lng": 16.17194
  },
  {
    "name": "Ciriè",
    "country": "IT",
    "lat": 45.23486,
    "lng": 7.60125
  },
  {
    "name": "Circello",
    "country": "IT",
    "lat": 41.35455,
    "lng": 14.8091
  },
  {
    "name": "Cipressa",
    "country": "IT",
    "lat": 43.85205,
    "lng": 7.93144
  },
  {
    "name": "Ciorlano",
    "country": "IT",
    "lat": 41.45022,
    "lng": 14.15832
  },
  {
    "name": "Cinzano",
    "country": "IT",
    "lat": 45.09528,
    "lng": 7.92427
  },
  {
    "name": "Cinto Caomaggiore",
    "country": "IT",
    "lat": 45.82758,
    "lng": 12.78126
  },
  {
    "name": "Cinte Tesino",
    "country": "IT",
    "lat": 46.05726,
    "lng": 11.61435
  },
  {
    "name": "Cintano",
    "country": "IT",
    "lat": 45.42812,
    "lng": 7.68827
  },
  {
    "name": "Cinisello Balsamo",
    "country": "IT",
    "lat": 45.55823,
    "lng": 9.21495
  },
  {
    "name": "Cinigiano",
    "country": "IT",
    "lat": 42.89059,
    "lng": 11.39196
  },
  {
    "name": "Cingoli",
    "country": "IT",
    "lat": 43.37573,
    "lng": 13.20787
  },
  {
    "name": "Cingia de' Botti",
    "country": "IT",
    "lat": 45.08507,
    "lng": 10.27548
  },
  {
    "name": "Cineto Romano",
    "country": "IT",
    "lat": 42.05014,
    "lng": 12.9608
  },
  {
    "name": "Cimolais",
    "country": "IT",
    "lat": 46.289,
    "lng": 12.43792
  },
  {
    "name": "Cimitile",
    "country": "IT",
    "lat": 40.94231,
    "lng": 14.52558
  },
  {
    "name": "Cimego",
    "country": "IT",
    "lat": 45.9119,
    "lng": 10.61337
  },
  {
    "name": "Cimbergo",
    "country": "IT",
    "lat": 46.0241,
    "lng": 10.36566
  },
  {
    "name": "Cimadolmo",
    "country": "IT",
    "lat": 45.78524,
    "lng": 12.3651
  },
  {
    "name": "Cilavegna",
    "country": "IT",
    "lat": 45.31067,
    "lng": 8.74469
  },
  {
    "name": "Cigole",
    "country": "IT",
    "lat": 45.3076,
    "lng": 10.18977
  },
  {
    "name": "Cigliano",
    "country": "IT",
    "lat": 45.30804,
    "lng": 8.02316
  },
  {
    "name": "Cicognolo",
    "country": "IT",
    "lat": 45.16762,
    "lng": 10.19407
  },
  {
    "name": "Ciciliano",
    "country": "IT",
    "lat": 41.9599,
    "lng": 12.94163
  },
  {
    "name": "Cicerale",
    "country": "IT",
    "lat": 40.34404,
    "lng": 15.12959
  },
  {
    "name": "Cicciano",
    "country": "IT",
    "lat": 40.96402,
    "lng": 14.53487
  },
  {
    "name": "Cicagna",
    "country": "IT",
    "lat": 44.40714,
    "lng": 9.23917
  },
  {
    "name": "Cibiana",
    "country": "IT",
    "lat": 46.38856,
    "lng": 12.28658
  },
  {
    "name": "Ciano d'Enza",
    "country": "IT",
    "lat": 44.59982,
    "lng": 10.4104
  },
  {
    "name": "Ciampino",
    "country": "IT",
    "lat": 41.80064,
    "lng": 12.60158
  },
  {
    "name": "Ciano",
    "country": "IT",
    "lat": 45.82389,
    "lng": 12.05417
  },
  {
    "name": "Cinaglio",
    "country": "IT",
    "lat": 44.97525,
    "lng": 8.10003
  },
  {
    "name": "Cino",
    "country": "IT",
    "lat": 46.15843,
    "lng": 9.48534
  },
  {
    "name": "Cimoneri",
    "country": "IT",
    "lat": 45.98426,
    "lng": 11.07155
  },
  {
    "name": "Cis",
    "country": "IT",
    "lat": 46.39841,
    "lng": 11.00327
  },
  {
    "name": "Ciconio",
    "country": "IT",
    "lat": 45.33025,
    "lng": 7.75852
  },
  {
    "name": "Civate",
    "country": "IT",
    "lat": 45.82808,
    "lng": 9.34294
  },
  {
    "name": "Cigognola",
    "country": "IT",
    "lat": 45.03276,
    "lng": 9.24486
  },
  {
    "name": "Civiasco",
    "country": "IT",
    "lat": 45.80786,
    "lng": 8.29386
  },
  {
    "name": "Cigliè",
    "country": "IT",
    "lat": 44.43653,
    "lng": 7.92654
  },
  {
    "name": "Cissone",
    "country": "IT",
    "lat": 44.56314,
    "lng": 8.03044
  },
  {
    "name": "Civesio",
    "country": "IT",
    "lat": 45.39556,
    "lng": 9.2668
  },
  {
    "name": "Ciaculli",
    "country": "IT",
    "lat": 38.0753,
    "lng": 13.40719
  },
  {
    "name": "Ciconia",
    "country": "IT",
    "lat": 42.73356,
    "lng": 12.134
  },
  {
    "name": "Cintolese",
    "country": "IT",
    "lat": 43.84606,
    "lng": 10.82644
  },
  {
    "name": "Città Giardino",
    "country": "IT",
    "lat": 37.10444,
    "lng": 15.21172
  },
  {
    "name": "Cinzano",
    "country": "IT",
    "lat": 44.69307,
    "lng": 7.92103
  },
  {
    "name": "Cimbro",
    "country": "IT",
    "lat": 45.7357,
    "lng": 8.7205
  },
  {
    "name": "Cipolleto",
    "country": "IT",
    "lat": 43.32393,
    "lng": 12.57688
  },
  {
    "name": "Ciceron",
    "country": "LC",
    "lat": 13.99009,
    "lng": -61.00806
  },
  {
    "name": "Cimişlia",
    "country": "MD",
    "lat": 46.52629,
    "lng": 28.7649
  },
  {
    "name": "Ciorescu",
    "country": "MD",
    "lat": 47.13,
    "lng": 28.88937
  },
  {
    "name": "Ciudad Gustavo Díaz Ordaz",
    "country": "MX",
    "lat": 26.2318,
    "lng": -98.59647
  },
  {
    "name": "Ciudad Valles",
    "country": "MX",
    "lat": 21.99631,
    "lng": -99.01093
  },
  {
    "name": "Ciudad Cuauhtémoc",
    "country": "MX",
    "lat": 22.18439,
    "lng": -97.83472
  },
  {
    "name": "Ciudad Tula",
    "country": "MX",
    "lat": 22.99679,
    "lng": -99.71187
  },
  {
    "name": "Ciudad de Atlixco",
    "country": "MX",
    "lat": 18.90372,
    "lng": -98.43922
  },
  {
    "name": "Ciudad Río Bravo",
    "country": "MX",
    "lat": 25.98507,
    "lng": -98.08964
  },
  {
    "name": "Ciudad de Nanacamilpa",
    "country": "MX",
    "lat": 19.49339,
    "lng": -98.53665
  },
  {
    "name": "Ciudad de Huitzuco",
    "country": "MX",
    "lat": 18.30334,
    "lng": -99.33376
  },
  {
    "name": "Ciudad de Huajuapan de León",
    "country": "MX",
    "lat": 17.80787,
    "lng": -97.77956
  },
  {
    "name": "Ciudad General Terán",
    "country": "MX",
    "lat": 25.25857,
    "lng": -99.68371
  },
  {
    "name": "Ciudad Mante",
    "country": "MX",
    "lat": 22.74277,
    "lng": -98.97172
  },
  {
    "name": "Ciudad Victoria",
    "country": "MX",
    "lat": 23.74061,
    "lng": -99.14364
  },
  {
    "name": "Ciudad Serdán",
    "country": "MX",
    "lat": 18.98856,
    "lng": -97.44643
  },
  {
    "name": "Ciudad Sahagun",
    "country": "MX",
    "lat": 19.77557,
    "lng": -98.57471
  },
  {
    "name": "Ciudad Nezahualcoyotl",
    "country": "MX",
    "lat": 19.40061,
    "lng": -99.01483
  },
  {
    "name": "Ciudad Miguel Alemán",
    "country": "MX",
    "lat": 26.39823,
    "lng": -99.02857
  },
  {
    "name": "Ciudad Mendoza",
    "country": "MX",
    "lat": 18.80645,
    "lng": -97.1787
  },
  {
    "name": "Ciudad Madero",
    "country": "MX",
    "lat": 22.2475,
    "lng": -97.83665
  },
  {
    "name": "Ciudad Hidalgo",
    "country": "MX",
    "lat": 14.68018,
    "lng": -92.15195
  },
  {
    "name": "Ciudad Fernández",
    "country": "MX",
    "lat": 21.94045,
    "lng": -100.01153
  },
  {
    "name": "Ciudad del Maíz",
    "country": "MX",
    "lat": 22.40187,
    "lng": -99.60468
  },
  {
    "name": "Ciudad del Carmen",
    "country": "MX",
    "lat": 18.64592,
    "lng": -91.82991
  },
  {
    "name": "Ciudad Cuauhtémoc",
    "country": "MX",
    "lat": 15.66587,
    "lng": -92.00388
  },
  {
    "name": "Ciudad Camargo",
    "country": "MX",
    "lat": 26.31481,
    "lng": -98.83313
  },
  {
    "name": "Citlaltépec",
    "country": "MX",
    "lat": 21.32912,
    "lng": -97.87861
  },
  {
    "name": "Citilcum",
    "country": "MX",
    "lat": 20.95146,
    "lng": -89.11805
  },
  {
    "name": "Cintalapa de Figueroa",
    "country": "MX",
    "lat": 16.68393,
    "lng": -93.71814
  },
  {
    "name": "Cintalapa",
    "country": "MX",
    "lat": 16.92361,
    "lng": -91.36152
  },
  {
    "name": "Cieneguilla",
    "country": "MX",
    "lat": 16.32353,
    "lng": -97.31762
  },
  {
    "name": "Ciénega de Zimatlán",
    "country": "MX",
    "lat": 16.89343,
    "lng": -96.76756
  },
  {
    "name": "Ciudad Cerralvo",
    "country": "MX",
    "lat": 26.08499,
    "lng": -99.61508
  },
  {
    "name": "Ciudad Ayala",
    "country": "MX",
    "lat": 18.76694,
    "lng": -98.98222
  },
  {
    "name": "Ciudad López Mateos",
    "country": "MX",
    "lat": 19.55793,
    "lng": -99.25675
  },
  {
    "name": "Ciudad de Tlatlauquitepec",
    "country": "MX",
    "lat": 19.85278,
    "lng": -97.49528
  },
  {
    "name": "Ciudad de Chiautla de Tapia",
    "country": "MX",
    "lat": 18.3,
    "lng": -98.60389
  },
  {
    "name": "Cicacalco",
    "country": "MX",
    "lat": 21.71593,
    "lng": -103.3132
  },
  {
    "name": "Cinco de Mayo",
    "country": "MX",
    "lat": 25.84981,
    "lng": -108.959
  },
  {
    "name": "Cihuatlán",
    "country": "MX",
    "lat": 19.2366,
    "lng": -104.56512
  },
  {
    "name": "Ciudad de Villaldama",
    "country": "MX",
    "lat": 26.49952,
    "lng": -100.42508
  },
  {
    "name": "Ciudad de Villa de Álvarez",
    "country": "MX",
    "lat": 19.26722,
    "lng": -103.73778
  },
  {
    "name": "Ciudad Sabinas Hidalgo",
    "country": "MX",
    "lat": 26.50358,
    "lng": -100.18187
  },
  {
    "name": "Ciudad Melchor Múzquiz",
    "country": "MX",
    "lat": 27.87933,
    "lng": -101.51615
  },
  {
    "name": "Ciénega de Nuestra Señora de Guadalupe",
    "country": "MX",
    "lat": 25.06256,
    "lng": -106.32926
  },
  {
    "name": "Ciudad Benito Juárez",
    "country": "MX",
    "lat": 25.64724,
    "lng": -100.09582
  },
  {
    "name": "Ciudad General Escobedo",
    "country": "MX",
    "lat": 25.79698,
    "lng": -100.31791
  },
  {
    "name": "Ciudad Insurgentes",
    "country": "MX",
    "lat": 25.26345,
    "lng": -111.77444
  },
  {
    "name": "Ciudad Obregón",
    "country": "MX",
    "lat": 27.48642,
    "lng": -109.94079
  },
  {
    "name": "Ciudad Manuel Doblado",
    "country": "MX",
    "lat": 20.72888,
    "lng": -101.95226
  },
  {
    "name": "Ciudad Juárez",
    "country": "MX",
    "lat": 31.72024,
    "lng": -106.46084
  },
  {
    "name": "Ciudad Hidalgo",
    "country": "MX",
    "lat": 19.6927,
    "lng": -100.55445
  },
  {
    "name": "Ciudad Guzmán",
    "country": "MX",
    "lat": 19.70413,
    "lng": -103.46383
  },
  {
    "name": "Ciudad Delicias",
    "country": "MX",
    "lat": 28.19013,
    "lng": -105.47012
  },
  {
    "name": "Ciudad Constitución",
    "country": "MX",
    "lat": 25.0321,
    "lng": -111.66256
  },
  {
    "name": "Ciudad Altamirano",
    "country": "MX",
    "lat": 18.3582,
    "lng": -100.66965
  },
  {
    "name": "Ciudad Acuña",
    "country": "MX",
    "lat": 29.32322,
    "lng": -100.95217
  },
  {
    "name": "Citala",
    "country": "MX",
    "lat": 20.10475,
    "lng": -103.26178
  },
  {
    "name": "Cinco de Mayo",
    "country": "MX",
    "lat": 24.101,
    "lng": -104.57293
  },
  {
    "name": "Cinco de Febrero",
    "country": "MX",
    "lat": 24.07649,
    "lng": -104.50369
  },
  {
    "name": "Cieneguitas",
    "country": "MX",
    "lat": 22.71437,
    "lng": -102.49399
  },
  {
    "name": "Cieneguilla",
    "country": "MX",
    "lat": 24.05149,
    "lng": -104.05143
  },
  {
    "name": "Cieneguillas",
    "country": "MX",
    "lat": 22.76062,
    "lng": -102.66286
  },
  {
    "name": "Cieneguilla",
    "country": "MX",
    "lat": 21.24833,
    "lng": -100.27389
  },
  {
    "name": "Ciénega Grande",
    "country": "MX",
    "lat": 22.19434,
    "lng": -102.0194
  },
  {
    "name": "Ciénega de Flores",
    "country": "MX",
    "lat": 25.95467,
    "lng": -100.16695
  },
  {
    "name": "Ciudad de Armería",
    "country": "MX",
    "lat": 18.9378,
    "lng": -103.96417
  },
  {
    "name": "Ciudad Apodaca",
    "country": "MX",
    "lat": 25.78195,
    "lng": -100.18839
  },
  {
    "name": "Ciudad de Allende",
    "country": "MX",
    "lat": 25.27673,
    "lng": -100.01442
  },
  {
    "name": "Ciudad Satélite del Norte",
    "country": "MX",
    "lat": 25.91448,
    "lng": -100.26542
  },
  {
    "name": "Ciudad Lázaro Cárdenas",
    "country": "MX",
    "lat": 17.97066,
    "lng": -102.22124
  },
  {
    "name": "Ciudad de Cuetzalan",
    "country": "MX",
    "lat": 20.01861,
    "lng": -97.52111
  },
  {
    "name": "Ciudad Coahuila (Kilómetro Cincuenta y Siete)",
    "country": "MX",
    "lat": 32.19556,
    "lng": -115.0025
  },
  {
    "name": "Cima del Sol (Fraccionamiento Cima del Sol)",
    "country": "MX",
    "lat": 20.46889,
    "lng": -103.41722
  },
  {
    "name": "Cipreses",
    "country": "MX",
    "lat": 20.05889,
    "lng": -98.7675
  },
  {
    "name": "Ciudad Morelos",
    "country": "MX",
    "lat": 32.34389,
    "lng": -117.01056
  },
  {
    "name": "Cinco de Mayo",
    "country": "MX",
    "lat": 20.13167,
    "lng": -97.63
  },
  {
    "name": "Ciudad Satélite",
    "country": "MX",
    "lat": 22.11083,
    "lng": -100.79583
  },
  {
    "name": "Ciudad Chemuyil",
    "country": "MX",
    "lat": 20.34861,
    "lng": -87.35306
  },
  {
    "name": "Ciudad Guzmán [CERESO]",
    "country": "MX",
    "lat": 19.65194,
    "lng": -103.5
  },
  {
    "name": "Ciudad Darío",
    "country": "NI",
    "lat": 12.73143,
    "lng": -86.12402
  },
  {
    "name": "Ciudad Antigua",
    "country": "NI",
    "lat": 13.6406,
    "lng": -86.30815
  },
  {
    "name": "Cinco Pinos",
    "country": "NI",
    "lat": 13.22956,
    "lng": -86.86808
  },
  {
    "name": "Ciudad Sandino",
    "country": "NI",
    "lat": 12.15889,
    "lng": -86.34417
  },
  {
    "name": "Ciricito de Los Sotos",
    "country": "PA",
    "lat": 8.97582,
    "lng": -80.09253
  },
  {
    "name": "Ciricito Abajo",
    "country": "PA",
    "lat": 8.8204,
    "lng": -80.06866
  },
  {
    "name": "Circa",
    "country": "PE",
    "lat": -13.87417,
    "lng": -72.87278
  },
  {
    "name": "Cieneguilla",
    "country": "PE",
    "lat": -12.13333,
    "lng": -76.81667
  },
  {
    "name": "Ciudad Satelite",
    "country": "PE",
    "lat": -16.43085,
    "lng": -71.52921
  },
  {
    "name": "Cigaras",
    "country": "PH",
    "lat": 14.2266,
    "lng": 121.4298
  },
  {
    "name": "City of Isabela",
    "country": "PH",
    "lat": 6.70407,
    "lng": 121.97117
  },
  {
    "name": "City of Ligao",
    "country": "PH",
    "lat": 13.21684,
    "lng": 123.51418
  },
  {
    "name": "Cisna",
    "country": "PL",
    "lat": 49.21328,
    "lng": 22.32795
  },
  {
    "name": "Ciężkowice",
    "country": "PL",
    "lat": 49.78575,
    "lng": 20.97324
  },
  {
    "name": "Cieszanów",
    "country": "PL",
    "lat": 50.24564,
    "lng": 23.13163
  },
  {
    "name": "Ciepielów",
    "country": "PL",
    "lat": 51.24838,
    "lng": 21.57475
  },
  {
    "name": "Cielądz",
    "country": "PL",
    "lat": 51.71576,
    "lng": 20.34428
  },
  {
    "name": "Ciecierzyn",
    "country": "PL",
    "lat": 51.3201,
    "lng": 22.60695
  },
  {
    "name": "Ciechanowiec",
    "country": "PL",
    "lat": 52.67828,
    "lng": 22.49815
  },
  {
    "name": "Ciechanów",
    "country": "PL",
    "lat": 52.88141,
    "lng": 20.61996
  },
  {
    "name": "Cielmice",
    "country": "PL",
    "lat": 50.08826,
    "lng": 19.01896
  },
  {
    "name": "Cisownica",
    "country": "PL",
    "lat": 49.72276,
    "lng": 18.76207
  },
  {
    "name": "Cisiec",
    "country": "PL",
    "lat": 49.59213,
    "lng": 19.1054
  },
  {
    "name": "Cisek",
    "country": "PL",
    "lat": 50.28232,
    "lng": 18.19988
  },
  {
    "name": "Cieszyn",
    "country": "PL",
    "lat": 49.75133,
    "lng": 18.63213
  },
  {
    "name": "Cieszków",
    "country": "PL",
    "lat": 51.63104,
    "lng": 17.35726
  },
  {
    "name": "Ciepłowody",
    "country": "PL",
    "lat": 50.67477,
    "lng": 16.90871
  },
  {
    "name": "Cieplice Śląskie Zdrój",
    "country": "PL",
    "lat": 50.86545,
    "lng": 15.68367
  },
  {
    "name": "Cięcina",
    "country": "PL",
    "lat": 49.6022,
    "lng": 19.14102
  },
  {
    "name": "Ciechów",
    "country": "PL",
    "lat": 51.13218,
    "lng": 16.56773
  },
  {
    "name": "Ciechocinek",
    "country": "PL",
    "lat": 52.87908,
    "lng": 18.79505
  },
  {
    "name": "Ciechocin",
    "country": "PL",
    "lat": 53.05581,
    "lng": 18.92635
  },
  {
    "name": "Ciasna",
    "country": "PL",
    "lat": 50.75427,
    "lng": 18.60835
  },
  {
    "name": "Ciales",
    "country": "PR",
    "lat": 18.33606,
    "lng": -66.46878
  },
  {
    "name": "Cidra",
    "country": "PR",
    "lat": 18.17579,
    "lng": -66.16128
  },
  {
    "name": "Cinfães",
    "country": "PT",
    "lat": 41.07197,
    "lng": -8.08999
  },
  {
    "name": "Cidade Universitária",
    "country": "PT",
    "lat": 38.75199,
    "lng": -9.15917
  },
  {
    "name": "Ciudad del Este",
    "country": "PY",
    "lat": -25.5036,
    "lng": -54.65067
  },
  {
    "name": "Cilaos",
    "country": "RE",
    "lat": -21.13641,
    "lng": 55.47187
  },
  {
    "name": "Cizer",
    "country": "RO",
    "lat": 47.06667,
    "lng": 22.88333
  },
  {
    "name": "Ciutelec",
    "country": "RO",
    "lat": 47.262,
    "lng": 22.3869
  },
  {
    "name": "Ciușlea",
    "country": "RO",
    "lat": 45.78761,
    "lng": 27.30644
  },
  {
    "name": "Ciuruleasa",
    "country": "RO",
    "lat": 46.25,
    "lng": 23.03333
  },
  {
    "name": "Ciurila",
    "country": "RO",
    "lat": 46.65,
    "lng": 23.55
  },
  {
    "name": "Ciurea",
    "country": "RO",
    "lat": 47.05,
    "lng": 27.56667
  },
  {
    "name": "Ciupercenii Vechi",
    "country": "RO",
    "lat": 43.94512,
    "lng": 22.89469
  },
  {
    "name": "Ciupercenii Noi",
    "country": "RO",
    "lat": 43.90972,
    "lng": 22.94833
  },
  {
    "name": "Ciuperceni",
    "country": "RO",
    "lat": 44.93333,
    "lng": 23.01667
  },
  {
    "name": "Ciuperceni",
    "country": "RO",
    "lat": 44.3175,
    "lng": 25.37869
  },
  {
    "name": "Ciuperceni",
    "country": "RO",
    "lat": 43.76667,
    "lng": 24.95
  },
  {
    "name": "Ciumești",
    "country": "RO",
    "lat": 47.66382,
    "lng": 22.34069
  },
  {
    "name": "Ciumeghiu",
    "country": "RO",
    "lat": 46.73333,
    "lng": 21.58333
  },
  {
    "name": "Ciumbrud",
    "country": "RO",
    "lat": 46.3081,
    "lng": 23.76222
  },
  {
    "name": "Ciumani",
    "country": "RO",
    "lat": 46.68333,
    "lng": 25.51667
  },
  {
    "name": "Ciulnița",
    "country": "RO",
    "lat": 44.78769,
    "lng": 25.15388
  },
  {
    "name": "Ciulniţa",
    "country": "RO",
    "lat": 44.53333,
    "lng": 27.35
  },
  {
    "name": "Ciugud",
    "country": "RO",
    "lat": 46.05,
    "lng": 23.61667
  },
  {
    "name": "Ciugheș",
    "country": "RO",
    "lat": 46.5222,
    "lng": 26.1197
  },
  {
    "name": "Ciudanoviţa",
    "country": "RO",
    "lat": 45.14472,
    "lng": 21.79778
  },
  {
    "name": "Ciucurova",
    "country": "RO",
    "lat": 44.93333,
    "lng": 28.48333
  },
  {
    "name": "Ciucsângeorgiu",
    "country": "RO",
    "lat": 46.31667,
    "lng": 25.95
  },
  {
    "name": "Ciuchici",
    "country": "RO",
    "lat": 44.94139,
    "lng": 21.61
  },
  {
    "name": "Ciucea",
    "country": "RO",
    "lat": 46.95,
    "lng": 22.81667
  },
  {
    "name": "Ciucani",
    "country": "RO",
    "lat": 46.25701,
    "lng": 25.94744
  },
  {
    "name": "Ciuani",
    "country": "RO",
    "lat": 44.23333,
    "lng": 25.65
  },
  {
    "name": "Cisnădie",
    "country": "RO",
    "lat": 45.71667,
    "lng": 24.15
  },
  {
    "name": "Cișmele",
    "country": "RO",
    "lat": 45.51634,
    "lng": 27.92975
  },
  {
    "name": "Cislău",
    "country": "RO",
    "lat": 45.25,
    "lng": 26.36667
  },
  {
    "name": "Cireşu",
    "country": "RO",
    "lat": 44.95,
    "lng": 27.35
  },
  {
    "name": "Cireşu",
    "country": "RO",
    "lat": 44.82333,
    "lng": 22.53806
  },
  {
    "name": "Cireșoaia",
    "country": "RO",
    "lat": 47.14265,
    "lng": 24.06217
  },
  {
    "name": "Cireșoaia",
    "country": "RO",
    "lat": 46.24816,
    "lng": 26.54929
  },
  {
    "name": "Ciprian Porumbescu",
    "country": "RO",
    "lat": 47.56667,
    "lng": 26.06667
  },
  {
    "name": "Cipău",
    "country": "RO",
    "lat": 46.44876,
    "lng": 24.27786
  },
  {
    "name": "Ciorteşti",
    "country": "RO",
    "lat": 46.9,
    "lng": 27.83333
  },
  {
    "name": "Cioroiași",
    "country": "RO",
    "lat": 44.08333,
    "lng": 23.45
  },
  {
    "name": "Ciorogârla",
    "country": "RO",
    "lat": 44.4425,
    "lng": 25.88333
  },
  {
    "name": "Cioroboreni",
    "country": "RO",
    "lat": 44.38877,
    "lng": 22.76326
  },
  {
    "name": "Ciorăști",
    "country": "RO",
    "lat": 46.1138,
    "lng": 27.45311
  },
  {
    "name": "Ciorăşti",
    "country": "RO",
    "lat": 45.43333,
    "lng": 27.3
  },
  {
    "name": "Cioranii de Sus",
    "country": "RO",
    "lat": 44.83923,
    "lng": 26.39473
  },
  {
    "name": "Cioranii de Jos",
    "country": "RO",
    "lat": 44.81667,
    "lng": 26.41667
  },
  {
    "name": "Ciorani",
    "country": "RO",
    "lat": 45.98824,
    "lng": 27.21614
  },
  {
    "name": "Ciomăgeşti",
    "country": "RO",
    "lat": 44.83333,
    "lng": 24.45
  },
  {
    "name": "Ciolpani",
    "country": "RO",
    "lat": 44.73333,
    "lng": 26.08333
  },
  {
    "name": "Ciohorăni",
    "country": "RO",
    "lat": 47.1352,
    "lng": 26.68955
  },
  {
    "name": "Ciofrângeni",
    "country": "RO",
    "lat": 45.08333,
    "lng": 24.53333
  },
  {
    "name": "Ciofliceni",
    "country": "RO",
    "lat": 44.68122,
    "lng": 26.11923
  },
  {
    "name": "Ciocârlia de Sus",
    "country": "RO",
    "lat": 44.11712,
    "lng": 28.33402
  },
  {
    "name": "Ciocârlia",
    "country": "RO",
    "lat": 44.8,
    "lng": 26.66667
  },
  {
    "name": "Ciocârlia",
    "country": "RO",
    "lat": 44.1,
    "lng": 28.28333
  },
  {
    "name": "Ciocile",
    "country": "RO",
    "lat": 44.81667,
    "lng": 27.23333
  },
  {
    "name": "Ciochiuța",
    "country": "RO",
    "lat": 44.60306,
    "lng": 23.11698
  },
  {
    "name": "Ciochina",
    "country": "RO",
    "lat": 44.58333,
    "lng": 27.06667
  },
  {
    "name": "Ciocani",
    "country": "RO",
    "lat": 46.26044,
    "lng": 27.55994
  },
  {
    "name": "Ciocănești",
    "country": "RO",
    "lat": 47.48107,
    "lng": 25.27912
  },
  {
    "name": "Cicănești",
    "country": "RO",
    "lat": 45.24601,
    "lng": 24.60526
  },
  {
    "name": "Ciocăneşti",
    "country": "RO",
    "lat": 44.6,
    "lng": 25.85
  },
  {
    "name": "Ciocăneşti",
    "country": "RO",
    "lat": 44.2,
    "lng": 27.06667
  },
  {
    "name": "Ciocănari",
    "country": "RO",
    "lat": 44.6977,
    "lng": 25.97717
  },
  {
    "name": "Ciobanu",
    "country": "RO",
    "lat": 44.71759,
    "lng": 27.98698
  },
  {
    "name": "Cintei",
    "country": "RO",
    "lat": 46.44434,
    "lng": 21.56556
  },
  {
    "name": "Cincu",
    "country": "RO",
    "lat": 45.91667,
    "lng": 24.8
  },
  {
    "name": "Cilieni",
    "country": "RO",
    "lat": 43.9,
    "lng": 24.61667
  },
  {
    "name": "Cilibia",
    "country": "RO",
    "lat": 45.06667,
    "lng": 27.06667
  },
  {
    "name": "Cidreag",
    "country": "RO",
    "lat": 47.98677,
    "lng": 22.96395
  },
  {
    "name": "Ciclova-Română",
    "country": "RO",
    "lat": 45.01361,
    "lng": 21.71917
  },
  {
    "name": "Cicârlău",
    "country": "RO",
    "lat": 47.69155,
    "lng": 23.4038
  },
  {
    "name": "Ciceu-Mihăiești",
    "country": "RO",
    "lat": 47.18568,
    "lng": 23.9748
  },
  {
    "name": "Ciceu-Giurgeşti",
    "country": "RO",
    "lat": 47.25,
    "lng": 24.01667
  },
  {
    "name": "Ciceu",
    "country": "RO",
    "lat": 46.41328,
    "lng": 25.78204
  },
  {
    "name": "Ciacova",
    "country": "RO",
    "lat": 45.50806,
    "lng": 21.12861
  },
  {
    "name": "Cirkulane",
    "country": "SI",
    "lat": 46.34408,
    "lng": 15.99472
  },
  {
    "name": "Cigeľ",
    "country": "SK",
    "lat": 48.71382,
    "lng": 18.63997
  },
  {
    "name": "Ciudad Barrios",
    "country": "SV",
    "lat": 13.76667,
    "lng": -88.26667
  },
  {
    "name": "Ciudad Arce",
    "country": "SV",
    "lat": 13.84028,
    "lng": -89.44722
  },
  {
    "name": "Cimin",
    "country": "TR",
    "lat": 39.70947,
    "lng": 39.70015
  },
  {
    "name": "Cizre",
    "country": "TR",
    "lat": 37.33024,
    "lng": 42.18484
  },
  {
    "name": "Cihanbeyli",
    "country": "TR",
    "lat": 38.66072,
    "lng": 32.92437
  },
  {
    "name": "Cihadiye",
    "country": "TR",
    "lat": 37.05079,
    "lng": 35.56291
  },
  {
    "name": "Cide",
    "country": "TR",
    "lat": 41.89211,
    "lng": 33.00439
  },
  {
    "name": "Cikcilli",
    "country": "TR",
    "lat": 36.55403,
    "lng": 32.02962
  },
  {
    "name": "Citong",
    "country": "TW",
    "lat": 23.75751,
    "lng": 120.49965
  },
  {
    "name": "Citronelle",
    "country": "US",
    "lat": 31.09073,
    "lng": -88.22806
  },
  {
    "name": "Citra",
    "country": "US",
    "lat": 29.41192,
    "lng": -82.10982
  },
  {
    "name": "Citrus Hills",
    "country": "US",
    "lat": 28.88831,
    "lng": -82.4326
  },
  {
    "name": "Citrus Park",
    "country": "US",
    "lat": 28.07835,
    "lng": -82.56982
  },
  {
    "name": "Citrus Ridge",
    "country": "US",
    "lat": 28.33385,
    "lng": -81.64232
  },
  {
    "name": "Citrus Springs",
    "country": "US",
    "lat": 28.99748,
    "lng": -82.47065
  },
  {
    "name": "Cinnaminson",
    "country": "US",
    "lat": 39.99678,
    "lng": -74.99267
  },
  {
    "name": "Cincinnati",
    "country": "US",
    "lat": 39.12711,
    "lng": -84.51439
  },
  {
    "name": "Circleville",
    "country": "US",
    "lat": 39.60062,
    "lng": -82.94601
  },
  {
    "name": "City View",
    "country": "US",
    "lat": 34.86151,
    "lng": -82.43151
  },
  {
    "name": "Cibolo",
    "country": "US",
    "lat": 29.56162,
    "lng": -98.22696
  },
  {
    "name": "Cinco Ranch",
    "country": "US",
    "lat": 29.73884,
    "lng": -95.758
  },
  {
    "name": "Cisco",
    "country": "US",
    "lat": 32.38819,
    "lng": -98.97923
  },
  {
    "name": "Citrus City",
    "country": "US",
    "lat": 26.32646,
    "lng": -98.3853
  },
  {
    "name": "Cicero",
    "country": "US",
    "lat": 41.84559,
    "lng": -87.75394
  },
  {
    "name": "Cicero",
    "country": "US",
    "lat": 40.12393,
    "lng": -86.01332
  },
  {
    "name": "Circle Pines",
    "country": "US",
    "lat": 45.14858,
    "lng": -93.15161
  },
  {
    "name": "Cicero",
    "country": "US",
    "lat": 43.17562,
    "lng": -76.11937
  },
  {
    "name": "Cincinnatus",
    "country": "US",
    "lat": 42.54229,
    "lng": -75.89575
  },
  {
    "name": "City Island",
    "country": "US",
    "lat": 40.84732,
    "lng": -73.78652
  },
  {
    "name": "Cibecue",
    "country": "US",
    "lat": 34.04477,
    "lng": -110.48539
  },
  {
    "name": "Cienega Springs",
    "country": "US",
    "lat": 34.18863,
    "lng": -114.22467
  },
  {
    "name": "Citrus Park",
    "country": "US",
    "lat": 33.54865,
    "lng": -112.44433
  },
  {
    "name": "Citrus",
    "country": "US",
    "lat": 34.11501,
    "lng": -117.89173
  },
  {
    "name": "Citrus Heights",
    "country": "US",
    "lat": 38.70712,
    "lng": -121.28106
  },
  {
    "name": "Cimarron Hills",
    "country": "US",
    "lat": 38.85861,
    "lng": -104.69886
  },
  {
    "name": "Cienegas Terrace",
    "country": "US",
    "lat": 29.36745,
    "lng": -100.94371
  },
  {
    "name": "Cimarron",
    "country": "US",
    "lat": 37.80669,
    "lng": -100.3482
  },
  {
    "name": "Circle",
    "country": "US",
    "lat": 47.41667,
    "lng": -105.59222
  },
  {
    "name": "City of Milford (balance)",
    "country": "US",
    "lat": 41.22374,
    "lng": -73.06164
  },
  {
    "name": "City of Sammamish",
    "country": "US",
    "lat": 47.60444,
    "lng": -122.03768
  },
  {
    "name": "Circle D-KC Estates",
    "country": "US",
    "lat": 30.161,
    "lng": -97.23473
  },
  {
    "name": "Ciudad Piar",
    "country": "VE",
    "lat": 7.45209,
    "lng": -63.31992
  },
  {
    "name": "Ciudad Ojeda",
    "country": "VE",
    "lat": 10.20161,
    "lng": -71.3148
  },
  {
    "name": "Ciudad Guayana",
    "country": "VE",
    "lat": 8.35122,
    "lng": -62.64102
  },
  {
    "name": "Ciudad De Nutrias",
    "country": "VE",
    "lat": 8.09535,
    "lng": -69.30798
  },
  {
    "name": "Ciudad Bolivia",
    "country": "VE",
    "lat": 8.35304,
    "lng": -70.57121
  },
  {
    "name": "Ciudad Bolívar",
    "country": "VE",
    "lat": 8.12366,
    "lng": -63.54694
  },
  {
    "name": "Cintsa Mouth West",
    "country": "ZA",
    "lat": -32.84522,
    "lng": 28.11598
  },
  {
    "name": "Citrusdal",
    "country": "ZA",
    "lat": -32.59215,
    "lng": 19.01516
  },
  {
    "name": "Cibelichle",
    "country": "ZA",
    "lat": -29.63451,
    "lng": 29.78891
  },
  {
    "name": "Cillie",
    "country": "ZA",
    "lat": -28.73997,
    "lng": 20.58895
  }
]