[
  {
    "name": "East End Village",
    "country": "AI",
    "lat": 18.23333,
    "lng": -63.0
  },
  {
    "name": "Eaton",
    "country": "AU",
    "lat": -33.31664,
    "lng": 115.70503
  },
  {
    "name": "East Fremantle",
    "country": "AU",
    "lat": -32.03823,
    "lng": 115.7676
  },
  {
    "name": "Eastwood",
    "country": "AU",
    "lat": -33.79176,
    "lng": 151.08057
  },
  {
    "name": "East Maitland",
    "country": "AU",
    "lat": -32.75,
    "lng": 151.58333
  },
  {
    "name": "East Hills",
    "country": "AU",
    "lat": -33.96099,
    "lng": 150.98822
  },
  {
    "name": "East Gosford",
    "country": "AU",
    "lat": -33.43874,
    "lng": 151.35338
  },
  {
    "name": "East Ballina",
    "country": "AU",
    "lat": -28.85709,
    "lng": 153.58736
  },
  {
    "name": "Earlwood",
    "country": "AU",
    "lat": -33.9209,
    "lng": 151.12506
  },
  {
    "name": "Eagle Point",
    "country": "AU",
    "lat": -37.9,
    "lng": 147.68333
  },
  {
    "name": "Eaglehawk",
    "country": "AU",
    "lat": -36.71611,
    "lng": 144.25049
  },
  {
    "name": "Eagleby",
    "country": "AU",
    "lat": -27.68333,
    "lng": 153.21667
  },
  {
    "name": "East Brisbane",
    "country": "AU",
    "lat": -27.48099,
    "lng": 153.04401
  },
  {
    "name": "East Lismore",
    "country": "AU",
    "lat": -28.82591,
    "lng": 153.2888
  },
  {
    "name": "East Melbourne",
    "country": "AU",
    "lat": -37.81667,
    "lng": 144.9879
  },
  {
    "name": "Eastern Heights",
    "country": "AU",
    "lat": -27.62849,
    "lng": 152.77828
  },
  {
    "name": "East Perth",
    "country": "AU",
    "lat": -31.95872,
    "lng": 115.87109
  },
  {
    "name": "East Killara",
    "country": "AU",
    "lat": -33.75535,
    "lng": 151.18154
  },
  {
    "name": "East Kurrajong",
    "country": "AU",
    "lat": -33.5055,
    "lng": 150.79427
  },
  {
    "name": "East Side",
    "country": "AU",
    "lat": -23.69195,
    "lng": 133.8932
  },
  {
    "name": "Eagle Vale",
    "country": "AU",
    "lat": -34.03747,
    "lng": 150.8136
  },
  {
    "name": "Eastlakes",
    "country": "AU",
    "lat": -33.93196,
    "lng": 151.21214
  },
  {
    "name": "East Victoria Park",
    "country": "AU",
    "lat": -31.98894,
    "lng": 115.90388
  },
  {
    "name": "Earlville",
    "country": "AU",
    "lat": -16.95078,
    "lng": 145.73308
  },
  {
    "name": "Eaglemont",
    "country": "AU",
    "lat": -37.76379,
    "lng": 145.0638
  },
  {
    "name": "East Geelong",
    "country": "AU",
    "lat": -38.15568,
    "lng": 144.37202
  },
  {
    "name": "East Ipswich",
    "country": "AU",
    "lat": -27.60637,
    "lng": 152.77232
  },
  {
    "name": "Eatons Hill",
    "country": "AU",
    "lat": -27.3392,
    "lng": 152.9599
  },
  {
    "name": "East Lindfield",
    "country": "AU",
    "lat": -33.76664,
    "lng": 151.18685
  },
  {
    "name": "East Ryde",
    "country": "AU",
    "lat": -33.81031,
    "lng": 151.13153
  },
  {
    "name": "East Cannington",
    "country": "AU",
    "lat": -32.0098,
    "lng": 115.95503
  },
  {
    "name": "East Bunbury",
    "country": "AU",
    "lat": -33.33619,
    "lng": 115.66041
  },
  {
    "name": "East Mackay",
    "country": "AU",
    "lat": -21.14979,
    "lng": 149.1964
  },
  {
    "name": "East Corrimal",
    "country": "AU",
    "lat": -34.37606,
    "lng": 150.91078
  },
  {
    "name": "East Launceston",
    "country": "AU",
    "lat": -41.43843,
    "lng": 147.15101
  },
  {
    "name": "East Toowoomba",
    "country": "AU",
    "lat": -27.57086,
    "lng": 151.97422
  },
  {
    "name": "East Tamworth",
    "country": "AU",
    "lat": -31.08548,
    "lng": 150.93721
  },
  {
    "name": "East Albury",
    "country": "AU",
    "lat": -36.08144,
    "lng": 146.92991
  },
  {
    "name": "East Innisfail",
    "country": "AU",
    "lat": -17.53324,
    "lng": 146.03487
  },
  {
    "name": "East Carnarvon",
    "country": "AU",
    "lat": -24.86397,
    "lng": 113.67768
  },
  {
    "name": "East Devonport",
    "country": "AU",
    "lat": -41.18792,
    "lng": 146.3866
  },
  {
    "name": "East Bendigo",
    "country": "AU",
    "lat": -36.74157,
    "lng": 144.31894
  },
  {
    "name": "East Branxton",
    "country": "AU",
    "lat": -32.65372,
    "lng": 151.36559
  },
  {
    "name": "East Bairnsdale",
    "country": "AU",
    "lat": -37.83426,
    "lng": 147.65548
  },
  {
    "name": "East Kempsey",
    "country": "AU",
    "lat": -31.08242,
    "lng": 152.85253
  },
  {
    "name": "East Jindabyne",
    "country": "AU",
    "lat": -36.39579,
    "lng": 148.65137
  },
  {
    "name": "Eagle Ridge",
    "country": "CA",
    "lat": 49.28778,
    "lng": -122.82167
  },
  {
    "name": "East Angus",
    "country": "CA",
    "lat": 45.48338,
    "lng": -71.66577
  },
  {
    "name": "East Gwillimbury",
    "country": "CA",
    "lat": 44.10087,
    "lng": -79.43785
  },
  {
    "name": "East Sooke",
    "country": "CA",
    "lat": 48.36639,
    "lng": -123.68361
  },
  {
    "name": "East Wellington",
    "country": "CA",
    "lat": 49.17385,
    "lng": -124.01745
  },
  {
    "name": "East Broughton",
    "country": "CA",
    "lat": 46.21358,
    "lng": -71.07674
  },
  {
    "name": "East End-Danforth",
    "country": "CA",
    "lat": 43.68417,
    "lng": -79.29936
  },
  {
    "name": "East Cambie",
    "country": "CA",
    "lat": 49.18434,
    "lng": -123.09267
  },
  {
    "name": "East Richmond-Fraser Lands",
    "country": "CA",
    "lat": 49.15971,
    "lng": -123.02973
  },
  {
    "name": "Eastern Hillsides",
    "country": "CA",
    "lat": 49.14269,
    "lng": -121.82859
  },
  {
    "name": "East Hastings",
    "country": "CA",
    "lat": 49.27169,
    "lng": -123.06186
  },
  {
    "name": "East Clayton",
    "country": "CA",
    "lat": 49.12487,
    "lng": -122.70172
  },
  {
    "name": "Ea",
    "country": "ES",
    "lat": 43.37985,
    "lng": -2.58556
  },
  {
    "name": "East Helsinki",
    "country": "FI",
    "lat": 60.21043,
    "lng": 25.08289
  },
  {
    "name": "Eauripik",
    "country": "FM",
    "lat": 6.687,
    "lng": 143.0375
  },
  {
    "name": "Eauze",
    "country": "FR",
    "lat": 43.86071,
    "lng": 0.10061
  },
  {
    "name": "Eaunes",
    "country": "FR",
    "lat": 43.42548,
    "lng": 1.35349
  },
  {
    "name": "Eaubonne",
    "country": "FR",
    "lat": 48.99712,
    "lng": 2.28249
  },
  {
    "name": "Eaton Socon",
    "country": "GB",
    "lat": 52.21752,
    "lng": -0.28925
  },
  {
    "name": "Eaton Bray",
    "country": "GB",
    "lat": 51.87697,
    "lng": -0.59167
  },
  {
    "name": "Eaton",
    "country": "GB",
    "lat": 53.18333,
    "lng": -2.2
  },
  {
    "name": "Eastwood",
    "country": "GB",
    "lat": 53.0,
    "lng": -1.3
  },
  {
    "name": "East Wittering",
    "country": "GB",
    "lat": 50.76969,
    "lng": -0.87444
  },
  {
    "name": "East Wemyss",
    "country": "GB",
    "lat": 56.16018,
    "lng": -3.06422
  },
  {
    "name": "East Tilbury",
    "country": "GB",
    "lat": 51.48053,
    "lng": 0.41714
  },
  {
    "name": "Eastry",
    "country": "GB",
    "lat": 51.24639,
    "lng": 1.30776
  },
  {
    "name": "Eastrington",
    "country": "GB",
    "lat": 53.76038,
    "lng": -0.79325
  },
  {
    "name": "East Peckham",
    "country": "GB",
    "lat": 51.21234,
    "lng": 0.38624
  },
  {
    "name": "Easton on the Hill",
    "country": "GB",
    "lat": 52.62733,
    "lng": -0.50571
  },
  {
    "name": "Easton",
    "country": "GB",
    "lat": 50.53333,
    "lng": -2.45
  },
  {
    "name": "Eastoft",
    "country": "GB",
    "lat": 53.63624,
    "lng": -0.78492
  },
  {
    "name": "East Molesey",
    "country": "GB",
    "lat": 51.39872,
    "lng": -0.34916
  },
  {
    "name": "East Markham",
    "country": "GB",
    "lat": 53.25221,
    "lng": -0.89385
  },
  {
    "name": "East Linton",
    "country": "GB",
    "lat": 55.98737,
    "lng": -2.65682
  },
  {
    "name": "Eastleigh",
    "country": "GB",
    "lat": 50.96667,
    "lng": -1.35
  },
  {
    "name": "East Leake",
    "country": "GB",
    "lat": 52.83015,
    "lng": -1.18103
  },
  {
    "name": "East Kilbride",
    "country": "GB",
    "lat": 55.76412,
    "lng": -4.17669
  },
  {
    "name": "East Horsley",
    "country": "GB",
    "lat": 51.27358,
    "lng": -0.43207
  },
  {
    "name": "East Harptree",
    "country": "GB",
    "lat": 51.30111,
    "lng": -2.62167
  },
  {
    "name": "East Harling",
    "country": "GB",
    "lat": 52.43843,
    "lng": 0.93353
  },
  {
    "name": "East Hanney",
    "country": "GB",
    "lat": 51.63443,
    "lng": -1.39518
  },
  {
    "name": "East Ham",
    "country": "GB",
    "lat": 51.53333,
    "lng": 0.05
  },
  {
    "name": "East Grinstead",
    "country": "GB",
    "lat": 51.12382,
    "lng": -0.0061
  },
  {
    "name": "East Dulwich",
    "country": "GB",
    "lat": 51.45353,
    "lng": -0.07203
  },
  {
    "name": "East Dereham",
    "country": "GB",
    "lat": 52.68333,
    "lng": 0.93333
  },
  {
    "name": "East Dean",
    "country": "GB",
    "lat": 51.03979,
    "lng": -1.60941
  },
  {
    "name": "Eastchurch",
    "country": "GB",
    "lat": 51.40673,
    "lng": 0.85766
  },
  {
    "name": "East Chevington",
    "country": "GB",
    "lat": 55.28333,
    "lng": -1.58333
  },
  {
    "name": "East Calder",
    "country": "GB",
    "lat": 55.89186,
    "lng": -3.46372
  },
  {
    "name": "East Bridgford",
    "country": "GB",
    "lat": 52.97954,
    "lng": -0.96563
  },
  {
    "name": "Eastbourne",
    "country": "GB",
    "lat": 50.76871,
    "lng": 0.28453
  },
  {
    "name": "East Boldon",
    "country": "GB",
    "lat": 54.94452,
    "lng": -1.42815
  },
  {
    "name": "East Bergholt",
    "country": "GB",
    "lat": 51.97785,
    "lng": 1.01761
  },
  {
    "name": "Easingwold",
    "country": "GB",
    "lat": 54.1201,
    "lng": -1.1939
  },
  {
    "name": "Easington",
    "country": "GB",
    "lat": 54.78528,
    "lng": -1.35917
  },
  {
    "name": "Easington",
    "country": "GB",
    "lat": 53.65359,
    "lng": 0.11501
  },
  {
    "name": "Earlswood",
    "country": "GB",
    "lat": 51.22901,
    "lng": -0.17582
  },
  {
    "name": "Earlston",
    "country": "GB",
    "lat": 55.63856,
    "lng": -2.67495
  },
  {
    "name": "Earls Court",
    "country": "GB",
    "lat": 51.49159,
    "lng": -0.19801
  },
  {
    "name": "Earls Colne",
    "country": "GB",
    "lat": 51.92744,
    "lng": 0.70107
  },
  {
    "name": "Earls Barton",
    "country": "GB",
    "lat": 52.26627,
    "lng": -0.75248
  },
  {
    "name": "Earley",
    "country": "GB",
    "lat": 51.44085,
    "lng": -0.92384
  },
  {
    "name": "Earith",
    "country": "GB",
    "lat": 52.35422,
    "lng": 0.03056
  },
  {
    "name": "Earby",
    "country": "GB",
    "lat": 53.91546,
    "lng": -2.14285
  },
  {
    "name": "Ealing",
    "country": "GB",
    "lat": 51.51216,
    "lng": -0.30204
  },
  {
    "name": "Eaglesham",
    "country": "GB",
    "lat": 55.74119,
    "lng": -4.27459
  },
  {
    "name": "East Cowes",
    "country": "GB",
    "lat": 50.75774,
    "lng": -1.28815
  },
  {
    "name": "Eastington",
    "country": "GB",
    "lat": 51.74722,
    "lng": -2.32639
  },
  {
    "name": "Easton-in-Gordano",
    "country": "GB",
    "lat": 51.47592,
    "lng": -2.69987
  },
  {
    "name": "East Keswick",
    "country": "GB",
    "lat": 53.8943,
    "lng": -1.45221
  },
  {
    "name": "East Ayton",
    "country": "GB",
    "lat": 54.2548,
    "lng": -0.47483
  },
  {
    "name": "Earl Shilton",
    "country": "GB",
    "lat": 52.57682,
    "lng": -1.31536
  },
  {
    "name": "Eaglescliffe",
    "country": "GB",
    "lat": 54.52521,
    "lng": -1.35043
  },
  {
    "name": "Easington Colliery",
    "country": "GB",
    "lat": 54.78792,
    "lng": -1.32819
  },
  {
    "name": "Earlsfield",
    "country": "GB",
    "lat": 51.4439,
    "lng": -0.1854
  },
  {
    "name": "Eastriggs",
    "country": "GB",
    "lat": 54.98597,
    "lng": -3.18051
  },
  {
    "name": "East Rainton",
    "country": "GB",
    "lat": 54.82513,
    "lng": -1.48036
  },
  {
    "name": "East Sheen",
    "country": "GB",
    "lat": 51.46291,
    "lng": -0.26844
  },
  {
    "name": "East Whitburn",
    "country": "GB",
    "lat": 55.86855,
    "lng": -3.66295
  },
  {
    "name": "Ealing Common",
    "country": "GB",
    "lat": 51.50686,
    "lng": -0.29546
  },
  {
    "name": "East Barnet",
    "country": "GB",
    "lat": 51.64674,
    "lng": -0.16103
  },
  {
    "name": "Eahun",
    "country": "ID",
    "lat": -10.6146,
    "lng": 123.3852
  },
  {
    "name": "Eadestown",
    "country": "IE",
    "lat": 53.20274,
    "lng": -6.57768
  },
  {
    "name": "Easington",
    "country": "JM",
    "lat": 17.92397,
    "lng": -76.58824
  },
  {
    "name": "East End",
    "country": "KY",
    "lat": 19.3,
    "lng": -81.11667
  },
  {
    "name": "Eastermar",
    "country": "NL",
    "lat": 53.17466,
    "lng": 6.05999
  },
  {
    "name": "East Taieri",
    "country": "NZ",
    "lat": -45.9,
    "lng": 170.33333
  },
  {
    "name": "Ealing",
    "country": "NZ",
    "lat": -44.05,
    "lng": 171.41667
  },
  {
    "name": "Eastbourne",
    "country": "NZ",
    "lat": -41.3,
    "lng": 174.9
  },
  {
    "name": "East Gore",
    "country": "NZ",
    "lat": -46.0884,
    "lng": 168.95009
  },
  {
    "name": "Eastern Beach",
    "country": "NZ",
    "lat": -36.8682,
    "lng": 174.90019
  },
  {
    "name": "East Valencia",
    "country": "PH",
    "lat": 10.668,
    "lng": 122.71
  },
  {
    "name": "East Migpulao",
    "country": "PH",
    "lat": 7.6325,
    "lng": 123.35917
  },
  {
    "name": "East Jerusalem",
    "country": "PS",
    "lat": 31.78336,
    "lng": 35.23388
  },
  {
    "name": "East Brewton",
    "country": "US",
    "lat": 31.09323,
    "lng": -87.06275
  },
  {
    "name": "East Florence",
    "country": "US",
    "lat": 34.80953,
    "lng": -87.64947
  },
  {
    "name": "Earle",
    "country": "US",
    "lat": 35.27509,
    "lng": -90.46677
  },
  {
    "name": "East End",
    "country": "US",
    "lat": 34.55065,
    "lng": -92.34099
  },
  {
    "name": "Eagle Lake",
    "country": "US",
    "lat": 27.97836,
    "lng": -81.75647
  },
  {
    "name": "East Lake",
    "country": "US",
    "lat": 28.11085,
    "lng": -82.69482
  },
  {
    "name": "East Milton",
    "country": "US",
    "lat": 30.61519,
    "lng": -87.02163
  },
  {
    "name": "East Naples",
    "country": "US",
    "lat": 26.13842,
    "lng": -81.76648
  },
  {
    "name": "East Palatka",
    "country": "US",
    "lat": 29.6583,
    "lng": -81.59841
  },
  {
    "name": "East Pensacola Heights",
    "country": "US",
    "lat": 30.42881,
    "lng": -87.17997
  },
  {
    "name": "East Perrine",
    "country": "US",
    "lat": 25.60872,
    "lng": -80.33894
  },
  {
    "name": "Eastpoint",
    "country": "US",
    "lat": 29.7366,
    "lng": -84.87852
  },
  {
    "name": "Eatonville",
    "country": "US",
    "lat": 28.61472,
    "lng": -81.38062
  },
  {
    "name": "East Dublin",
    "country": "US",
    "lat": 32.54822,
    "lng": -82.87181
  },
  {
    "name": "East Griffin",
    "country": "US",
    "lat": 33.24373,
    "lng": -84.22881
  },
  {
    "name": "East Point",
    "country": "US",
    "lat": 33.67955,
    "lng": -84.43937
  },
  {
    "name": "East Newnan",
    "country": "US",
    "lat": 33.35067,
    "lng": -84.7766
  },
  {
    "name": "Eastman",
    "country": "US",
    "lat": 32.19767,
    "lng": -83.17765
  },
  {
    "name": "Eatonton",
    "country": "US",
    "lat": 33.3268,
    "lng": -83.3885
  },
  {
    "name": "East Alton",
    "country": "US",
    "lat": 38.88033,
    "lng": -90.11122
  },
  {
    "name": "East Saint Louis",
    "country": "US",
    "lat": 38.6245,
    "lng": -90.15094
  },
  {
    "name": "Earlington",
    "country": "US",
    "lat": 37.27421,
    "lng": -87.51194
  },
  {
    "name": "Eastwood",
    "country": "US",
    "lat": 32.55626,
    "lng": -93.56712
  },
  {
    "name": "East Riverdale",
    "country": "US",
    "lat": 38.958,
    "lng": -76.911
  },
  {
    "name": "Easton",
    "country": "US",
    "lat": 38.77428,
    "lng": -76.07633
  },
  {
    "name": "East Independence",
    "country": "US",
    "lat": 39.09556,
    "lng": -94.35523
  },
  {
    "name": "East Prairie",
    "country": "US",
    "lat": 36.77978,
    "lng": -89.38563
  },
  {
    "name": "East Flat Rock",
    "country": "US",
    "lat": 35.28012,
    "lng": -82.42206
  },
  {
    "name": "East Rockingham",
    "country": "US",
    "lat": 34.91821,
    "lng": -79.76256
  },
  {
    "name": "East Spencer",
    "country": "US",
    "lat": 35.68181,
    "lng": -80.43228
  },
  {
    "name": "Eastover",
    "country": "US",
    "lat": 35.1,
    "lng": -78.8
  },
  {
    "name": "Eaton",
    "country": "US",
    "lat": 39.74394,
    "lng": -84.63662
  },
  {
    "name": "East Berlin",
    "country": "US",
    "lat": 39.9376,
    "lng": -76.97859
  },
  {
    "name": "East Lansdowne",
    "country": "US",
    "lat": 39.94567,
    "lng": -75.26129
  },
  {
    "name": "East Uniontown",
    "country": "US",
    "lat": 39.8998,
    "lng": -79.69782
  },
  {
    "name": "East York",
    "country": "US",
    "lat": 39.97371,
    "lng": -76.68636
  },
  {
    "name": "Eastwick",
    "country": "US",
    "lat": 39.89039,
    "lng": -75.2424
  },
  {
    "name": "Easley",
    "country": "US",
    "lat": 34.82984,
    "lng": -82.60152
  },
  {
    "name": "East Gaffney",
    "country": "US",
    "lat": 35.08013,
    "lng": -81.63287
  },
  {
    "name": "East Sumter",
    "country": "US",
    "lat": 33.92544,
    "lng": -80.29619
  },
  {
    "name": "Eagleton Village",
    "country": "US",
    "lat": 35.79508,
    "lng": -83.93185
  },
  {
    "name": "East Brainerd",
    "country": "US",
    "lat": 34.99591,
    "lng": -85.15023
  },
  {
    "name": "East Chattanooga",
    "country": "US",
    "lat": 35.06535,
    "lng": -85.24912
  },
  {
    "name": "East Cleveland",
    "country": "US",
    "lat": 35.16091,
    "lng": -84.85772
  },
  {
    "name": "East Ridge",
    "country": "US",
    "lat": 35.01424,
    "lng": -85.2519
  },
  {
    "name": "Eagle Lake",
    "country": "US",
    "lat": 29.58968,
    "lng": -96.33358
  },
  {
    "name": "Eagle Mountain",
    "country": "US",
    "lat": 32.89346,
    "lng": -97.44446
  },
  {
    "name": "Early",
    "country": "US",
    "lat": 31.7421,
    "lng": -98.94561
  },
  {
    "name": "East Bernard",
    "country": "US",
    "lat": 29.53107,
    "lng": -96.07107
  },
  {
    "name": "Eastland",
    "country": "US",
    "lat": 32.40152,
    "lng": -98.81756
  },
  {
    "name": "East Hampton",
    "country": "US",
    "lat": 37.03737,
    "lng": -76.33161
  },
  {
    "name": "East Lexington",
    "country": "US",
    "lat": 37.79291,
    "lng": -79.42532
  },
  {
    "name": "East Highland Park",
    "country": "US",
    "lat": 37.58098,
    "lng": -77.40693
  },
  {
    "name": "Eastville",
    "country": "US",
    "lat": 37.35264,
    "lng": -75.94576
  },
  {
    "name": "East Falmouth",
    "country": "US",
    "lat": 41.57844,
    "lng": -70.55864
  },
  {
    "name": "East Brooklyn",
    "country": "US",
    "lat": 41.79677,
    "lng": -71.89729
  },
  {
    "name": "East Haddam",
    "country": "US",
    "lat": 41.45315,
    "lng": -72.4612
  },
  {
    "name": "East Hampton",
    "country": "US",
    "lat": 41.57593,
    "lng": -72.50259
  },
  {
    "name": "East Hartford",
    "country": "US",
    "lat": 41.78232,
    "lng": -72.61203
  },
  {
    "name": "East Haven",
    "country": "US",
    "lat": 41.27621,
    "lng": -72.86843
  },
  {
    "name": "East Norwalk",
    "country": "US",
    "lat": 41.10565,
    "lng": -73.39845
  },
  {
    "name": "Easton",
    "country": "US",
    "lat": 41.25287,
    "lng": -73.29734
  },
  {
    "name": "Eagle Grove",
    "country": "US",
    "lat": 42.66414,
    "lng": -93.90439
  },
  {
    "name": "Earlham",
    "country": "US",
    "lat": 41.49193,
    "lng": -94.12412
  },
  {
    "name": "Earlville",
    "country": "US",
    "lat": 41.58948,
    "lng": -88.92203
  },
  {
    "name": "East Dundee",
    "country": "US",
    "lat": 42.09891,
    "lng": -88.27147
  },
  {
    "name": "East Dubuque",
    "country": "US",
    "lat": 42.49223,
    "lng": -90.64291
  },
  {
    "name": "East Garfield Park",
    "country": "US",
    "lat": 41.88087,
    "lng": -87.70283
  },
  {
    "name": "East Hazel Crest",
    "country": "US",
    "lat": 41.57365,
    "lng": -87.64643
  },
  {
    "name": "East Moline",
    "country": "US",
    "lat": 41.50087,
    "lng": -90.4443
  },
  {
    "name": "East Peoria",
    "country": "US",
    "lat": 40.66615,
    "lng": -89.5801
  },
  {
    "name": "East Chicago",
    "country": "US",
    "lat": 41.6392,
    "lng": -87.45476
  },
  {
    "name": "Eaton",
    "country": "US",
    "lat": 40.34032,
    "lng": -85.3508
  },
  {
    "name": "East Boston",
    "country": "US",
    "lat": 42.3751,
    "lng": -71.03922
  },
  {
    "name": "East Bridgewater",
    "country": "US",
    "lat": 42.03343,
    "lng": -70.95921
  },
  {
    "name": "East Brookfield",
    "country": "US",
    "lat": 42.22787,
    "lng": -72.04674
  },
  {
    "name": "East Cambridge",
    "country": "US",
    "lat": 42.36676,
    "lng": -71.08005
  },
  {
    "name": "East Dennis",
    "country": "US",
    "lat": 41.74261,
    "lng": -70.16196
  },
  {
    "name": "East Douglas",
    "country": "US",
    "lat": 42.07232,
    "lng": -71.7134
  },
  {
    "name": "East Harwich",
    "country": "US",
    "lat": 41.70011,
    "lng": -70.02724
  },
  {
    "name": "East Longmeadow",
    "country": "US",
    "lat": 42.06454,
    "lng": -72.51259
  },
  {
    "name": "East Pepperell",
    "country": "US",
    "lat": 42.66537,
    "lng": -71.57312
  },
  {
    "name": "East Sandwich",
    "country": "US",
    "lat": 41.74177,
    "lng": -70.45169
  },
  {
    "name": "East Somerville",
    "country": "US",
    "lat": 42.38673,
    "lng": -71.0839
  },
  {
    "name": "Eastham",
    "country": "US",
    "lat": 41.83011,
    "lng": -69.97391
  },
  {
    "name": "Easthampton",
    "country": "US",
    "lat": 42.26676,
    "lng": -72.66898
  },
  {
    "name": "Easton",
    "country": "US",
    "lat": 42.02454,
    "lng": -71.12866
  },
  {
    "name": "East Machias",
    "country": "US",
    "lat": 44.73924,
    "lng": -67.38999
  },
  {
    "name": "East Millinocket",
    "country": "US",
    "lat": 45.62755,
    "lng": -68.57448
  },
  {
    "name": "Easton",
    "country": "US",
    "lat": 46.64115,
    "lng": -67.90947
  },
  {
    "name": "Eastport",
    "country": "US",
    "lat": 44.90449,
    "lng": -66.98438
  },
  {
    "name": "Eagle River",
    "country": "US",
    "lat": 47.41381,
    "lng": -88.29566
  },
  {
    "name": "East Grand Rapids",
    "country": "US",
    "lat": 42.94114,
    "lng": -85.61003
  },
  {
    "name": "East Jordan",
    "country": "US",
    "lat": 45.15806,
    "lng": -85.12423
  },
  {
    "name": "East Lansing",
    "country": "US",
    "lat": 42.73698,
    "lng": -84.48387
  },
  {
    "name": "East Tawas",
    "country": "US",
    "lat": 44.27946,
    "lng": -83.49025
  },
  {
    "name": "Eastpointe",
    "country": "US",
    "lat": 42.46837,
    "lng": -82.95547
  },
  {
    "name": "Eastwood",
    "country": "US",
    "lat": 42.3031,
    "lng": -85.55028
  },
  {
    "name": "Eaton Rapids",
    "country": "US",
    "lat": 42.5092,
    "lng": -84.65581
  },
  {
    "name": "Eagan",
    "country": "US",
    "lat": 44.80413,
    "lng": -93.16689
  },
  {
    "name": "Eagle Lake",
    "country": "US",
    "lat": 44.16497,
    "lng": -93.88134
  },
  {
    "name": "East Bethel",
    "country": "US",
    "lat": 45.31941,
    "lng": -93.20245
  },
  {
    "name": "East Grand Forks",
    "country": "US",
    "lat": 47.92998,
    "lng": -97.02452
  },
  {
    "name": "East Gull Lake",
    "country": "US",
    "lat": 46.40802,
    "lng": -94.35584
  },
  {
    "name": "Eagle",
    "country": "US",
    "lat": 40.81667,
    "lng": -96.43029
  },
  {
    "name": "East Concord",
    "country": "US",
    "lat": 43.24202,
    "lng": -71.53813
  },
  {
    "name": "East Kingston",
    "country": "US",
    "lat": 42.92564,
    "lng": -71.01672
  },
  {
    "name": "East Merrimack",
    "country": "US",
    "lat": 42.86814,
    "lng": -71.4834
  },
  {
    "name": "East Brunswick",
    "country": "US",
    "lat": 40.42788,
    "lng": -74.41598
  },
  {
    "name": "East Freehold",
    "country": "US",
    "lat": 40.28094,
    "lng": -74.25126
  },
  {
    "name": "East Hanover",
    "country": "US",
    "lat": 40.8201,
    "lng": -74.36487
  },
  {
    "name": "East Newark",
    "country": "US",
    "lat": 40.74843,
    "lng": -74.16181
  },
  {
    "name": "East Orange",
    "country": "US",
    "lat": 40.76732,
    "lng": -74.20487
  },
  {
    "name": "East Rutherford",
    "country": "US",
    "lat": 40.83399,
    "lng": -74.09709
  },
  {
    "name": "Eatontown",
    "country": "US",
    "lat": 40.29622,
    "lng": -74.05097
  },
  {
    "name": "East Amherst",
    "country": "US",
    "lat": 43.01839,
    "lng": -78.6967
  },
  {
    "name": "East Atlantic Beach",
    "country": "US",
    "lat": 40.78982,
    "lng": -73.74708
  },
  {
    "name": "East Aurora",
    "country": "US",
    "lat": 42.76784,
    "lng": -78.61336
  },
  {
    "name": "East Elmhurst",
    "country": "US",
    "lat": 40.76121,
    "lng": -73.86514
  },
  {
    "name": "East Farmingdale",
    "country": "US",
    "lat": 40.72927,
    "lng": -73.41679
  },
  {
    "name": "East Flatbush",
    "country": "US",
    "lat": 40.65371,
    "lng": -73.93042
  },
  {
    "name": "East Garden City",
    "country": "US",
    "lat": 40.73083,
    "lng": -73.59806
  },
  {
    "name": "East Glenville",
    "country": "US",
    "lat": 42.89452,
    "lng": -73.9279
  },
  {
    "name": "East Greenbush",
    "country": "US",
    "lat": 42.59091,
    "lng": -73.70179
  },
  {
    "name": "East Hampton",
    "country": "US",
    "lat": 40.96343,
    "lng": -72.1848
  },
  {
    "name": "East Hills",
    "country": "US",
    "lat": 40.79371,
    "lng": -73.62707
  },
  {
    "name": "East Islip",
    "country": "US",
    "lat": 40.73204,
    "lng": -73.18567
  },
  {
    "name": "East Ithaca",
    "country": "US",
    "lat": 42.43952,
    "lng": -76.47855
  },
  {
    "name": "East Meadow",
    "country": "US",
    "lat": 40.71399,
    "lng": -73.55902
  },
  {
    "name": "East Massapequa",
    "country": "US",
    "lat": 40.67343,
    "lng": -73.43651
  },
  {
    "name": "East Moriches",
    "country": "US",
    "lat": 40.8051,
    "lng": -72.76093
  },
  {
    "name": "East New York",
    "country": "US",
    "lat": 40.66677,
    "lng": -73.88236
  },
  {
    "name": "East Northport",
    "country": "US",
    "lat": 40.87676,
    "lng": -73.32456
  },
  {
    "name": "East Norwich",
    "country": "US",
    "lat": 40.84677,
    "lng": -73.53512
  },
  {
    "name": "East Patchogue",
    "country": "US",
    "lat": 40.76704,
    "lng": -72.99622
  },
  {
    "name": "East Quogue",
    "country": "US",
    "lat": 40.84066,
    "lng": -72.58148
  },
  {
    "name": "East Rochester",
    "country": "US",
    "lat": 43.10867,
    "lng": -77.4875
  },
  {
    "name": "East Rockaway",
    "country": "US",
    "lat": 40.64205,
    "lng": -73.66957
  },
  {
    "name": "East Setauket",
    "country": "US",
    "lat": 40.94149,
    "lng": -73.10594
  },
  {
    "name": "East Shoreham",
    "country": "US",
    "lat": 40.94482,
    "lng": -72.87955
  },
  {
    "name": "East Syracuse",
    "country": "US",
    "lat": 43.06534,
    "lng": -76.07853
  },
  {
    "name": "East Tremont",
    "country": "US",
    "lat": 40.84538,
    "lng": -73.89097
  },
  {
    "name": "East Village",
    "country": "US",
    "lat": 40.72927,
    "lng": -73.98736
  },
  {
    "name": "East Williston",
    "country": "US",
    "lat": 40.75843,
    "lng": -73.63485
  },
  {
    "name": "Eastchester",
    "country": "US",
    "lat": 40.95833,
    "lng": -73.80861
  },
  {
    "name": "Eastchester",
    "country": "US",
    "lat": 40.88601,
    "lng": -73.82804
  },
  {
    "name": "Eastport",
    "country": "US",
    "lat": 40.82593,
    "lng": -72.73177
  },
  {
    "name": "Eatons Neck",
    "country": "US",
    "lat": 40.93065,
    "lng": -73.40151
  },
  {
    "name": "East Canton",
    "country": "US",
    "lat": 40.78728,
    "lng": -81.28261
  },
  {
    "name": "East Cleveland",
    "country": "US",
    "lat": 41.53311,
    "lng": -81.57901
  },
  {
    "name": "East Liverpool",
    "country": "US",
    "lat": 40.61868,
    "lng": -80.57729
  },
  {
    "name": "East Palestine",
    "country": "US",
    "lat": 40.83395,
    "lng": -80.54035
  },
  {
    "name": "Eastlake",
    "country": "US",
    "lat": 41.65394,
    "lng": -81.45039
  },
  {
    "name": "Eaton Estates",
    "country": "US",
    "lat": 41.30894,
    "lng": -82.0057
  },
  {
    "name": "Eagleville",
    "country": "US",
    "lat": 40.15955,
    "lng": -75.40824
  },
  {
    "name": "Earlston",
    "country": "US",
    "lat": 40.00619,
    "lng": -78.37001
  },
  {
    "name": "East Bangor",
    "country": "US",
    "lat": 40.87954,
    "lng": -75.18379
  },
  {
    "name": "East Berwick",
    "country": "US",
    "lat": 41.06203,
    "lng": -76.22243
  },
  {
    "name": "East Conemaugh",
    "country": "US",
    "lat": 40.34868,
    "lng": -78.88364
  },
  {
    "name": "East Earl",
    "country": "US",
    "lat": 40.1101,
    "lng": -76.03272
  },
  {
    "name": "East Falls",
    "country": "US",
    "lat": 40.01456,
    "lng": -75.19157
  },
  {
    "name": "East Greenville",
    "country": "US",
    "lat": 40.40649,
    "lng": -75.50185
  },
  {
    "name": "East McKeesport",
    "country": "US",
    "lat": 40.38312,
    "lng": -79.80644
  },
  {
    "name": "East Oak Lane",
    "country": "US",
    "lat": 40.05011,
    "lng": -75.13295
  },
  {
    "name": "East Petersburg",
    "country": "US",
    "lat": 40.1001,
    "lng": -76.35413
  },
  {
    "name": "East Pittsburgh",
    "country": "US",
    "lat": 40.39562,
    "lng": -79.83866
  },
  {
    "name": "East Stroudsburg",
    "country": "US",
    "lat": 40.99954,
    "lng": -75.18129
  },
  {
    "name": "East Washington",
    "country": "US",
    "lat": 40.17368,
    "lng": -80.23756
  },
  {
    "name": "Eastlawn Gardens",
    "country": "US",
    "lat": 40.75065,
    "lng": -75.29573
  },
  {
    "name": "Easton",
    "country": "US",
    "lat": 40.68843,
    "lng": -75.22073
  },
  {
    "name": "East Greenwich",
    "country": "US",
    "lat": 41.66038,
    "lng": -71.45589
  },
  {
    "name": "East Providence",
    "country": "US",
    "lat": 41.81371,
    "lng": -71.37005
  },
  {
    "name": "Eagle",
    "country": "US",
    "lat": 42.87946,
    "lng": -88.47427
  },
  {
    "name": "Eagle Lake",
    "country": "US",
    "lat": 42.70696,
    "lng": -88.12814
  },
  {
    "name": "Eagle River",
    "country": "US",
    "lat": 45.91718,
    "lng": -89.2443
  },
  {
    "name": "East Troy",
    "country": "US",
    "lat": 42.78529,
    "lng": -88.4051
  },
  {
    "name": "Easton",
    "country": "US",
    "lat": 43.83803,
    "lng": -89.80679
  },
  {
    "name": "Eau Claire",
    "country": "US",
    "lat": 44.81135,
    "lng": -91.49849
  },
  {
    "name": "East Windsor",
    "country": "US",
    "lat": 41.91232,
    "lng": -72.54509
  },
  {
    "name": "Eagar",
    "country": "US",
    "lat": 34.11124,
    "lng": -109.29238
  },
  {
    "name": "East Sahuarita",
    "country": "US",
    "lat": 31.94286,
    "lng": -110.92842
  },
  {
    "name": "Earlimart",
    "country": "US",
    "lat": 35.88412,
    "lng": -119.27233
  },
  {
    "name": "East Rancho Dominguez",
    "country": "US",
    "lat": 33.89807,
    "lng": -118.19535
  },
  {
    "name": "East Foothills",
    "country": "US",
    "lat": 37.38105,
    "lng": -121.81745
  },
  {
    "name": "East Hemet",
    "country": "US",
    "lat": 33.74002,
    "lng": -116.93891
  },
  {
    "name": "East La Mirada",
    "country": "US",
    "lat": 33.92446,
    "lng": -117.98895
  },
  {
    "name": "East Los Angeles",
    "country": "US",
    "lat": 34.0239,
    "lng": -118.17202
  },
  {
    "name": "East Oakdale",
    "country": "US",
    "lat": 37.78798,
    "lng": -120.80382
  },
  {
    "name": "East Palo Alto",
    "country": "US",
    "lat": 37.46883,
    "lng": -122.14108
  },
  {
    "name": "East Pasadena",
    "country": "US",
    "lat": 34.13814,
    "lng": -118.07384
  },
  {
    "name": "East Porterville",
    "country": "US",
    "lat": 36.05745,
    "lng": -118.97566
  },
  {
    "name": "East Quincy",
    "country": "US",
    "lat": 39.93406,
    "lng": -120.89801
  },
  {
    "name": "East Richmond Heights",
    "country": "US",
    "lat": 37.94492,
    "lng": -122.31358
  },
  {
    "name": "East San Gabriel",
    "country": "US",
    "lat": 34.09168,
    "lng": -118.09118
  },
  {
    "name": "East Sonora",
    "country": "US",
    "lat": 37.9777,
    "lng": -120.3613
  },
  {
    "name": "Easton",
    "country": "US",
    "lat": 36.65023,
    "lng": -119.7907
  },
  {
    "name": "Eads",
    "country": "US",
    "lat": 38.48056,
    "lng": -102.78186
  },
  {
    "name": "Eagle",
    "country": "US",
    "lat": 39.65526,
    "lng": -106.82865
  },
  {
    "name": "Eagle Pass",
    "country": "US",
    "lat": 28.70914,
    "lng": -100.49952
  },
  {
    "name": "Earth",
    "country": "US",
    "lat": 34.23314,
    "lng": -102.41075
  },
  {
    "name": "East Carbon City",
    "country": "US",
    "lat": 39.54774,
    "lng": -110.41488
  },
  {
    "name": "Eaton",
    "country": "US",
    "lat": 40.53026,
    "lng": -104.71135
  },
  {
    "name": "Eagle",
    "country": "US",
    "lat": 43.69544,
    "lng": -116.35401
  },
  {
    "name": "East Helena",
    "country": "US",
    "lat": 46.58966,
    "lng": -111.91555
  },
  {
    "name": "East Missoula",
    "country": "US",
    "lat": 46.87076,
    "lng": -113.94455
  },
  {
    "name": "Eagle Point",
    "country": "US",
    "lat": 42.47263,
    "lng": -122.80282
  },
  {
    "name": "Eagle Butte",
    "country": "US",
    "lat": 45.00248,
    "lng": -101.23349
  },
  {
    "name": "Eagle Mountain",
    "country": "US",
    "lat": 40.31412,
    "lng": -112.00688
  },
  {
    "name": "East Millcreek",
    "country": "US",
    "lat": 40.69995,
    "lng": -111.81049
  },
  {
    "name": "East Port Orchard",
    "country": "US",
    "lat": 47.52343,
    "lng": -122.6243
  },
  {
    "name": "East Renton Highlands",
    "country": "US",
    "lat": 47.48482,
    "lng": -122.11234
  },
  {
    "name": "East Wenatchee",
    "country": "US",
    "lat": 47.41568,
    "lng": -120.29313
  },
  {
    "name": "East Wenatchee Bench",
    "country": "US",
    "lat": 47.42568,
    "lng": -120.28118
  },
  {
    "name": "Eastgate",
    "country": "US",
    "lat": 47.57266,
    "lng": -122.14578
  },
  {
    "name": "Eatonville",
    "country": "US",
    "lat": 46.86733,
    "lng": -122.2665
  },
  {
    "name": "Eagle River",
    "country": "US",
    "lat": 61.32139,
    "lng": -149.56778
  },
  {
    "name": "East Harlem",
    "country": "US",
    "lat": 40.79472,
    "lng": -73.9425
  },
  {
    "name": "East Mount Airy",
    "country": "US",
    "lat": 40.0645,
    "lng": -75.1875
  },
  {
    "name": "East Hampton North",
    "country": "US",
    "lat": 40.97276,
    "lng": -72.18911
  },
  {
    "name": "East Norriton",
    "country": "US",
    "lat": 40.15043,
    "lng": -75.33637
  },
  {
    "name": "East Bronson",
    "country": "US",
    "lat": 29.45928,
    "lng": -82.5904
  },
  {
    "name": "East Lake-Orient Park",
    "country": "US",
    "lat": 27.98269,
    "lng": -82.37878
  },
  {
    "name": "East Hill-Meridian",
    "country": "US",
    "lat": 47.41052,
    "lng": -122.17369
  },
  {
    "name": "East Honolulu",
    "country": "US",
    "lat": 21.28906,
    "lng": -157.71734
  },
  {
    "name": "East Valley",
    "country": "US",
    "lat": 38.9434,
    "lng": -119.69923
  },
  {
    "name": "East Franklin",
    "country": "US",
    "lat": 40.4933,
    "lng": -74.4711
  },
  {
    "name": "Eagleview",
    "country": "US",
    "lat": 40.05938,
    "lng": -75.68076
  },
  {
    "name": "Eastmont",
    "country": "US",
    "lat": 47.8974,
    "lng": -122.18154
  },
  {
    "name": "Eastvale",
    "country": "US",
    "lat": 33.96358,
    "lng": -117.56418
  },
  {
    "name": "Easterwood",
    "country": "US",
    "lat": 39.30744,
    "lng": -76.65029
  },
  {
    "name": "East Baltimore Midway",
    "country": "US",
    "lat": 39.31485,
    "lng": -76.60323
  },
  {
    "name": "East Arlington",
    "country": "US",
    "lat": 39.33147,
    "lng": -76.66848
  },
  {
    "name": "East Manoa",
    "country": "US",
    "lat": 21.30544,
    "lng": -157.81145
  },
  {
    "name": "Ea Na",
    "country": "VN",
    "lat": 12.54289,
    "lng": 107.98978
  },
  {
    "name": "Ea Súp",
    "country": "VN",
    "lat": 13.06616,
    "lng": 107.88546
  },
  {
    "name": "Ea Drăng",
    "country": "VN",
    "lat": 13.2045,
    "lng": 108.21029
  },
  {
    "name": "Ea Kar",
    "country": "VN",
    "lat": 12.80816,
    "lng": 108.44901
  },
  {
    "name": "Ea T’ling",
    "country": "VN",
    "lat": 12.58904,
    "lng": 107.89578
  },
  {
    "name": "East London",
    "country": "ZA",
    "lat": -33.01529,
    "lng": 27.91162
  },
  {
    "name": "Eastleigh",
    "country": "ZA",
    "lat": -26.12965,
    "lng": 28.15541
  }
]