[
  {
    "name": "Ezeiza",
    "country": "AR",
    "lat": -34.8544,
    "lng": -58.52474
  },
  {
    "name": "Ezhou",
    "country": "CN",
    "lat": 30.4,
    "lng": 114.83333
  },
  {
    "name": "Ezkurra",
    "country": "ES",
    "lat": 43.08333,
    "lng": -1.81667
  },
  {
    "name": "Ezcaray",
    "country": "ES",
    "lat": 42.32536,
    "lng": -3.01309
  },
  {
    "name": "Ezhome",
    "country": "IN",
    "lat": 12.02999,
    "lng": 75.28193
  },
  {
    "name": "Ezhupunna",
    "country": "IN",
    "lat": 9.8211,
    "lng": 76.29982
  },
  {
    "name": "Ezhudesam",
    "country": "IN",
    "lat": 8.26512,
    "lng": 77.14212
  },
  {
    "name": "Ezzhiliga",
    "country": "MA",
    "lat": 33.3,
    "lng": -6.53
  },
  {
    "name": "Ezequiel Montes",
    "country": "MX",
    "lat": 20.6657,
    "lng": -99.89872
  },
  {
    "name": "Ezza-Ohu",
    "country": "NG",
    "lat": 6.44094,
    "lng": 8.08432
  },
  {
    "name": "Ezzamgbo",
    "country": "NG",
    "lat": 6.39895,
    "lng": 7.96155
  },
  {
    "name": "Ezillo",
    "country": "NG",
    "lat": 6.4293,
    "lng": 7.81787
  },
  {
    "name": "Ezeriş",
    "country": "RO",
    "lat": 45.41083,
    "lng": 21.88583
  },
  {
    "name": "Ezhva",
    "country": "RU",
    "lat": 61.81281,
    "lng": 50.72834
  },
  {
    "name": "Ez Zahra",
    "country": "TN",
    "lat": 36.74611,
    "lng": 10.30833
  },
  {
    "name": "Ezzouhour",
    "country": "TN",
    "lat": 35.79014,
    "lng": 10.58264
  },
  {
    "name": "Ezine",
    "country": "TR",
    "lat": 39.78561,
    "lng": 26.34083
  },
  {
    "name": "Ezibomvu",
    "country": "ZA",
    "lat": -28.09016,
    "lng": 30.77948
  }
]