[
  {
    "name": "Fayzabad",
    "country": "AF",
    "lat": 37.11664,
    "lng": 70.58002
  },
  {
    "name": "Faīẕābād",
    "country": "AF",
    "lat": 36.82091,
    "lng": 66.45921
  },
  {
    "name": "Fayẕābād",
    "country": "AF",
    "lat": 36.29111,
    "lng": 64.86222
  },
  {
    "name": "Farkhār",
    "country": "AF",
    "lat": 36.57288,
    "lng": 69.85783
  },
  {
    "name": "Farah",
    "country": "AF",
    "lat": 32.37451,
    "lng": 62.11638
  },
  {
    "name": "Fayrōz Kōh",
    "country": "AF",
    "lat": 34.51952,
    "lng": 65.25093
  },
  {
    "name": "Falmouth",
    "country": "AG",
    "lat": 17.02741,
    "lng": -61.78136
  },
  {
    "name": "Farrington",
    "country": "AI",
    "lat": 18.215,
    "lng": -63.02238
  },
  {
    "name": "Fajzë",
    "country": "AL",
    "lat": 42.16694,
    "lng": 20.35083
  },
  {
    "name": "Farka e Madhe",
    "country": "AL",
    "lat": 41.31191,
    "lng": 19.87072
  },
  {
    "name": "Famatina",
    "country": "AR",
    "lat": -28.92264,
    "lng": -67.52016
  },
  {
    "name": "Famaillá",
    "country": "AR",
    "lat": -27.05452,
    "lng": -65.40189
  },
  {
    "name": "Faleniu",
    "country": "AS",
    "lat": -14.3325,
    "lng": -170.74444
  },
  {
    "name": "Fagatogo",
    "country": "AS",
    "lat": -14.2825,
    "lng": -170.69
  },
  {
    "name": "Faleāsao",
    "country": "AS",
    "lat": -14.2222,
    "lng": -169.51278
  },
  {
    "name": "Farrach",
    "country": "AT",
    "lat": 47.18333,
    "lng": 14.73333
  },
  {
    "name": "Fallbach",
    "country": "AT",
    "lat": 48.65,
    "lng": 16.41667
  },
  {
    "name": "Falkenstein",
    "country": "AT",
    "lat": 48.71667,
    "lng": 16.58333
  },
  {
    "name": "Falkenburg",
    "country": "AT",
    "lat": 47.5,
    "lng": 14.08333
  },
  {
    "name": "Faistenau",
    "country": "AT",
    "lat": 47.77767,
    "lng": 13.23393
  },
  {
    "name": "Faak am See",
    "country": "AT",
    "lat": 46.56806,
    "lng": 13.90972
  },
  {
    "name": "Favoriten",
    "country": "AT",
    "lat": 48.16116,
    "lng": 16.38233
  },
  {
    "name": "Fannie Bay",
    "country": "AU",
    "lat": -12.42275,
    "lng": 130.83627
  },
  {
    "name": "Fawkner",
    "country": "AU",
    "lat": -37.71667,
    "lng": 144.96667
  },
  {
    "name": "Faulconbridge",
    "country": "AU",
    "lat": -33.7,
    "lng": 150.53333
  },
  {
    "name": "Fairfield",
    "country": "AU",
    "lat": -33.86667,
    "lng": 150.95
  },
  {
    "name": "Fairy Meadow",
    "country": "AU",
    "lat": -34.39303,
    "lng": 150.89275
  },
  {
    "name": "Fairfield",
    "country": "AU",
    "lat": -27.50644,
    "lng": 153.02479
  },
  {
    "name": "Fairfield West",
    "country": "AU",
    "lat": -33.8667,
    "lng": 150.917
  },
  {
    "name": "Farrer",
    "country": "AU",
    "lat": -35.37673,
    "lng": 149.105
  },
  {
    "name": "Farrar",
    "country": "AU",
    "lat": -12.48028,
    "lng": 130.9982
  },
  {
    "name": "Fairview Park",
    "country": "AU",
    "lat": -34.79998,
    "lng": 138.72857
  },
  {
    "name": "Fadden",
    "country": "AU",
    "lat": -35.405,
    "lng": 149.11662
  },
  {
    "name": "Farmborough Heights",
    "country": "AU",
    "lat": -34.45499,
    "lng": 150.81308
  },
  {
    "name": "Falcon",
    "country": "AU",
    "lat": -32.58244,
    "lng": 115.66199
  },
  {
    "name": "Falls Creek",
    "country": "AU",
    "lat": -36.86535,
    "lng": 147.27782
  },
  {
    "name": "Fairfield",
    "country": "AU",
    "lat": -37.77977,
    "lng": 145.01764
  },
  {
    "name": "Fairfield East",
    "country": "AU",
    "lat": -33.86938,
    "lng": 150.97129
  },
  {
    "name": "Fairfield Heights",
    "country": "AU",
    "lat": -33.86445,
    "lng": 150.93884
  },
  {
    "name": "Fairlight",
    "country": "AU",
    "lat": -33.79575,
    "lng": 151.27346
  },
  {
    "name": "Faldarlı",
    "country": "AZ",
    "lat": 41.46868,
    "lng": 46.51579
  },
  {
    "name": "Farīdpur",
    "country": "BD",
    "lat": 23.60612,
    "lng": 89.84064
  },
  {
    "name": "Fayt-lez-Manage",
    "country": "BE",
    "lat": 50.48698,
    "lng": 4.22959
  },
  {
    "name": "Fauvillers",
    "country": "BE",
    "lat": 49.85116,
    "lng": 5.66405
  },
  {
    "name": "Faulx-Les Tombes",
    "country": "BE",
    "lat": 50.42708,
    "lng": 5.02075
  },
  {
    "name": "Farciennes",
    "country": "BE",
    "lat": 50.43006,
    "lng": 4.54152
  },
  {
    "name": "Falisolle",
    "country": "BE",
    "lat": 50.41814,
    "lng": 4.62104
  },
  {
    "name": "Faimes",
    "country": "BE",
    "lat": 50.66252,
    "lng": 5.26005
  },
  {
    "name": "Fara Department",
    "country": "BF",
    "lat": 11.52941,
    "lng": -2.76797
  },
  {
    "name": "Fada N'gourma",
    "country": "BF",
    "lat": 12.06157,
    "lng": 0.35843
  },
  {
    "name": "Fartura do Piauí",
    "country": "BR",
    "lat": -9.48194,
    "lng": -42.78962
  },
  {
    "name": "Faro",
    "country": "BR",
    "lat": -2.17139,
    "lng": -56.745
  },
  {
    "name": "Farias Brito",
    "country": "BR",
    "lat": -6.92806,
    "lng": -39.57232
  },
  {
    "name": "Fagundes",
    "country": "BR",
    "lat": -7.355,
    "lng": -35.775
  },
  {
    "name": "Fazenda Nova",
    "country": "BR",
    "lat": -16.18306,
    "lng": -50.77972
  },
  {
    "name": "Faxinal do Soturno",
    "country": "BR",
    "lat": -29.57472,
    "lng": -53.44472
  },
  {
    "name": "Faxinal dos Guedes",
    "country": "BR",
    "lat": -26.85278,
    "lng": -52.26028
  },
  {
    "name": "Faxinal",
    "country": "BR",
    "lat": -24.00028,
    "lng": -51.31944
  },
  {
    "name": "Fartura",
    "country": "BR",
    "lat": -23.38833,
    "lng": -49.51
  },
  {
    "name": "Farroupilha",
    "country": "BR",
    "lat": -29.225,
    "lng": -51.34778
  },
  {
    "name": "Farol",
    "country": "BR",
    "lat": -24.09972,
    "lng": -52.62333
  },
  {
    "name": "Faria Lemos",
    "country": "BR",
    "lat": -20.80587,
    "lng": -42.01194
  },
  {
    "name": "Fama",
    "country": "BR",
    "lat": -21.40639,
    "lng": -45.82861
  },
  {
    "name": "Fagundes Varela",
    "country": "BR",
    "lat": -28.88083,
    "lng": -51.6975
  },
  {
    "name": "Faina",
    "country": "BR",
    "lat": -15.44611,
    "lng": -50.36056
  },
  {
    "name": "Faxinalzinho",
    "country": "BR",
    "lat": -27.42417,
    "lng": -52.67306
  },
  {
    "name": "Fazenda Rio Grande",
    "country": "BR",
    "lat": -25.6575,
    "lng": -49.30806
  },
  {
    "name": "Fazenda Vilanova",
    "country": "BR",
    "lat": -29.58944,
    "lng": -51.825
  },
  {
    "name": "Fanipol",
    "country": "BY",
    "lat": 53.74998,
    "lng": 27.33338
  },
  {
    "name": "Fairfield Island",
    "country": "CA",
    "lat": 49.18611,
    "lng": -121.94167
  },
  {
    "name": "Fairfield",
    "country": "CA",
    "lat": 48.41667,
    "lng": -123.35
  },
  {
    "name": "Fairview",
    "country": "CA",
    "lat": 56.06675,
    "lng": -118.38606
  },
  {
    "name": "Falher",
    "country": "CA",
    "lat": 55.73339,
    "lng": -117.20262
  },
  {
    "name": "Fall River",
    "country": "CA",
    "lat": 44.81685,
    "lng": -63.6154
  },
  {
    "name": "Farnham",
    "country": "CA",
    "lat": 45.28338,
    "lng": -72.98244
  },
  {
    "name": "Fallingbrook",
    "country": "CA",
    "lat": 45.47558,
    "lng": -75.48401
  },
  {
    "name": "Fairwinds",
    "country": "CA",
    "lat": 49.27588,
    "lng": -124.12782
  },
  {
    "name": "Fairview",
    "country": "CA",
    "lat": 49.26305,
    "lng": -123.13212
  },
  {
    "name": "Fairfield",
    "country": "CA",
    "lat": 49.06705,
    "lng": -122.31522
  },
  {
    "name": "Faido",
    "country": "CH",
    "lat": 46.477,
    "lng": 8.80125
  },
  {
    "name": "Fari Oko",
    "country": "CI",
    "lat": 7.76105,
    "lng": -4.95992
  },
  {
    "name": "Fapleu",
    "country": "CI",
    "lat": 6.72791,
    "lng": -8.29382
  },
  {
    "name": "Fassélémon",
    "country": "CI",
    "lat": 9.27862,
    "lng": -4.52904
  },
  {
    "name": "Farandougou",
    "country": "CI",
    "lat": 9.21667,
    "lng": -6.66667
  },
  {
    "name": "Farakro",
    "country": "CI",
    "lat": 7.80359,
    "lng": -4.01999
  },
  {
    "name": "Farakoro",
    "country": "CI",
    "lat": 9.44495,
    "lng": -7.11679
  },
  {
    "name": "Farakoro",
    "country": "CI",
    "lat": 8.49501,
    "lng": -5.88524
  },
  {
    "name": "Farako",
    "country": "CI",
    "lat": 8.60462,
    "lng": -3.14654
  },
  {
    "name": "Faraba",
    "country": "CI",
    "lat": 8.65459,
    "lng": -6.252
  },
  {
    "name": "Fandasso",
    "country": "CI",
    "lat": 9.46034,
    "lng": -6.88011
  },
  {
    "name": "Facobly",
    "country": "CI",
    "lat": 7.3883,
    "lng": -7.37644
  },
  {
    "name": "Fahandougou",
    "country": "CI",
    "lat": 9.61336,
    "lng": -6.41082
  },
  {
    "name": "Fadiadougou",
    "country": "CI",
    "lat": 8.7,
    "lng": -6.62139
  },
  {
    "name": "Fafala",
    "country": "CI",
    "lat": 10.24343,
    "lng": -6.87809
  },
  {
    "name": "Fahé",
    "country": "CI",
    "lat": 4.99303,
    "lng": -6.64073
  },
  {
    "name": "Famienkro",
    "country": "CI",
    "lat": 7.86322,
    "lng": -3.98564
  },
  {
    "name": "Fandérékaha",
    "country": "CI",
    "lat": 9.55826,
    "lng": -5.17988
  },
  {
    "name": "Faranikan",
    "country": "CI",
    "lat": 9.62252,
    "lng": -5.58831
  },
  {
    "name": "Farakoro",
    "country": "CI",
    "lat": 8.78113,
    "lng": -5.91635
  },
  {
    "name": "Fanlou",
    "country": "CN",
    "lat": 34.48091,
    "lng": 116.85248
  },
  {
    "name": "Fanshi",
    "country": "CN",
    "lat": 39.18992,
    "lng": 113.26401
  },
  {
    "name": "Fanzhuang",
    "country": "CN",
    "lat": 39.19361,
    "lng": 117.335
  },
  {
    "name": "Fangxian Chengguanzhen",
    "country": "CN",
    "lat": 32.055,
    "lng": 110.73417
  },
  {
    "name": "Fangting",
    "country": "CN",
    "lat": 31.12766,
    "lng": 104.16649
  },
  {
    "name": "Fangshan",
    "country": "CN",
    "lat": 39.68699,
    "lng": 115.99658
  },
  {
    "name": "Fangjiazhuang",
    "country": "CN",
    "lat": 39.72972,
    "lng": 117.42056
  },
  {
    "name": "Fangcun",
    "country": "CN",
    "lat": 34.08639,
    "lng": 117.47361
  },
  {
    "name": "Fangcheng Chengguanzhen",
    "country": "CN",
    "lat": 33.25322,
    "lng": 113.0012
  },
  {
    "name": "Fanyang",
    "country": "CN",
    "lat": 31.08471,
    "lng": 118.19425
  },
  {
    "name": "Fangzheng",
    "country": "CN",
    "lat": 45.849,
    "lng": 128.82317
  },
  {
    "name": "Fangsong",
    "country": "CN",
    "lat": 31.03285,
    "lng": 121.18943
  },
  {
    "name": "Fan Xian",
    "country": "CN",
    "lat": 35.85698,
    "lng": 115.50169
  },
  {
    "name": "Fangchenggang",
    "country": "CN",
    "lat": 21.76945,
    "lng": 108.35661
  },
  {
    "name": "Fazhanhe",
    "country": "CN",
    "lat": 22.33424,
    "lng": 100.1731
  },
  {
    "name": "Fanba",
    "country": "CN",
    "lat": 32.72826,
    "lng": 105.11493
  },
  {
    "name": "Fangda Town",
    "country": "CN",
    "lat": 22.55575,
    "lng": 113.97276
  },
  {
    "name": "Falan",
    "country": "CO",
    "lat": 5.12383,
    "lng": -74.95181
  },
  {
    "name": "Facatativá",
    "country": "CO",
    "lat": 4.81367,
    "lng": -74.35453
  },
  {
    "name": "Famagusta",
    "country": "CY",
    "lat": 35.12489,
    "lng": 33.94135
  },
  {
    "name": "Faulbach",
    "country": "DE",
    "lat": 49.78528,
    "lng": 9.44417
  },
  {
    "name": "Faßberg",
    "country": "DE",
    "lat": 52.9,
    "lng": 10.16667
  },
  {
    "name": "Farnstädt",
    "country": "DE",
    "lat": 51.43333,
    "lng": 11.56667
  },
  {
    "name": "Farchant",
    "country": "DE",
    "lat": 47.53036,
    "lng": 11.11151
  },
  {
    "name": "Fambach",
    "country": "DE",
    "lat": 50.73333,
    "lng": 10.36667
  },
  {
    "name": "Falkenstein",
    "country": "DE",
    "lat": 50.47788,
    "lng": 12.37129
  },
  {
    "name": "Falkenstein",
    "country": "DE",
    "lat": 49.0975,
    "lng": 12.48802
  },
  {
    "name": "Falkensee",
    "country": "DE",
    "lat": 52.56014,
    "lng": 13.0927
  },
  {
    "name": "Falkenhain",
    "country": "DE",
    "lat": 51.39888,
    "lng": 12.87083
  },
  {
    "name": "Falkenfels",
    "country": "DE",
    "lat": 49.00415,
    "lng": 12.5948
  },
  {
    "name": "Falkenberg",
    "country": "DE",
    "lat": 52.568,
    "lng": 13.54597
  },
  {
    "name": "Falkenberg",
    "country": "DE",
    "lat": 52.8051,
    "lng": 13.95804
  },
  {
    "name": "Falkenberg",
    "country": "DE",
    "lat": 51.58557,
    "lng": 13.24347
  },
  {
    "name": "Falkenberg",
    "country": "DE",
    "lat": 48.46154,
    "lng": 12.73049
  },
  {
    "name": "Falkenau",
    "country": "DE",
    "lat": 50.85559,
    "lng": 13.11718
  },
  {
    "name": "Faid",
    "country": "DE",
    "lat": 50.14454,
    "lng": 7.11951
  },
  {
    "name": "Fahrenzhausen",
    "country": "DE",
    "lat": 48.35317,
    "lng": 11.55521
  },
  {
    "name": "Fahrenkrug",
    "country": "DE",
    "lat": 53.94365,
    "lng": 10.25297
  },
  {
    "name": "Fahrenbach",
    "country": "DE",
    "lat": 49.43139,
    "lng": 9.15056
  },
  {
    "name": "Fahrdorf",
    "country": "DE",
    "lat": 54.50301,
    "lng": 9.60257
  },
  {
    "name": "Fachbach",
    "country": "DE",
    "lat": 50.33944,
    "lng": 7.6893
  },
  {
    "name": "Farmsen-Berne",
    "country": "DE",
    "lat": 53.60639,
    "lng": 10.11972
  },
  {
    "name": "Falkenhagener Feld",
    "country": "DE",
    "lat": 52.55191,
    "lng": 13.16802
  },
  {
    "name": "Faldera",
    "country": "DE",
    "lat": 54.06128,
    "lng": 9.94838
  },
  {
    "name": "Farum",
    "country": "DK",
    "lat": 55.80858,
    "lng": 12.36066
  },
  {
    "name": "Farsø",
    "country": "DK",
    "lat": 56.77276,
    "lng": 9.33925
  },
  {
    "name": "Faxe Ladeplads",
    "country": "DK",
    "lat": 55.21981,
    "lng": 12.17013
  },
  {
    "name": "Faxe",
    "country": "DK",
    "lat": 55.25561,
    "lng": 12.11926
  },
  {
    "name": "Faaborg",
    "country": "DK",
    "lat": 55.0951,
    "lng": 10.24226
  },
  {
    "name": "Fantino",
    "country": "DO",
    "lat": 19.12148,
    "lng": -70.29972
  },
  {
    "name": "Fatis",
    "country": "DZ",
    "lat": 29.73354,
    "lng": 0.65851
  },
  {
    "name": "Facundo Vela",
    "country": "EC",
    "lat": -1.20551,
    "lng": -79.065
  },
  {
    "name": "Farshūţ",
    "country": "EG",
    "lat": 26.05501,
    "lng": 32.16274
  },
  {
    "name": "Favara",
    "country": "ES",
    "lat": 39.11667,
    "lng": -0.28333
  },
  {
    "name": "Faura",
    "country": "ES",
    "lat": 39.71667,
    "lng": -0.25
  },
  {
    "name": "Fasnia",
    "country": "ES",
    "lat": 28.23638,
    "lng": -16.43886
  },
  {
    "name": "Faraján",
    "country": "ES",
    "lat": 36.61695,
    "lng": -5.18839
  },
  {
    "name": "Famorca",
    "country": "ES",
    "lat": 38.73101,
    "lng": -0.24726
  },
  {
    "name": "Facheca",
    "country": "ES",
    "lat": 38.73501,
    "lng": -0.26766
  },
  {
    "name": "Fayón",
    "country": "ES",
    "lat": 41.23851,
    "lng": 0.33302
  },
  {
    "name": "Farrera",
    "country": "ES",
    "lat": 42.49654,
    "lng": 1.27216
  },
  {
    "name": "Farlete",
    "country": "ES",
    "lat": 41.68122,
    "lng": -0.50678
  },
  {
    "name": "Fariza",
    "country": "ES",
    "lat": 41.41667,
    "lng": -6.26667
  },
  {
    "name": "Faramontanos de Tábara",
    "country": "ES",
    "lat": 41.83469,
    "lng": -5.88883
  },
  {
    "name": "Fanzara",
    "country": "ES",
    "lat": 40.01667,
    "lng": -0.31667
  },
  {
    "name": "Falset",
    "country": "ES",
    "lat": 41.14576,
    "lng": 0.81979
  },
  {
    "name": "Falces",
    "country": "ES",
    "lat": 42.38966,
    "lng": -1.79321
  },
  {
    "name": "Fago",
    "country": "ES",
    "lat": 42.7344,
    "lng": -0.88131
  },
  {
    "name": "Fabero",
    "country": "ES",
    "lat": 42.76803,
    "lng": -6.62651
  },
  {
    "name": "Fabara",
    "country": "ES",
    "lat": 41.1775,
    "lng": 0.16908
  },
  {
    "name": "Fadhigaradle",
    "country": "ET",
    "lat": 6.17559,
    "lng": 45.29866
  },
  {
    "name": "Fananu",
    "country": "FM",
    "lat": 8.55811,
    "lng": 151.90922
  },
  {
    "name": "Faraulep",
    "country": "FM",
    "lat": 8.588,
    "lng": 144.508
  },
  {
    "name": "Fais",
    "country": "FM",
    "lat": 9.766,
    "lng": 140.52
  },
  {
    "name": "Fayl-Billot",
    "country": "FR",
    "lat": 47.78199,
    "lng": 5.59917
  },
  {
    "name": "Fayence",
    "country": "FR",
    "lat": 43.6257,
    "lng": 6.69531
  },
  {
    "name": "Fay-de-Bretagne",
    "country": "FR",
    "lat": 47.41515,
    "lng": -1.79196
  },
  {
    "name": "Fay-aux-Loges",
    "country": "FR",
    "lat": 47.92724,
    "lng": 2.14012
  },
  {
    "name": "Favières",
    "country": "FR",
    "lat": 48.76324,
    "lng": 2.7747
  },
  {
    "name": "Faverolles-sur-Cher",
    "country": "FR",
    "lat": 47.31732,
    "lng": 1.19045
  },
  {
    "name": "Faverney",
    "country": "FR",
    "lat": 47.76713,
    "lng": 6.10428
  },
  {
    "name": "Faverges-de-la-Tour",
    "country": "FR",
    "lat": 45.59068,
    "lng": 5.52136
  },
  {
    "name": "Faverges",
    "country": "FR",
    "lat": 45.75116,
    "lng": 6.29151
  },
  {
    "name": "Fauville-en-Caux",
    "country": "FR",
    "lat": 49.65257,
    "lng": 0.59197
  },
  {
    "name": "Faumont",
    "country": "FR",
    "lat": 50.46017,
    "lng": 3.13713
  },
  {
    "name": "Faulx",
    "country": "FR",
    "lat": 48.79266,
    "lng": 6.19554
  },
  {
    "name": "Faulquemont",
    "country": "FR",
    "lat": 49.0491,
    "lng": 6.59732
  },
  {
    "name": "Farschviller",
    "country": "FR",
    "lat": 49.09406,
    "lng": 6.89517
  },
  {
    "name": "Farnay",
    "country": "FR",
    "lat": 45.49622,
    "lng": 4.58311
  },
  {
    "name": "Fargues-Saint-Hilaire",
    "country": "FR",
    "lat": 44.82383,
    "lng": -0.44495
  },
  {
    "name": "Faremoutiers",
    "country": "FR",
    "lat": 48.79962,
    "lng": 2.99607
  },
  {
    "name": "Fareins",
    "country": "FR",
    "lat": 46.01913,
    "lng": 4.76136
  },
  {
    "name": "Farébersviller",
    "country": "FR",
    "lat": 49.11898,
    "lng": 6.86914
  },
  {
    "name": "Fampoux",
    "country": "FR",
    "lat": 50.30173,
    "lng": 2.8731
  },
  {
    "name": "Fameck",
    "country": "FR",
    "lat": 49.29895,
    "lng": 6.10915
  },
  {
    "name": "Famars",
    "country": "FR",
    "lat": 50.31743,
    "lng": 3.51945
  },
  {
    "name": "Falleron",
    "country": "FR",
    "lat": 46.88186,
    "lng": -1.70263
  },
  {
    "name": "Falicon",
    "country": "FR",
    "lat": 43.74861,
    "lng": 7.27856
  },
  {
    "name": "Falck",
    "country": "FR",
    "lat": 49.22695,
    "lng": 6.63373
  },
  {
    "name": "Falaise",
    "country": "FR",
    "lat": 48.89217,
    "lng": -0.19527
  },
  {
    "name": "Fains-Véel",
    "country": "FR",
    "lat": 48.78333,
    "lng": 5.13333
  },
  {
    "name": "Fagnières",
    "country": "FR",
    "lat": 48.96385,
    "lng": 4.31692
  },
  {
    "name": "Faches-Thumesnil",
    "country": "FR",
    "lat": 50.58333,
    "lng": 3.06667
  },
  {
    "name": "Fabrezan",
    "country": "FR",
    "lat": 43.13618,
    "lng": 2.69724
  },
  {
    "name": "Fabrègues",
    "country": "FR",
    "lat": 43.55131,
    "lng": 3.77611
  },
  {
    "name": "Fazeley",
    "country": "GB",
    "lat": 52.61443,
    "lng": -1.6985
  },
  {
    "name": "Fazakerley",
    "country": "GB",
    "lat": 53.4614,
    "lng": -2.92863
  },
  {
    "name": "Faversham",
    "country": "GB",
    "lat": 51.3148,
    "lng": 0.88856
  },
  {
    "name": "Fauldhouse",
    "country": "GB",
    "lat": 55.82749,
    "lng": -3.70741
  },
  {
    "name": "Farnworth",
    "country": "GB",
    "lat": 53.55,
    "lng": -2.4
  },
  {
    "name": "Farnsfield",
    "country": "GB",
    "lat": 53.10223,
    "lng": -1.0332
  },
  {
    "name": "Farnham Royal",
    "country": "GB",
    "lat": 51.54208,
    "lng": -0.61584
  },
  {
    "name": "Farnham",
    "country": "GB",
    "lat": 51.21444,
    "lng": -0.80054
  },
  {
    "name": "Farndon",
    "country": "GB",
    "lat": 53.08361,
    "lng": -2.87464
  },
  {
    "name": "Farndon",
    "country": "GB",
    "lat": 53.05,
    "lng": -0.85
  },
  {
    "name": "Farnborough",
    "country": "GB",
    "lat": 52.14289,
    "lng": -1.36926
  },
  {
    "name": "Farnborough",
    "country": "GB",
    "lat": 51.53333,
    "lng": -1.36667
  },
  {
    "name": "Farnborough",
    "country": "GB",
    "lat": 51.35948,
    "lng": 0.06905
  },
  {
    "name": "Farnborough",
    "country": "GB",
    "lat": 51.29424,
    "lng": -0.75565
  },
  {
    "name": "Faringdon",
    "country": "GB",
    "lat": 51.65644,
    "lng": -1.58676
  },
  {
    "name": "Fareham",
    "country": "GB",
    "lat": 50.85162,
    "lng": -1.17929
  },
  {
    "name": "Falmouth",
    "country": "GB",
    "lat": 50.15441,
    "lng": -5.07113
  },
  {
    "name": "Falkland",
    "country": "GB",
    "lat": 56.25255,
    "lng": -3.20389
  },
  {
    "name": "Falkirk",
    "country": "GB",
    "lat": 56.0021,
    "lng": -3.78535
  },
  {
    "name": "Falfield",
    "country": "GB",
    "lat": 51.63694,
    "lng": -2.46056
  },
  {
    "name": "Fakenham",
    "country": "GB",
    "lat": 52.82996,
    "lng": 0.8477
  },
  {
    "name": "Fairlight",
    "country": "GB",
    "lat": 50.87802,
    "lng": 0.65669
  },
  {
    "name": "Fairlie",
    "country": "GB",
    "lat": 55.75602,
    "lng": -4.85564
  },
  {
    "name": "Fairford",
    "country": "GB",
    "lat": 51.70816,
    "lng": -1.78128
  },
  {
    "name": "Fair Oak",
    "country": "GB",
    "lat": 50.96364,
    "lng": -1.29682
  },
  {
    "name": "Failsworth",
    "country": "GB",
    "lat": 53.50484,
    "lng": -2.16568
  },
  {
    "name": "Fallowfield",
    "country": "GB",
    "lat": 53.43981,
    "lng": -2.21572
  },
  {
    "name": "Fairlands",
    "country": "GB",
    "lat": 51.26178,
    "lng": -0.62141
  },
  {
    "name": "Fallin",
    "country": "GB",
    "lat": 56.10479,
    "lng": -3.87616
  },
  {
    "name": "Faifley",
    "country": "GB",
    "lat": 55.92853,
    "lng": -4.38509
  },
  {
    "name": "Farato",
    "country": "GM",
    "lat": 13.4,
    "lng": -14.21667
  },
  {
    "name": "Farafenni",
    "country": "GM",
    "lat": 13.56667,
    "lng": -15.6
  },
  {
    "name": "Faji Kunda",
    "country": "GM",
    "lat": 13.41778,
    "lng": -16.66667
  },
  {
    "name": "Faranah",
    "country": "GN",
    "lat": 10.04036,
    "lng": -10.74343
  },
  {
    "name": "Farkadóna",
    "country": "GR",
    "lat": 39.6,
    "lng": 22.06667
  },
  {
    "name": "Farakláta",
    "country": "GR",
    "lat": 38.20236,
    "lng": 20.52014
  },
  {
    "name": "Falaisía",
    "country": "GR",
    "lat": 37.28678,
    "lng": 22.17252
  },
  {
    "name": "Faliraki",
    "country": "GR",
    "lat": 36.33981,
    "lng": 28.19942
  },
  {
    "name": "Farim",
    "country": "GW",
    "lat": 12.48389,
    "lng": -15.22167
  },
  {
    "name": "Fanling",
    "country": "HK",
    "lat": 22.49487,
    "lng": 114.13949
  },
  {
    "name": "Fairview Park",
    "country": "HK",
    "lat": 22.46738,
    "lng": 114.04766
  },
  {
    "name": "Fažana",
    "country": "HR",
    "lat": 44.92742,
    "lng": 13.80349
  },
  {
    "name": "Farkaševac",
    "country": "HR",
    "lat": 45.87944,
    "lng": 16.64083
  },
  {
    "name": "Farkaslyuk",
    "country": "HU",
    "lat": 48.18333,
    "lng": 20.31667
  },
  {
    "name": "Farmos",
    "country": "HU",
    "lat": 47.36067,
    "lng": 19.84619
  },
  {
    "name": "Farád",
    "country": "HU",
    "lat": 47.60633,
    "lng": 17.20024
  },
  {
    "name": "Fadd",
    "country": "HU",
    "lat": 46.46476,
    "lng": 18.81925
  },
  {
    "name": "Fakfak",
    "country": "ID",
    "lat": -2.92481,
    "lng": 132.29813
  },
  {
    "name": "Fairview",
    "country": "IE",
    "lat": 53.36597,
    "lng": -6.23985
  },
  {
    "name": "Fassūta",
    "country": "IL",
    "lat": 33.04895,
    "lng": 35.30893
  },
  {
    "name": "Fazilka",
    "country": "IN",
    "lat": 30.40207,
    "lng": 74.02836
  },
  {
    "name": "Fatwa",
    "country": "IN",
    "lat": 25.50958,
    "lng": 85.30504
  },
  {
    "name": "Fatikrāi",
    "country": "IN",
    "lat": 24.18318,
    "lng": 92.018
  },
  {
    "name": "Fatehpur Sīkri",
    "country": "IN",
    "lat": 27.0937,
    "lng": 77.66003
  },
  {
    "name": "Fatehpur Chaurāsi",
    "country": "IN",
    "lat": 26.78925,
    "lng": 80.26547
  },
  {
    "name": "Fatehpur",
    "country": "IN",
    "lat": 27.99486,
    "lng": 74.95628
  },
  {
    "name": "Fatehpur",
    "country": "IN",
    "lat": 27.17281,
    "lng": 81.21061
  },
  {
    "name": "Fatehpur",
    "country": "IN",
    "lat": 25.92774,
    "lng": 80.81266
  },
  {
    "name": "Fatehgarh Chūriān",
    "country": "IN",
    "lat": 31.86431,
    "lng": 74.95665
  },
  {
    "name": "Fatehgarh",
    "country": "IN",
    "lat": 27.36409,
    "lng": 79.63111
  },
  {
    "name": "Fatehganj West",
    "country": "IN",
    "lat": 28.4662,
    "lng": 79.30657
  },
  {
    "name": "Fatehābād",
    "country": "IN",
    "lat": 29.51525,
    "lng": 75.45554
  },
  {
    "name": "Fatehābād",
    "country": "IN",
    "lat": 27.02645,
    "lng": 78.3027
  },
  {
    "name": "Farrukhnagar",
    "country": "IN",
    "lat": 28.44745,
    "lng": 76.82391
  },
  {
    "name": "Farrukhnagar",
    "country": "IN",
    "lat": 17.07787,
    "lng": 78.20339
  },
  {
    "name": "Farrukhābād",
    "country": "IN",
    "lat": 27.39134,
    "lng": 79.5793
  },
  {
    "name": "Farīdpur",
    "country": "IN",
    "lat": 28.20997,
    "lng": 79.54149
  },
  {
    "name": "Farīdnagar",
    "country": "IN",
    "lat": 28.76923,
    "lng": 77.62934
  },
  {
    "name": "Farīdkot",
    "country": "IN",
    "lat": 30.67399,
    "lng": 74.75579
  },
  {
    "name": "Faridabad",
    "country": "IN",
    "lat": 28.41124,
    "lng": 77.31316
  },
  {
    "name": "Farakka",
    "country": "IN",
    "lat": 24.81667,
    "lng": 87.9
  },
  {
    "name": "Farah",
    "country": "IN",
    "lat": 27.32081,
    "lng": 77.76185
  },
  {
    "name": "Faizpur",
    "country": "IN",
    "lat": 21.16766,
    "lng": 75.86006
  },
  {
    "name": "Fateh Nangal",
    "country": "IN",
    "lat": 31.94534,
    "lng": 75.31905
  },
  {
    "name": "Fateh Pur Beri",
    "country": "IN",
    "lat": 28.45769,
    "lng": 77.17885
  },
  {
    "name": "Farakhpur",
    "country": "IN",
    "lat": 30.13307,
    "lng": 77.24297
  },
  {
    "name": "Fatehnagar",
    "country": "IN",
    "lat": 24.81494,
    "lng": 74.09504
  },
  {
    "name": "Fardīs",
    "country": "IR",
    "lat": 35.7292,
    "lng": 50.98483
  },
  {
    "name": "Farrokh Shahr",
    "country": "IR",
    "lat": 32.27174,
    "lng": 50.98008
  },
  {
    "name": "Fashand",
    "country": "IR",
    "lat": 36.03278,
    "lng": 50.75612
  },
  {
    "name": "Fasham",
    "country": "IR",
    "lat": 35.9306,
    "lng": 51.5266
  },
  {
    "name": "Fasā",
    "country": "IR",
    "lat": 28.9383,
    "lng": 53.6482
  },
  {
    "name": "Farrāshband",
    "country": "IR",
    "lat": 28.86012,
    "lng": 52.09452
  },
  {
    "name": "Farmahīn",
    "country": "IR",
    "lat": 34.50383,
    "lng": 49.68437
  },
  {
    "name": "Farīmān",
    "country": "IR",
    "lat": 35.70685,
    "lng": 59.85006
  },
  {
    "name": "Fannūj",
    "country": "IR",
    "lat": 26.57527,
    "lng": 59.64144
  },
  {
    "name": "Fahraj",
    "country": "IR",
    "lat": 28.9502,
    "lng": 58.885
  },
  {
    "name": "Falāvarjān",
    "country": "IR",
    "lat": 32.5553,
    "lng": 51.50973
  },
  {
    "name": "Famast",
    "country": "IR",
    "lat": 34.03897,
    "lng": 48.4626
  },
  {
    "name": "Favignana",
    "country": "IT",
    "lat": 37.92951,
    "lng": 12.32958
  },
  {
    "name": "Favara",
    "country": "IT",
    "lat": 37.31754,
    "lng": 13.66226
  },
  {
    "name": "Faro Superiore",
    "country": "IT",
    "lat": 38.26794,
    "lng": 15.58268
  },
  {
    "name": "Falerna",
    "country": "IT",
    "lat": 39.00298,
    "lng": 16.17151
  },
  {
    "name": "Falcone",
    "country": "IT",
    "lat": 38.11698,
    "lng": 15.07965
  },
  {
    "name": "Falconara Albanese",
    "country": "IT",
    "lat": 39.27524,
    "lng": 16.08819
  },
  {
    "name": "Fagnano Castello",
    "country": "IT",
    "lat": 39.5716,
    "lng": 16.06253
  },
  {
    "name": "Fabrizia",
    "country": "IT",
    "lat": 38.48989,
    "lng": 16.29832
  },
  {
    "name": "Favria",
    "country": "IT",
    "lat": 45.33099,
    "lng": 7.68834
  },
  {
    "name": "Favale di Malvaro",
    "country": "IT",
    "lat": 44.45163,
    "lng": 9.26
  },
  {
    "name": "Fauglia",
    "country": "IT",
    "lat": 43.5711,
    "lng": 10.51383
  },
  {
    "name": "Fascia",
    "country": "IT",
    "lat": 44.58255,
    "lng": 9.22136
  },
  {
    "name": "Fasano",
    "country": "IT",
    "lat": 40.83625,
    "lng": 17.36007
  },
  {
    "name": "Farra di Soligo",
    "country": "IT",
    "lat": 45.90528,
    "lng": 12.12444
  },
  {
    "name": "Farra d'Alpago",
    "country": "IT",
    "lat": 46.12079,
    "lng": 12.35876
  },
  {
    "name": "Farnese",
    "country": "IT",
    "lat": 42.54926,
    "lng": 11.72638
  },
  {
    "name": "Farini",
    "country": "IT",
    "lat": 44.71266,
    "lng": 9.56887
  },
  {
    "name": "Farindola",
    "country": "IT",
    "lat": 42.44292,
    "lng": 13.82137
  },
  {
    "name": "Fardella",
    "country": "IT",
    "lat": 40.11381,
    "lng": 16.16978
  },
  {
    "name": "Fara Vicentino",
    "country": "IT",
    "lat": 45.74369,
    "lng": 11.54529
  },
  {
    "name": "Fara San Martino",
    "country": "IT",
    "lat": 42.09248,
    "lng": 14.20896
  },
  {
    "name": "Fara Novarese",
    "country": "IT",
    "lat": 45.5544,
    "lng": 8.45664
  },
  {
    "name": "Fara in Sabina",
    "country": "IT",
    "lat": 42.20807,
    "lng": 12.7296
  },
  {
    "name": "Fara Gera d'Adda",
    "country": "IT",
    "lat": 45.55656,
    "lng": 9.53656
  },
  {
    "name": "Fara Filiorum Petri",
    "country": "IT",
    "lat": 42.24152,
    "lng": 14.18026
  },
  {
    "name": "Fanzolo",
    "country": "IT",
    "lat": 45.71218,
    "lng": 11.99023
  },
  {
    "name": "Fano Adriano",
    "country": "IT",
    "lat": 42.5523,
    "lng": 13.53764
  },
  {
    "name": "Fano",
    "country": "IT",
    "lat": 43.84052,
    "lng": 13.01665
  },
  {
    "name": "Fanna",
    "country": "IT",
    "lat": 46.18455,
    "lng": 12.75161
  },
  {
    "name": "Fanano",
    "country": "IT",
    "lat": 44.21245,
    "lng": 10.7966
  },
  {
    "name": "Falzes",
    "country": "IT",
    "lat": 46.81359,
    "lng": 11.88308
  },
  {
    "name": "Falzè di Piave",
    "country": "IT",
    "lat": 45.86796,
    "lng": 12.17891
  },
  {
    "name": "Falvaterra",
    "country": "IT",
    "lat": 41.50438,
    "lng": 13.52341
  },
  {
    "name": "Falmenta",
    "country": "IT",
    "lat": 46.07309,
    "lng": 8.58944
  },
  {
    "name": "Fallo",
    "country": "IT",
    "lat": 41.93833,
    "lng": 14.32362
  },
  {
    "name": "Falerone",
    "country": "IT",
    "lat": 43.10429,
    "lng": 13.47189
  },
  {
    "name": "Faleria",
    "country": "IT",
    "lat": 42.2258,
    "lng": 12.44518
  },
  {
    "name": "Falconara Marittima",
    "country": "IT",
    "lat": 43.62558,
    "lng": 13.39954
  },
  {
    "name": "Falchera",
    "country": "IT",
    "lat": 45.11667,
    "lng": 7.7
  },
  {
    "name": "Falcade Alto",
    "country": "IT",
    "lat": 46.35549,
    "lng": 11.85712
  },
  {
    "name": "Fai della Paganella",
    "country": "IT",
    "lat": 46.17801,
    "lng": 11.0695
  },
  {
    "name": "Faicchio",
    "country": "IT",
    "lat": 41.27816,
    "lng": 14.4774
  },
  {
    "name": "Faiano",
    "country": "IT",
    "lat": 40.66254,
    "lng": 14.90244
  },
  {
    "name": "Fagnano Olona-Bergoro",
    "country": "IT",
    "lat": 45.66977,
    "lng": 8.85994
  },
  {
    "name": "Faggiano",
    "country": "IT",
    "lat": 40.41616,
    "lng": 17.38861
  },
  {
    "name": "Fagagna",
    "country": "IT",
    "lat": 46.10698,
    "lng": 13.09361
  },
  {
    "name": "Faeto",
    "country": "IT",
    "lat": 41.32489,
    "lng": 15.16045
  },
  {
    "name": "Faenza",
    "country": "IT",
    "lat": 44.29007,
    "lng": 11.87948
  },
  {
    "name": "Faedo Valtellino",
    "country": "IT",
    "lat": 46.15299,
    "lng": 9.90605
  },
  {
    "name": "Faedis",
    "country": "IT",
    "lat": 46.14931,
    "lng": 13.34463
  },
  {
    "name": "Fabro",
    "country": "IT",
    "lat": 42.87267,
    "lng": 12.0154
  },
  {
    "name": "Fabrica di Roma",
    "country": "IT",
    "lat": 42.33444,
    "lng": 12.29873
  },
  {
    "name": "Fabriano",
    "country": "IT",
    "lat": 43.33941,
    "lng": 12.90327
  },
  {
    "name": "Fabbrico",
    "country": "IT",
    "lat": 44.87214,
    "lng": 10.80893
  },
  {
    "name": "Fabbriche di Vallico",
    "country": "IT",
    "lat": 43.99765,
    "lng": 10.4279
  },
  {
    "name": "Falzè-Signoressa",
    "country": "IT",
    "lat": 45.75028,
    "lng": 12.10722
  },
  {
    "name": "Falze",
    "country": "IT",
    "lat": 45.74381,
    "lng": 12.0926
  },
  {
    "name": "Faggeto Lario",
    "country": "IT",
    "lat": 45.85878,
    "lng": 9.15894
  },
  {
    "name": "Faloppio",
    "country": "IT",
    "lat": 45.80968,
    "lng": 8.96434
  },
  {
    "name": "Fara Olivana",
    "country": "IT",
    "lat": 45.49508,
    "lng": 9.74906
  },
  {
    "name": "Faedo",
    "country": "IT",
    "lat": 46.19241,
    "lng": 11.16128
  },
  {
    "name": "Faver",
    "country": "IT",
    "lat": 46.18131,
    "lng": 11.23728
  },
  {
    "name": "Farigliano",
    "country": "IT",
    "lat": 44.51204,
    "lng": 7.91424
  },
  {
    "name": "Farra d'Isonzo",
    "country": "IT",
    "lat": 45.90802,
    "lng": 13.51654
  },
  {
    "name": "Falciano del Massico",
    "country": "IT",
    "lat": 41.16271,
    "lng": 13.94812
  },
  {
    "name": "Faule",
    "country": "IT",
    "lat": 44.80624,
    "lng": 7.58512
  },
  {
    "name": "Fabrizio",
    "country": "IT",
    "lat": 39.63939,
    "lng": 16.55666
  },
  {
    "name": "Faella",
    "country": "IT",
    "lat": 43.62652,
    "lng": 11.51844
  },
  {
    "name": "Fanano",
    "country": "IT",
    "lat": 43.94296,
    "lng": 12.74828
  },
  {
    "name": "Fantasina",
    "country": "IT",
    "lat": 45.57325,
    "lng": 10.1779
  },
  {
    "name": "Fane",
    "country": "IT",
    "lat": 45.57904,
    "lng": 10.96425
  },
  {
    "name": "Favari-Avatanei",
    "country": "IT",
    "lat": 44.91235,
    "lng": 7.7995
  },
  {
    "name": "Faraldo-Nocelleto",
    "country": "IT",
    "lat": 40.77992,
    "lng": 14.76363
  },
  {
    "name": "Falerna Scalo",
    "country": "IT",
    "lat": 38.97285,
    "lng": 16.15294
  },
  {
    "name": "Fabro Scalo",
    "country": "IT",
    "lat": 42.87605,
    "lng": 12.04624
  },
  {
    "name": "Falmouth",
    "country": "JM",
    "lat": 18.49358,
    "lng": -77.65587
  },
  {
    "name": "Faza",
    "country": "KE",
    "lat": -2.05604,
    "lng": 41.11184
  },
  {
    "name": "Fabijoniškės",
    "country": "LT",
    "lat": 54.73333,
    "lng": 25.24167
  },
  {
    "name": "Fam El Hisn",
    "country": "MA",
    "lat": 29.01889,
    "lng": -8.89111
  },
  {
    "name": "Faratsiho",
    "country": "MG",
    "lat": -19.4,
    "lng": 46.95
  },
  {
    "name": "Farafangana",
    "country": "MG",
    "lat": -22.82223,
    "lng": 47.82615
  },
  {
    "name": "Fandriana",
    "country": "MG",
    "lat": -20.23333,
    "lng": 47.38333
  },
  {
    "name": "Fandrandava",
    "country": "MG",
    "lat": -21.51667,
    "lng": 47.25
  },
  {
    "name": "Fana",
    "country": "ML",
    "lat": 12.7787,
    "lng": -6.9564
  },
  {
    "name": "Faladié",
    "country": "ML",
    "lat": 13.1334,
    "lng": -8.3449
  },
  {
    "name": "Falam",
    "country": "MM",
    "lat": 22.91335,
    "lng": 93.67779
  },
  {
    "name": "Faja de Oro",
    "country": "MX",
    "lat": 15.03244,
    "lng": -92.15634
  },
  {
    "name": "Faubourg Blanchot",
    "country": "NC",
    "lat": -22.28186,
    "lng": 166.4541
  },
  {
    "name": "Falmey",
    "country": "NE",
    "lat": 12.59539,
    "lng": 2.85112
  },
  {
    "name": "Faskari",
    "country": "NG",
    "lat": 11.72108,
    "lng": 7.02991
  },
  {
    "name": "Farmsum",
    "country": "NL",
    "lat": 53.32167,
    "lng": 6.92639
  },
  {
    "name": "Farnes",
    "country": "NO",
    "lat": 61.3085,
    "lng": 7.79694
  },
  {
    "name": "Fauske",
    "country": "NO",
    "lat": 67.25883,
    "lng": 15.39181
  },
  {
    "name": "Farsund",
    "country": "NO",
    "lat": 58.09479,
    "lng": 6.80468
  },
  {
    "name": "Fagerstrand",
    "country": "NO",
    "lat": 59.73746,
    "lng": 10.59404
  },
  {
    "name": "Fagernes",
    "country": "NO",
    "lat": 60.98584,
    "lng": 9.23236
  },
  {
    "name": "Falkhytta",
    "country": "NO",
    "lat": 62.805,
    "lng": 6.88722
  },
  {
    "name": "Favona",
    "country": "NZ",
    "lat": -36.93333,
    "lng": 174.8
  },
  {
    "name": "Fairfield",
    "country": "NZ",
    "lat": -45.9,
    "lng": 170.4
  },
  {
    "name": "Farm Cove",
    "country": "NZ",
    "lat": -36.8882,
    "lng": 174.88019
  },
  {
    "name": "Farallón",
    "country": "PA",
    "lat": 8.35658,
    "lng": -80.13723
  },
  {
    "name": "Fare",
    "country": "PF",
    "lat": -16.7123,
    "lng": -151.03493
  },
  {
    "name": "Faone",
    "country": "PF",
    "lat": -17.66917,
    "lng": -149.30919
  },
  {
    "name": "Faanui",
    "country": "PF",
    "lat": -16.48679,
    "lng": -151.74102
  },
  {
    "name": "Faaa",
    "country": "PF",
    "lat": -17.55933,
    "lng": -149.60352
  },
  {
    "name": "Famy",
    "country": "PH",
    "lat": 14.4376,
    "lng": 121.4482
  },
  {
    "name": "Fabrica",
    "country": "PH",
    "lat": 13.49,
    "lng": 123.294
  },
  {
    "name": "Fazilpur",
    "country": "PK",
    "lat": 32.17629,
    "lng": 75.06583
  },
  {
    "name": "Fatehpur",
    "country": "PK",
    "lat": 31.17772,
    "lng": 71.2048
  },
  {
    "name": "Faruka",
    "country": "PK",
    "lat": 31.88642,
    "lng": 72.41362
  },
  {
    "name": "Faqirwali",
    "country": "PK",
    "lat": 29.46799,
    "lng": 73.03489
  },
  {
    "name": "Faisalabad",
    "country": "PK",
    "lat": 31.41554,
    "lng": 73.08969
  },
  {
    "name": "Fatehpur",
    "country": "PK",
    "lat": 33.4915,
    "lng": 74.10552
  },
  {
    "name": "Fałków",
    "country": "PL",
    "lat": 51.13606,
    "lng": 20.1061
  },
  {
    "name": "Fajsławice",
    "country": "PL",
    "lat": 51.09592,
    "lng": 22.96323
  },
  {
    "name": "Fabianki",
    "country": "PL",
    "lat": 52.71929,
    "lng": 19.10943
  },
  {
    "name": "Fajardo",
    "country": "PR",
    "lat": 18.32579,
    "lng": -65.65238
  },
  {
    "name": "Far‘ūn",
    "country": "PS",
    "lat": 32.28613,
    "lng": 35.02326
  },
  {
    "name": "Farkhah",
    "country": "PS",
    "lat": 32.06878,
    "lng": 35.15286
  },
  {
    "name": "Faqqū‘ah",
    "country": "PS",
    "lat": 32.48998,
    "lng": 35.40163
  },
  {
    "name": "Faḩmah",
    "country": "PS",
    "lat": 32.38291,
    "lng": 35.17912
  },
  {
    "name": "Fazendas de Almeirim",
    "country": "PT",
    "lat": 39.17553,
    "lng": -8.56927
  },
  {
    "name": "Faro",
    "country": "PT",
    "lat": 37.01869,
    "lng": -7.92716
  },
  {
    "name": "Fanhões",
    "country": "PT",
    "lat": 38.88151,
    "lng": -9.15283
  },
  {
    "name": "Famões",
    "country": "PT",
    "lat": 38.78804,
    "lng": -9.21033
  },
  {
    "name": "Famalicão",
    "country": "PT",
    "lat": 39.53642,
    "lng": -9.08308
  },
  {
    "name": "Falagueira",
    "country": "PT",
    "lat": 38.76392,
    "lng": -9.22804
  },
  {
    "name": "Fajã da Ovelha",
    "country": "PT",
    "lat": 32.77457,
    "lng": -17.23412
  },
  {
    "name": "Faial",
    "country": "PT",
    "lat": 32.78333,
    "lng": -16.85
  },
  {
    "name": "Favaios",
    "country": "PT",
    "lat": 41.26876,
    "lng": -7.50465
  },
  {
    "name": "Faria",
    "country": "PT",
    "lat": 41.48298,
    "lng": -8.67152
  },
  {
    "name": "Falcão",
    "country": "PT",
    "lat": 41.16024,
    "lng": -8.57627
  },
  {
    "name": "Fafe",
    "country": "PT",
    "lat": 41.45083,
    "lng": -8.17258
  },
  {
    "name": "Fajã de Baixo",
    "country": "PT",
    "lat": 37.75,
    "lng": -25.65
  },
  {
    "name": "Farīq al Hitmī",
    "country": "QA",
    "lat": 25.28631,
    "lng": 51.53261
  },
  {
    "name": "Farīj Kulayb",
    "country": "QA",
    "lat": 25.31313,
    "lng": 51.4929
  },
  {
    "name": "Farīj al Amīr",
    "country": "QA",
    "lat": 25.28733,
    "lng": 51.47136
  },
  {
    "name": "Faraoaní",
    "country": "RO",
    "lat": 46.43333,
    "lng": 26.9
  },
  {
    "name": "Falcău",
    "country": "RO",
    "lat": 47.91087,
    "lng": 25.46908
  },
  {
    "name": "Falaștoaca",
    "country": "RO",
    "lat": 44.19098,
    "lng": 26.18475
  },
  {
    "name": "Farkaždin",
    "country": "RS",
    "lat": 45.19172,
    "lng": 20.47239
  },
  {
    "name": "Fatezh",
    "country": "RU",
    "lat": 52.08972,
    "lng": 35.85906
  },
  {
    "name": "Fastovetskaya",
    "country": "RU",
    "lat": 45.91889,
    "lng": 40.15889
  },
  {
    "name": "Falyonki",
    "country": "RU",
    "lat": 58.36127,
    "lng": 51.59461
  },
  {
    "name": "Fakel",
    "country": "RU",
    "lat": 57.631,
    "lng": 53.0251
  },
  {
    "name": "Fayfā’",
    "country": "SA",
    "lat": 17.2806,
    "lng": 43.13735
  },
  {
    "name": "Farasān",
    "country": "SA",
    "lat": 16.70222,
    "lng": 42.11833
  },
  {
    "name": "Falun",
    "country": "SE",
    "lat": 60.60357,
    "lng": 15.62597
  },
  {
    "name": "Falköping",
    "country": "SE",
    "lat": 58.17347,
    "lng": 13.55068
  },
  {
    "name": "Falkenberg",
    "country": "SE",
    "lat": 56.90552,
    "lng": 12.49118
  },
  {
    "name": "Fagersta",
    "country": "SE",
    "lat": 60.00418,
    "lng": 15.79316
  },
  {
    "name": "Faber Hills",
    "country": "SG",
    "lat": 1.32083,
    "lng": 103.75972
  },
  {
    "name": "Fajar",
    "country": "SG",
    "lat": 1.38436,
    "lng": 103.77059
  },
  {
    "name": "Farrer Park",
    "country": "SG",
    "lat": 1.31304,
    "lng": 103.85369
  },
  {
    "name": "Farná",
    "country": "SK",
    "lat": 48.00577,
    "lng": 18.5112
  },
  {
    "name": "Faetano",
    "country": "SM",
    "lat": 43.92831,
    "lng": 12.49798
  },
  {
    "name": "Fatick",
    "country": "SN",
    "lat": 14.33236,
    "lng": -16.40513
  },
  {
    "name": "Fas",
    "country": "SN",
    "lat": 14.35379,
    "lng": -16.03434
  },
  {
    "name": "Fada",
    "country": "TD",
    "lat": 17.19186,
    "lng": 21.58081
  },
  {
    "name": "Faya-Largeau",
    "country": "TD",
    "lat": 17.9257,
    "lng": 19.10428
  },
  {
    "name": "Fang",
    "country": "TH",
    "lat": 19.91689,
    "lng": 99.2145
  },
  {
    "name": "Fao Rai",
    "country": "TH",
    "lat": 18.01791,
    "lng": 103.30388
  },
  {
    "name": "Fak Tha",
    "country": "TH",
    "lat": 17.99948,
    "lng": 100.88014
  },
  {
    "name": "Farkhor",
    "country": "TJ",
    "lat": 37.49219,
    "lng": 69.40356
  },
  {
    "name": "Fayzobod",
    "country": "TJ",
    "lat": 38.54731,
    "lng": 69.3198
  },
  {
    "name": "Fale old settlement",
    "country": "TK",
    "lat": -9.38516,
    "lng": -171.24675
  },
  {
    "name": "Farap",
    "country": "TM",
    "lat": 39.17037,
    "lng": 63.61165
  },
  {
    "name": "Fangale’ounga",
    "country": "TO",
    "lat": -19.75285,
    "lng": -174.32257
  },
  {
    "name": "Faydalı",
    "country": "TR",
    "lat": 37.22539,
    "lng": 35.58001
  },
  {
    "name": "Fatsa",
    "country": "TR",
    "lat": 41.02886,
    "lng": 37.49977
  },
  {
    "name": "Fakaifou Village",
    "country": "TV",
    "lat": -8.51758,
    "lng": 179.20094
  },
  {
    "name": "Fastiv",
    "country": "UA",
    "lat": 50.0767,
    "lng": 29.9177
  },
  {
    "name": "Faraonivka",
    "country": "UA",
    "lat": 46.32225,
    "lng": 29.62037
  },
  {
    "name": "Fairfield",
    "country": "US",
    "lat": 33.48594,
    "lng": -86.91194
  },
  {
    "name": "Fairhope",
    "country": "US",
    "lat": 30.52297,
    "lng": -87.90333
  },
  {
    "name": "Falkville",
    "country": "US",
    "lat": 34.36843,
    "lng": -86.90862
  },
  {
    "name": "Fayette",
    "country": "US",
    "lat": 33.68455,
    "lng": -87.83085
  },
  {
    "name": "Fayetteville",
    "country": "US",
    "lat": 33.14567,
    "lng": -86.40581
  },
  {
    "name": "Fairfield Bay",
    "country": "US",
    "lat": 35.59424,
    "lng": -92.27793
  },
  {
    "name": "Farmington",
    "country": "US",
    "lat": 36.04202,
    "lng": -94.24715
  },
  {
    "name": "Fayetteville",
    "country": "US",
    "lat": 36.06258,
    "lng": -94.15743
  },
  {
    "name": "Fairview Shores",
    "country": "US",
    "lat": 28.59111,
    "lng": -81.39424
  },
  {
    "name": "Fair Oaks",
    "country": "US",
    "lat": 33.91649,
    "lng": -84.54465
  },
  {
    "name": "Fairburn",
    "country": "US",
    "lat": 33.56706,
    "lng": -84.58104
  },
  {
    "name": "Fairview",
    "country": "US",
    "lat": 34.94563,
    "lng": -85.2844
  },
  {
    "name": "Fayetteville",
    "country": "US",
    "lat": 33.44873,
    "lng": -84.45493
  },
  {
    "name": "Fairfield",
    "country": "US",
    "lat": 38.37894,
    "lng": -88.35977
  },
  {
    "name": "Fairmont City",
    "country": "US",
    "lat": 38.64977,
    "lng": -90.09316
  },
  {
    "name": "Fairview Heights",
    "country": "US",
    "lat": 38.58894,
    "lng": -89.99038
  },
  {
    "name": "Fairview Park",
    "country": "US",
    "lat": 39.68031,
    "lng": -87.41752
  },
  {
    "name": "Farmersburg",
    "country": "US",
    "lat": 39.24865,
    "lng": -87.38196
  },
  {
    "name": "Fairway",
    "country": "US",
    "lat": 39.02223,
    "lng": -94.6319
  },
  {
    "name": "Fairdale",
    "country": "US",
    "lat": 38.10507,
    "lng": -85.75885
  },
  {
    "name": "Falmouth",
    "country": "US",
    "lat": 38.67674,
    "lng": -84.33021
  },
  {
    "name": "Farmerville",
    "country": "US",
    "lat": 32.77347,
    "lng": -92.4057
  },
  {
    "name": "Fairland",
    "country": "US",
    "lat": 39.07622,
    "lng": -76.95775
  },
  {
    "name": "Fairmount Heights",
    "country": "US",
    "lat": 38.90095,
    "lng": -76.91553
  },
  {
    "name": "Fallstaff",
    "country": "US",
    "lat": 39.36844,
    "lng": -76.70664
  },
  {
    "name": "Fallston",
    "country": "US",
    "lat": 39.51455,
    "lng": -76.41107
  },
  {
    "name": "Fair Grove",
    "country": "US",
    "lat": 37.38393,
    "lng": -93.1513
  },
  {
    "name": "Farmington",
    "country": "US",
    "lat": 37.78088,
    "lng": -90.42179
  },
  {
    "name": "Fayette",
    "country": "US",
    "lat": 39.14587,
    "lng": -92.68379
  },
  {
    "name": "Farmington",
    "country": "US",
    "lat": 34.93009,
    "lng": -88.45227
  },
  {
    "name": "Fayette",
    "country": "US",
    "lat": 31.71155,
    "lng": -91.06066
  },
  {
    "name": "Fairfield Harbour",
    "country": "US",
    "lat": 35.07655,
    "lng": -76.96356
  },
  {
    "name": "Fairmont",
    "country": "US",
    "lat": 34.49683,
    "lng": -79.1142
  },
  {
    "name": "Fairplains",
    "country": "US",
    "lat": 36.19847,
    "lng": -81.15286
  },
  {
    "name": "Fairview",
    "country": "US",
    "lat": 35.51401,
    "lng": -82.39595
  },
  {
    "name": "Fairview",
    "country": "US",
    "lat": 35.13848,
    "lng": -80.53757
  },
  {
    "name": "Farmville",
    "country": "US",
    "lat": 35.57071,
    "lng": -79.22002
  },
  {
    "name": "Farmville",
    "country": "US",
    "lat": 35.59544,
    "lng": -77.58525
  },
  {
    "name": "Fayetteville",
    "country": "US",
    "lat": 35.05266,
    "lng": -78.87836
  },
  {
    "name": "Fairton",
    "country": "US",
    "lat": 39.38178,
    "lng": -75.21991
  },
  {
    "name": "Fairborn",
    "country": "US",
    "lat": 39.82089,
    "lng": -84.01938
  },
  {
    "name": "Fairfax",
    "country": "US",
    "lat": 39.14534,
    "lng": -84.39327
  },
  {
    "name": "Fairfield",
    "country": "US",
    "lat": 39.34589,
    "lng": -84.5605
  },
  {
    "name": "Fairfield Beach",
    "country": "US",
    "lat": 39.9159,
    "lng": -82.47516
  },
  {
    "name": "Farmersville",
    "country": "US",
    "lat": 39.6795,
    "lng": -84.42911
  },
  {
    "name": "Fairfax",
    "country": "US",
    "lat": 36.57366,
    "lng": -96.7042
  },
  {
    "name": "Fairland",
    "country": "US",
    "lat": 36.75118,
    "lng": -94.84746
  },
  {
    "name": "Fairview",
    "country": "US",
    "lat": 36.26892,
    "lng": -98.4798
  },
  {
    "name": "Fairchance",
    "country": "US",
    "lat": 39.8248,
    "lng": -79.75449
  },
  {
    "name": "Fairdale",
    "country": "US",
    "lat": 39.88702,
    "lng": -79.96811
  },
  {
    "name": "Fairmount",
    "country": "US",
    "lat": 39.97233,
    "lng": -75.18101
  },
  {
    "name": "Fayetteville",
    "country": "US",
    "lat": 39.9112,
    "lng": -77.54999
  },
  {
    "name": "Fairfax",
    "country": "US",
    "lat": 32.95905,
    "lng": -81.2365
  },
  {
    "name": "Fairforest",
    "country": "US",
    "lat": 34.95651,
    "lng": -82.01011
  },
  {
    "name": "Fairfield Glade",
    "country": "US",
    "lat": 36.00035,
    "lng": -84.88634
  },
  {
    "name": "Fairmount",
    "country": "US",
    "lat": 35.18146,
    "lng": -85.32357
  },
  {
    "name": "Fairmount",
    "country": "US",
    "lat": 36.58511,
    "lng": -82.17097
  },
  {
    "name": "Fairview",
    "country": "US",
    "lat": 35.98201,
    "lng": -87.1214
  },
  {
    "name": "Fall Branch",
    "country": "US",
    "lat": 36.41816,
    "lng": -82.62376
  },
  {
    "name": "Falling Water",
    "country": "US",
    "lat": 35.20312,
    "lng": -85.25357
  },
  {
    "name": "Farragut",
    "country": "US",
    "lat": 35.88452,
    "lng": -84.15353
  },
  {
    "name": "Fayetteville",
    "country": "US",
    "lat": 35.15203,
    "lng": -86.57055
  },
  {
    "name": "Fair Oaks Ranch",
    "country": "US",
    "lat": 29.74578,
    "lng": -98.64336
  },
  {
    "name": "Fairchilds",
    "country": "US",
    "lat": 29.43135,
    "lng": -95.78023
  },
  {
    "name": "Fairfield",
    "country": "US",
    "lat": 31.72461,
    "lng": -96.16525
  },
  {
    "name": "Fairview",
    "country": "US",
    "lat": 33.1579,
    "lng": -96.63166
  },
  {
    "name": "Fairview",
    "country": "US",
    "lat": 33.01929,
    "lng": -97.54586
  },
  {
    "name": "Falcon Lake Estates",
    "country": "US",
    "lat": 26.87282,
    "lng": -99.25531
  },
  {
    "name": "Falfurrias",
    "country": "US",
    "lat": 27.22699,
    "lng": -98.14417
  },
  {
    "name": "Fannett",
    "country": "US",
    "lat": 29.92605,
    "lng": -94.25074
  },
  {
    "name": "Farmers Branch",
    "country": "US",
    "lat": 32.92651,
    "lng": -96.89612
  },
  {
    "name": "Farmersville",
    "country": "US",
    "lat": 33.16345,
    "lng": -96.35998
  },
  {
    "name": "Fate",
    "country": "US",
    "lat": 32.94151,
    "lng": -96.38137
  },
  {
    "name": "Fairfax",
    "country": "US",
    "lat": 38.84622,
    "lng": -77.30637
  },
  {
    "name": "Fairfax Station",
    "country": "US",
    "lat": 38.80095,
    "lng": -77.32554
  },
  {
    "name": "Fairlawn",
    "country": "US",
    "lat": 37.77624,
    "lng": -79.982
  },
  {
    "name": "Fairlawn",
    "country": "US",
    "lat": 37.14846,
    "lng": -80.57839
  },
  {
    "name": "Falls Church",
    "country": "US",
    "lat": 38.88233,
    "lng": -77.17109
  },
  {
    "name": "Falmouth",
    "country": "US",
    "lat": 38.32402,
    "lng": -77.46832
  },
  {
    "name": "Farmville",
    "country": "US",
    "lat": 37.3021,
    "lng": -78.39194
  },
  {
    "name": "Fairlea",
    "country": "US",
    "lat": 37.78068,
    "lng": -80.45702
  },
  {
    "name": "Fairmont",
    "country": "US",
    "lat": 39.48508,
    "lng": -80.14258
  },
  {
    "name": "Fayetteville",
    "country": "US",
    "lat": 38.05289,
    "lng": -81.10399
  },
  {
    "name": "Fairfield",
    "country": "US",
    "lat": 41.14121,
    "lng": -73.26373
  },
  {
    "name": "Farmington",
    "country": "US",
    "lat": 41.71982,
    "lng": -72.83204
  },
  {
    "name": "Fairbank",
    "country": "US",
    "lat": 42.63915,
    "lng": -92.04712
  },
  {
    "name": "Fairfax",
    "country": "US",
    "lat": 41.91945,
    "lng": -91.78101
  },
  {
    "name": "Fairfield",
    "country": "US",
    "lat": 41.00863,
    "lng": -91.96267
  },
  {
    "name": "Farley",
    "country": "US",
    "lat": 42.44278,
    "lng": -91.00625
  },
  {
    "name": "Fayette",
    "country": "US",
    "lat": 42.84193,
    "lng": -91.80211
  },
  {
    "name": "Fairbury",
    "country": "US",
    "lat": 40.74726,
    "lng": -88.51478
  },
  {
    "name": "Fairfield",
    "country": "US",
    "lat": 42.21919,
    "lng": -88.06147
  },
  {
    "name": "Fairmont",
    "country": "US",
    "lat": 41.55614,
    "lng": -88.05923
  },
  {
    "name": "Farmer City",
    "country": "US",
    "lat": 40.24337,
    "lng": -88.64257
  },
  {
    "name": "Farmington",
    "country": "US",
    "lat": 40.69809,
    "lng": -90.00595
  },
  {
    "name": "Farmington",
    "country": "US",
    "lat": 41.94475,
    "lng": -88.31591
  },
  {
    "name": "Fairmount",
    "country": "US",
    "lat": 40.41532,
    "lng": -85.65053
  },
  {
    "name": "Farmland",
    "country": "US",
    "lat": 40.18782,
    "lng": -85.12747
  },
  {
    "name": "Fairhaven",
    "country": "US",
    "lat": 41.6376,
    "lng": -70.90365
  },
  {
    "name": "Fairmount",
    "country": "US",
    "lat": 42.25149,
    "lng": -71.11477
  },
  {
    "name": "Fall River",
    "country": "US",
    "lat": 41.70149,
    "lng": -71.15505
  },
  {
    "name": "Falmouth",
    "country": "US",
    "lat": 41.5515,
    "lng": -70.61475
  },
  {
    "name": "Faneuil",
    "country": "US",
    "lat": 42.35565,
    "lng": -71.16339
  },
  {
    "name": "Fairfield",
    "country": "US",
    "lat": 44.5884,
    "lng": -69.59866
  },
  {
    "name": "Falmouth",
    "country": "US",
    "lat": 43.72953,
    "lng": -70.24199
  },
  {
    "name": "Falmouth Foreside",
    "country": "US",
    "lat": 43.7348,
    "lng": -70.20783
  },
  {
    "name": "Farmingdale",
    "country": "US",
    "lat": 44.24451,
    "lng": -69.77143
  },
  {
    "name": "Farmington",
    "country": "US",
    "lat": 44.67062,
    "lng": -70.15117
  },
  {
    "name": "Fayette",
    "country": "US",
    "lat": 44.40896,
    "lng": -70.03367
  },
  {
    "name": "Fair Plain",
    "country": "US",
    "lat": 42.08699,
    "lng": -86.45586
  },
  {
    "name": "Farmington",
    "country": "US",
    "lat": 42.46448,
    "lng": -83.37632
  },
  {
    "name": "Farmington Hills",
    "country": "US",
    "lat": 42.48531,
    "lng": -83.37716
  },
  {
    "name": "Fairfax",
    "country": "US",
    "lat": 44.52913,
    "lng": -94.72082
  },
  {
    "name": "Fairmont",
    "country": "US",
    "lat": 43.65218,
    "lng": -94.46108
  },
  {
    "name": "Falcon Heights",
    "country": "US",
    "lat": 44.99163,
    "lng": -93.16633
  },
  {
    "name": "Faribault",
    "country": "US",
    "lat": 44.29496,
    "lng": -93.26883
  },
  {
    "name": "Farmington",
    "country": "US",
    "lat": 44.64024,
    "lng": -93.14355
  },
  {
    "name": "Fargo",
    "country": "US",
    "lat": 46.87719,
    "lng": -96.7898
  },
  {
    "name": "Fairbury",
    "country": "US",
    "lat": 40.13722,
    "lng": -97.18059
  },
  {
    "name": "Falls City",
    "country": "US",
    "lat": 40.06084,
    "lng": -95.60193
  },
  {
    "name": "Farmington",
    "country": "US",
    "lat": 43.3898,
    "lng": -71.06506
  },
  {
    "name": "Fair Haven",
    "country": "US",
    "lat": 40.36067,
    "lng": -74.03819
  },
  {
    "name": "Fair Lawn",
    "country": "US",
    "lat": 40.94038,
    "lng": -74.13181
  },
  {
    "name": "Fairfield",
    "country": "US",
    "lat": 40.88371,
    "lng": -74.30598
  },
  {
    "name": "Fairview",
    "country": "US",
    "lat": 40.8126,
    "lng": -73.99903
  },
  {
    "name": "Fairview",
    "country": "US",
    "lat": 40.37316,
    "lng": -74.08681
  },
  {
    "name": "Fanwood",
    "country": "US",
    "lat": 40.64094,
    "lng": -74.38348
  },
  {
    "name": "Farmingdale",
    "country": "US",
    "lat": 40.1965,
    "lng": -74.16848
  },
  {
    "name": "Fairmount",
    "country": "US",
    "lat": 43.04729,
    "lng": -76.23854
  },
  {
    "name": "Fairport",
    "country": "US",
    "lat": 43.09867,
    "lng": -77.44194
  },
  {
    "name": "Fairview",
    "country": "US",
    "lat": 41.7237,
    "lng": -73.91986
  },
  {
    "name": "Fairview",
    "country": "US",
    "lat": 41.04343,
    "lng": -73.79736
  },
  {
    "name": "Falconer",
    "country": "US",
    "lat": 42.11867,
    "lng": -79.19838
  },
  {
    "name": "Fallsburg",
    "country": "US",
    "lat": 41.73204,
    "lng": -74.60127
  },
  {
    "name": "Far Rockaway",
    "country": "US",
    "lat": 40.60538,
    "lng": -73.75513
  },
  {
    "name": "Farmingdale",
    "country": "US",
    "lat": 40.7326,
    "lng": -73.4454
  },
  {
    "name": "Farmingville",
    "country": "US",
    "lat": 40.83121,
    "lng": -73.02955
  },
  {
    "name": "Fayetteville",
    "country": "US",
    "lat": 43.02979,
    "lng": -76.00436
  },
  {
    "name": "Fairlawn",
    "country": "US",
    "lat": 41.12783,
    "lng": -81.60984
  },
  {
    "name": "Fairport Harbor",
    "country": "US",
    "lat": 41.75004,
    "lng": -81.27399
  },
  {
    "name": "Fairview Park",
    "country": "US",
    "lat": 41.44144,
    "lng": -81.8643
  },
  {
    "name": "Fayette",
    "country": "US",
    "lat": 41.67338,
    "lng": -84.32689
  },
  {
    "name": "Factoryville",
    "country": "US",
    "lat": 40.82482,
    "lng": -75.20962
  },
  {
    "name": "Factoryville",
    "country": "US",
    "lat": 41.56313,
    "lng": -75.78269
  },
  {
    "name": "Fairhope",
    "country": "US",
    "lat": 40.11368,
    "lng": -79.83977
  },
  {
    "name": "Fairless Hills",
    "country": "US",
    "lat": 40.17955,
    "lng": -74.85516
  },
  {
    "name": "Fairview",
    "country": "US",
    "lat": 42.03145,
    "lng": -80.25534
  },
  {
    "name": "Falls Creek",
    "country": "US",
    "lat": 41.14506,
    "lng": -78.80447
  },
  {
    "name": "Farrell",
    "country": "US",
    "lat": 41.21228,
    "lng": -80.49674
  },
  {
    "name": "Faxon",
    "country": "US",
    "lat": 41.24841,
    "lng": -76.97719
  },
  {
    "name": "Faulkton",
    "country": "US",
    "lat": 45.03497,
    "lng": -99.124
  },
  {
    "name": "Fair Haven",
    "country": "US",
    "lat": 43.59479,
    "lng": -73.26567
  },
  {
    "name": "Fall Creek",
    "country": "US",
    "lat": 44.76357,
    "lng": -91.2771
  },
  {
    "name": "Fall River",
    "country": "US",
    "lat": 43.38443,
    "lng": -89.04511
  },
  {
    "name": "Fair Oaks",
    "country": "US",
    "lat": 38.64463,
    "lng": -121.27217
  },
  {
    "name": "Fairbanks Ranch",
    "country": "US",
    "lat": 32.99393,
    "lng": -117.18726
  },
  {
    "name": "Fairfax",
    "country": "US",
    "lat": 37.98715,
    "lng": -122.58887
  },
  {
    "name": "Fairfield",
    "country": "US",
    "lat": 38.24936,
    "lng": -122.03997
  },
  {
    "name": "Fairmead",
    "country": "US",
    "lat": 37.07633,
    "lng": -120.19295
  },
  {
    "name": "Fairview",
    "country": "US",
    "lat": 37.67854,
    "lng": -122.0458
  },
  {
    "name": "Fallbrook",
    "country": "US",
    "lat": 33.37642,
    "lng": -117.25115
  },
  {
    "name": "Farmersville",
    "country": "US",
    "lat": 36.29773,
    "lng": -119.20678
  },
  {
    "name": "Fairplay",
    "country": "US",
    "lat": 39.22471,
    "lng": -106.00196
  },
  {
    "name": "Farmington",
    "country": "US",
    "lat": 36.72806,
    "lng": -108.21869
  },
  {
    "name": "Fallon",
    "country": "US",
    "lat": 39.47353,
    "lng": -118.77737
  },
  {
    "name": "Fabens",
    "country": "US",
    "lat": 31.50234,
    "lng": -106.15859
  },
  {
    "name": "Farwell",
    "country": "US",
    "lat": 34.38341,
    "lng": -103.038
  },
  {
    "name": "Fairview",
    "country": "US",
    "lat": 39.62635,
    "lng": -111.43963
  },
  {
    "name": "Fairfield",
    "country": "US",
    "lat": 43.34657,
    "lng": -114.79173
  },
  {
    "name": "Fairview",
    "country": "US",
    "lat": 45.53845,
    "lng": -122.43398
  },
  {
    "name": "Farmington",
    "country": "US",
    "lat": 40.9805,
    "lng": -111.88744
  },
  {
    "name": "Farr West",
    "country": "US",
    "lat": 41.29717,
    "lng": -112.02772
  },
  {
    "name": "Fairwood",
    "country": "US",
    "lat": 47.44843,
    "lng": -122.15734
  },
  {
    "name": "Fairwood",
    "country": "US",
    "lat": 47.76684,
    "lng": -117.41744
  },
  {
    "name": "Fall City",
    "country": "US",
    "lat": 47.56732,
    "lng": -121.88873
  },
  {
    "name": "Fairbanks",
    "country": "US",
    "lat": 64.83778,
    "lng": -147.71639
  },
  {
    "name": "Fairview-Ferndale",
    "country": "US",
    "lat": 40.78037,
    "lng": -76.57528
  },
  {
    "name": "Fairchild Air Force Base",
    "country": "US",
    "lat": 47.61879,
    "lng": -117.64826
  },
  {
    "name": "Farm Loop",
    "country": "US",
    "lat": 61.63891,
    "lng": -149.14215
  },
  {
    "name": "Farmers Loop",
    "country": "US",
    "lat": 64.90822,
    "lng": -147.69866
  },
  {
    "name": "Fairwood",
    "country": "US",
    "lat": 38.95665,
    "lng": -76.77772
  },
  {
    "name": "Fairfield Heights",
    "country": "US",
    "lat": 39.82861,
    "lng": -86.38224
  },
  {
    "name": "Farley",
    "country": "US",
    "lat": 37.04634,
    "lng": -88.56856
  },
  {
    "name": "Farrington",
    "country": "US",
    "lat": 21.33221,
    "lng": -157.87057
  },
  {
    "name": "Farriar",
    "country": "VE",
    "lat": 10.47016,
    "lng": -68.55885
  },
  {
    "name": "Fasito‘outa",
    "country": "WS",
    "lat": -13.81163,
    "lng": -171.94063
  },
  {
    "name": "Faleula",
    "country": "WS",
    "lat": -13.79457,
    "lng": -171.83126
  },
  {
    "name": "Falefa",
    "country": "WS",
    "lat": -13.88695,
    "lng": -171.58805
  },
  {
    "name": "Fauresmith",
    "country": "ZA",
    "lat": -29.74893,
    "lng": 25.31505
  },
  {
    "name": "Fayini",
    "country": "ZA",
    "lat": -24.922,
    "lng": 31.29931
  }
]