[
  {
    "name": "Ferik",
    "country": "AM",
    "lat": 40.1874,
    "lng": 44.20952
  },
  {
    "name": "Felipe Yofré",
    "country": "AR",
    "lat": -29.10339,
    "lng": -58.34124
  },
  {
    "name": "Federal",
    "country": "AR",
    "lat": -30.95619,
    "lng": -58.7797
  },
  {
    "name": "Federación",
    "country": "AR",
    "lat": -30.99114,
    "lng": -57.91789
  },
  {
    "name": "Fernández",
    "country": "AR",
    "lat": -27.92532,
    "lng": -63.89459
  },
  {
    "name": "Ferschnitz",
    "country": "AT",
    "lat": 48.09419,
    "lng": 14.98454
  },
  {
    "name": "Fernitz",
    "country": "AT",
    "lat": 46.97389,
    "lng": 15.50111
  },
  {
    "name": "Ferndorf",
    "country": "AT",
    "lat": 46.73651,
    "lng": 13.62661
  },
  {
    "name": "Ferlach",
    "country": "AT",
    "lat": 46.52694,
    "lng": 14.30194
  },
  {
    "name": "Fendels",
    "country": "AT",
    "lat": 47.0539,
    "lng": 10.67777
  },
  {
    "name": "Fels am Wagram",
    "country": "AT",
    "lat": 48.43333,
    "lng": 15.81667
  },
  {
    "name": "Felixdorf",
    "country": "AT",
    "lat": 47.88159,
    "lng": 16.24208
  },
  {
    "name": "Feldkirchen in Kärnten",
    "country": "AT",
    "lat": 46.72368,
    "lng": 14.0958
  },
  {
    "name": "Feldkirchen bei Graz",
    "country": "AT",
    "lat": 47.01667,
    "lng": 15.45
  },
  {
    "name": "Feldkirchen an der Donau",
    "country": "AT",
    "lat": 48.34524,
    "lng": 14.05134
  },
  {
    "name": "Feldkirch",
    "country": "AT",
    "lat": 47.23306,
    "lng": 9.6
  },
  {
    "name": "Feldbach",
    "country": "AT",
    "lat": 46.95306,
    "lng": 15.88833
  },
  {
    "name": "Feld am See",
    "country": "AT",
    "lat": 46.77639,
    "lng": 13.74778
  },
  {
    "name": "Feistritz ob Bleiburg",
    "country": "AT",
    "lat": 46.56148,
    "lng": 14.76249
  },
  {
    "name": "Feistritz im Rosental",
    "country": "AT",
    "lat": 46.5225,
    "lng": 14.16826
  },
  {
    "name": "Feistritz bei Knittelfeld",
    "country": "AT",
    "lat": 47.26802,
    "lng": 14.89334
  },
  {
    "name": "Feistritz an der Gail",
    "country": "AT",
    "lat": 46.5775,
    "lng": 13.60667
  },
  {
    "name": "Feistritz an der Drau",
    "country": "AT",
    "lat": 46.70157,
    "lng": 13.66479
  },
  {
    "name": "Feistritz am Wechsel",
    "country": "AT",
    "lat": 47.6,
    "lng": 16.05
  },
  {
    "name": "Fehring",
    "country": "AT",
    "lat": 46.94,
    "lng": 16.00806
  },
  {
    "name": "Ferny Creek",
    "country": "AU",
    "lat": -37.88333,
    "lng": 145.33333
  },
  {
    "name": "Fernvale",
    "country": "AU",
    "lat": -27.45475,
    "lng": 152.65321
  },
  {
    "name": "Fern Hill",
    "country": "AU",
    "lat": -34.38294,
    "lng": 150.88567
  },
  {
    "name": "Ferny Grove",
    "country": "AU",
    "lat": -27.4008,
    "lng": 152.93475
  },
  {
    "name": "Ferntree Gully",
    "country": "AU",
    "lat": -37.88461,
    "lng": 145.29539
  },
  {
    "name": "Fern Bay",
    "country": "AU",
    "lat": -32.86428,
    "lng": 151.81307
  },
  {
    "name": "Felixstow",
    "country": "AU",
    "lat": -34.88902,
    "lng": 138.64696
  },
  {
    "name": "Ferny Hills",
    "country": "AU",
    "lat": -27.39594,
    "lng": 152.93737
  },
  {
    "name": "Ferryden Park",
    "country": "AU",
    "lat": -34.86616,
    "lng": 138.5618
  },
  {
    "name": "Ferndale",
    "country": "AU",
    "lat": -32.03494,
    "lng": 115.92233
  },
  {
    "name": "Fennell Bay",
    "country": "AU",
    "lat": -32.9922,
    "lng": 151.60008
  },
  {
    "name": "Feni",
    "country": "BD",
    "lat": 23.0144,
    "lng": 91.3966
  },
  {
    "name": "Fexhe-Slins",
    "country": "BE",
    "lat": 50.72026,
    "lng": 5.56973
  },
  {
    "name": "Fexhe-le-Haut-Clocher",
    "country": "BE",
    "lat": 50.6654,
    "lng": 5.39978
  },
  {
    "name": "Ferrières",
    "country": "BE",
    "lat": 50.40157,
    "lng": 5.61092
  },
  {
    "name": "Feluy",
    "country": "BE",
    "lat": 50.56258,
    "lng": 4.25098
  },
  {
    "name": "Ferreiros",
    "country": "BR",
    "lat": -7.4475,
    "lng": -35.24417
  },
  {
    "name": "Ferreira Gomes",
    "country": "BR",
    "lat": 0.85833,
    "lng": -51.18
  },
  {
    "name": "Fernando Pedroza",
    "country": "BR",
    "lat": -5.69722,
    "lng": -36.53111
  },
  {
    "name": "Felipe Guerra",
    "country": "BR",
    "lat": -5.59703,
    "lng": -37.69766
  },
  {
    "name": "Feira Nova",
    "country": "BR",
    "lat": -7.95083,
    "lng": -35.38917
  },
  {
    "name": "Feira Grande",
    "country": "BR",
    "lat": -9.90028,
    "lng": -36.6775
  },
  {
    "name": "Fernandes Tourinho",
    "country": "BR",
    "lat": -19.15263,
    "lng": -42.08024
  },
  {
    "name": "Fervedouro",
    "country": "BR",
    "lat": -20.72556,
    "lng": -42.27889
  },
  {
    "name": "Ferros",
    "country": "BR",
    "lat": -19.23194,
    "lng": -43.02333
  },
  {
    "name": "Ferraz de Vasconcelos",
    "country": "BR",
    "lat": -23.54083,
    "lng": -46.36861
  },
  {
    "name": "Fernão",
    "country": "BR",
    "lat": -22.35861,
    "lng": -49.52083
  },
  {
    "name": "Fernando Prestes",
    "country": "BR",
    "lat": -21.26444,
    "lng": -48.68528
  },
  {
    "name": "Fernandópolis",
    "country": "BR",
    "lat": -20.28389,
    "lng": -50.24639
  },
  {
    "name": "Fernandes Pinheiro",
    "country": "BR",
    "lat": -25.41333,
    "lng": -50.5475
  },
  {
    "name": "Feliz Deserto",
    "country": "BR",
    "lat": -10.29194,
    "lng": -36.30611
  },
  {
    "name": "Felisburgo",
    "country": "BR",
    "lat": -16.63861,
    "lng": -40.76139
  },
  {
    "name": "Feliz",
    "country": "BR",
    "lat": -29.45083,
    "lng": -51.30639
  },
  {
    "name": "Felixlândia",
    "country": "BR",
    "lat": -18.75806,
    "lng": -44.89889
  },
  {
    "name": "Felício dos Santos",
    "country": "BR",
    "lat": -18.07722,
    "lng": -43.24694
  },
  {
    "name": "Feira de Santana",
    "country": "BR",
    "lat": -12.26667,
    "lng": -38.96667
  },
  {
    "name": "Feijó",
    "country": "BR",
    "lat": -8.1654,
    "lng": -70.35486
  },
  {
    "name": "Feira da Mata",
    "country": "BR",
    "lat": -14.21278,
    "lng": -44.28111
  },
  {
    "name": "Feira Nova",
    "country": "BR",
    "lat": -10.26417,
    "lng": -37.31306
  },
  {
    "name": "Feira Nova do Maranhão",
    "country": "BR",
    "lat": -6.96,
    "lng": -46.68556
  },
  {
    "name": "Feliz Natal",
    "country": "BR",
    "lat": -12.38611,
    "lng": -54.91972
  },
  {
    "name": "Fernando de Noronha (Distrito Estadual)",
    "country": "BR",
    "lat": -3.84028,
    "lng": -32.41083
  },
  {
    "name": "Fernando Falcão",
    "country": "BR",
    "lat": -6.15114,
    "lng": -44.90184
  },
  {
    "name": "Fercal",
    "country": "BR",
    "lat": -15.59135,
    "lng": -47.8828
  },
  {
    "name": "Fenelon Falls",
    "country": "CA",
    "lat": 44.53342,
    "lng": -78.74957
  },
  {
    "name": "Ferme-Neuve",
    "country": "CA",
    "lat": 46.70011,
    "lng": -75.44929
  },
  {
    "name": "Fermont",
    "country": "CA",
    "lat": 52.79445,
    "lng": -67.08378
  },
  {
    "name": "Fernie",
    "country": "CA",
    "lat": 49.49996,
    "lng": -115.06871
  },
  {
    "name": "Fergus",
    "country": "CA",
    "lat": 43.70604,
    "lng": -80.37761
  },
  {
    "name": "Fernwood",
    "country": "CA",
    "lat": 48.42979,
    "lng": -123.34424
  },
  {
    "name": "Feusisberg",
    "country": "CH",
    "lat": 47.18707,
    "lng": 8.74724
  },
  {
    "name": "Feuerthalen",
    "country": "CH",
    "lat": 47.69054,
    "lng": 8.64357
  },
  {
    "name": "Ferenbalm",
    "country": "CH",
    "lat": 46.9488,
    "lng": 7.21124
  },
  {
    "name": "Felsberg",
    "country": "CH",
    "lat": 46.84566,
    "lng": 9.47588
  },
  {
    "name": "Feldmeilen",
    "country": "CH",
    "lat": 47.27873,
    "lng": 8.62165
  },
  {
    "name": "Fehraltorf",
    "country": "CH",
    "lat": 47.38775,
    "lng": 8.75149
  },
  {
    "name": "Ferreyres",
    "country": "CH",
    "lat": 46.65804,
    "lng": 6.4852
  },
  {
    "name": "Fengolo",
    "country": "CI",
    "lat": 9.92572,
    "lng": -6.90525
  },
  {
    "name": "Ferkessédougou",
    "country": "CI",
    "lat": 9.5928,
    "lng": -5.19449
  },
  {
    "name": "Fengolo",
    "country": "CI",
    "lat": 6.78634,
    "lng": -7.39338
  },
  {
    "name": "Fengshan",
    "country": "CN",
    "lat": 24.58333,
    "lng": 99.9
  },
  {
    "name": "Fengnan",
    "country": "CN",
    "lat": 39.57342,
    "lng": 118.08108
  },
  {
    "name": "Feicheng",
    "country": "CN",
    "lat": 36.24861,
    "lng": 116.76583
  },
  {
    "name": "Fengzhou",
    "country": "CN",
    "lat": 36.84278,
    "lng": 112.85417
  },
  {
    "name": "Fengcheng",
    "country": "CN",
    "lat": 37.43278,
    "lng": 112.02333
  },
  {
    "name": "Fenghuang",
    "country": "CN",
    "lat": 38.9978,
    "lng": 112.29779
  },
  {
    "name": "Fenghuang",
    "country": "CN",
    "lat": 37.61559,
    "lng": 114.91641
  },
  {
    "name": "Fenyi",
    "country": "CN",
    "lat": 27.81117,
    "lng": 114.66805
  },
  {
    "name": "Fenshui",
    "country": "CN",
    "lat": 30.7197,
    "lng": 108.08333
  },
  {
    "name": "Fengzhou",
    "country": "CN",
    "lat": 24.95762,
    "lng": 118.53365
  },
  {
    "name": "Fengyi",
    "country": "CN",
    "lat": 31.68412,
    "lng": 103.85382
  },
  {
    "name": "Fengyi",
    "country": "CN",
    "lat": 28.5537,
    "lng": 107.439
  },
  {
    "name": "Fengyi",
    "country": "CN",
    "lat": 25.58399,
    "lng": 100.31181
  },
  {
    "name": "Fengyang Fuchengzhen",
    "country": "CN",
    "lat": 32.87969,
    "lng": 117.54465
  },
  {
    "name": "Fengcheng",
    "country": "CN",
    "lat": 34.70388,
    "lng": 116.58717
  },
  {
    "name": "Fengtai",
    "country": "CN",
    "lat": 39.55806,
    "lng": 117.74917
  },
  {
    "name": "Fengtai",
    "country": "CN",
    "lat": 39.84757,
    "lng": 116.27227
  },
  {
    "name": "Fengtai Chengguanzhen",
    "country": "CN",
    "lat": 32.70825,
    "lng": 116.72956
  },
  {
    "name": "Fengshan",
    "country": "CN",
    "lat": 30.88712,
    "lng": 115.42091
  },
  {
    "name": "Fengshan",
    "country": "CN",
    "lat": 26.48556,
    "lng": 119.54917
  },
  {
    "name": "Fengshan",
    "country": "CN",
    "lat": 24.54971,
    "lng": 107.03831
  },
  {
    "name": "Fengrun",
    "country": "CN",
    "lat": 39.82664,
    "lng": 118.13822
  },
  {
    "name": "Fengqiu",
    "country": "CN",
    "lat": 35.03995,
    "lng": 114.41649
  },
  {
    "name": "Fengpu",
    "country": "CN",
    "lat": 26.68276,
    "lng": 118.76006
  },
  {
    "name": "Fengming",
    "country": "CN",
    "lat": 34.44139,
    "lng": 107.61778
  },
  {
    "name": "Fenglu",
    "country": "CN",
    "lat": 24.67652,
    "lng": 102.91129
  },
  {
    "name": "Fengkou",
    "country": "CN",
    "lat": 30.08268,
    "lng": 113.33346
  },
  {
    "name": "Fengjia",
    "country": "CN",
    "lat": 29.39313,
    "lng": 108.78459
  },
  {
    "name": "Fenggao",
    "country": "CN",
    "lat": 29.42685,
    "lng": 105.67506
  },
  {
    "name": "Fenggang",
    "country": "CN",
    "lat": 27.54566,
    "lng": 116.21456
  },
  {
    "name": "Fengdie",
    "country": "CN",
    "lat": 33.81049,
    "lng": 104.24507
  },
  {
    "name": "Fengchuan",
    "country": "CN",
    "lat": 28.7,
    "lng": 115.38333
  },
  {
    "name": "Fengcheng",
    "country": "CN",
    "lat": 24.72365,
    "lng": 116.72429
  },
  {
    "name": "Feixiang",
    "country": "CN",
    "lat": 36.55292,
    "lng": 114.8029
  },
  {
    "name": "Feicheng",
    "country": "CN",
    "lat": 35.26056,
    "lng": 117.9675
  },
  {
    "name": "Feiluan",
    "country": "CN",
    "lat": 26.5625,
    "lng": 119.5975
  },
  {
    "name": "Fenghua",
    "country": "CN",
    "lat": 29.65628,
    "lng": 121.4064
  },
  {
    "name": "Fengxiang",
    "country": "CN",
    "lat": 32.90194,
    "lng": 105.3113
  },
  {
    "name": "Fengsheng",
    "country": "CN",
    "lat": 29.53139,
    "lng": 106.9325
  },
  {
    "name": "Fendou",
    "country": "CN",
    "lat": 46.64142,
    "lng": 124.86283
  },
  {
    "name": "Fendou",
    "country": "CN",
    "lat": 47.40955,
    "lng": 129.42822
  },
  {
    "name": "Fengcheng",
    "country": "CN",
    "lat": 40.45361,
    "lng": 124.07167
  },
  {
    "name": "Fengning",
    "country": "CN",
    "lat": 41.21079,
    "lng": 116.64039
  },
  {
    "name": "Fengman",
    "country": "CN",
    "lat": 43.82307,
    "lng": 126.55777
  },
  {
    "name": "Fenghuang",
    "country": "CN",
    "lat": 27.93557,
    "lng": 109.59961
  },
  {
    "name": "Fengxiang",
    "country": "CN",
    "lat": 34.52301,
    "lng": 107.39127
  },
  {
    "name": "Fenghuang",
    "country": "CN",
    "lat": 31.40168,
    "lng": 109.51377
  },
  {
    "name": "Fengling",
    "country": "CN",
    "lat": 31.3194,
    "lng": 109.55474
  },
  {
    "name": "Fenhe",
    "country": "CN",
    "lat": 31.13723,
    "lng": 109.52206
  },
  {
    "name": "Fengping",
    "country": "CN",
    "lat": 30.83481,
    "lng": 109.50499
  },
  {
    "name": "Fengle",
    "country": "CN",
    "lat": 31.18975,
    "lng": 108.41461
  },
  {
    "name": "Fengmu",
    "country": "CN",
    "lat": 30.24712,
    "lng": 108.48336
  },
  {
    "name": "Fenglai",
    "country": "CN",
    "lat": 29.39986,
    "lng": 107.29652
  },
  {
    "name": "Fengcheng",
    "country": "CN",
    "lat": 29.82587,
    "lng": 107.06019
  },
  {
    "name": "Fengyan",
    "country": "CN",
    "lat": 29.29736,
    "lng": 107.15189
  },
  {
    "name": "Fengfengkuang",
    "country": "CN",
    "lat": 36.41939,
    "lng": 114.21338
  },
  {
    "name": "Fengping",
    "country": "CN",
    "lat": 24.39735,
    "lng": 98.5177
  },
  {
    "name": "Fengwang",
    "country": "CN",
    "lat": 34.63844,
    "lng": 105.98864
  },
  {
    "name": "Fengquan",
    "country": "CN",
    "lat": 35.38422,
    "lng": 113.91158
  },
  {
    "name": "Feuchtwangen",
    "country": "DE",
    "lat": 49.16287,
    "lng": 10.3385
  },
  {
    "name": "Feucht",
    "country": "DE",
    "lat": 49.37597,
    "lng": 11.21433
  },
  {
    "name": "Ferdinandshof",
    "country": "DE",
    "lat": 53.66124,
    "lng": 13.88724
  },
  {
    "name": "Felsberg",
    "country": "DE",
    "lat": 51.13763,
    "lng": 9.42139
  },
  {
    "name": "Felm",
    "country": "DE",
    "lat": 54.41034,
    "lng": 10.06119
  },
  {
    "name": "Fellheim",
    "country": "DE",
    "lat": 48.0728,
    "lng": 10.15224
  },
  {
    "name": "Fellbach",
    "country": "DE",
    "lat": 48.80912,
    "lng": 9.27697
  },
  {
    "name": "Fell",
    "country": "DE",
    "lat": 49.76667,
    "lng": 6.78333
  },
  {
    "name": "Feldkirchen-Westerham",
    "country": "DE",
    "lat": 47.90748,
    "lng": 11.84266
  },
  {
    "name": "Feldkirchen",
    "country": "DE",
    "lat": 48.14811,
    "lng": 11.731
  },
  {
    "name": "Felde",
    "country": "DE",
    "lat": 54.30106,
    "lng": 9.93613
  },
  {
    "name": "Feldafing",
    "country": "DE",
    "lat": 47.94602,
    "lng": 11.29326
  },
  {
    "name": "Feilitzsch",
    "country": "DE",
    "lat": 50.36667,
    "lng": 11.93333
  },
  {
    "name": "Feilbingert",
    "country": "DE",
    "lat": 49.76667,
    "lng": 7.8
  },
  {
    "name": "Fehrbellin",
    "country": "DE",
    "lat": 52.8135,
    "lng": 12.7644
  },
  {
    "name": "Fedderwarden",
    "country": "DE",
    "lat": 53.56142,
    "lng": 8.04371
  },
  {
    "name": "Feldstadt",
    "country": "DE",
    "lat": 53.62331,
    "lng": 11.40673
  },
  {
    "name": "Fehmarn",
    "country": "DE",
    "lat": 54.4378,
    "lng": 11.19352
  },
  {
    "name": "Fennpfuhl",
    "country": "DE",
    "lat": 52.52921,
    "lng": 13.47267
  },
  {
    "name": "Fensmark",
    "country": "DK",
    "lat": 55.27919,
    "lng": 11.80382
  },
  {
    "name": "Feraoun",
    "country": "DZ",
    "lat": 36.56041,
    "lng": 4.85454
  },
  {
    "name": "Feidh el Botma",
    "country": "DZ",
    "lat": 34.5,
    "lng": 3.76667
  },
  {
    "name": "Fedj M’Zala",
    "country": "DZ",
    "lat": 36.40937,
    "lng": 5.94463
  },
  {
    "name": "Fernández Salvador",
    "country": "EC",
    "lat": 0.59999,
    "lng": -77.75227
  },
  {
    "name": "Febres Cordero",
    "country": "EC",
    "lat": -1.99365,
    "lng": -79.35514
  },
  {
    "name": "Ferreries",
    "country": "ES",
    "lat": 39.98324,
    "lng": 4.01181
  },
  {
    "name": "Ferreira",
    "country": "ES",
    "lat": 37.17247,
    "lng": -3.03539
  },
  {
    "name": "Fernán-Núñez",
    "country": "ES",
    "lat": 37.67044,
    "lng": -4.7264
  },
  {
    "name": "Feria",
    "country": "ES",
    "lat": 38.51151,
    "lng": -6.56416
  },
  {
    "name": "Felanitx",
    "country": "ES",
    "lat": 39.4696,
    "lng": 3.14831
  },
  {
    "name": "Ferreruela de Huerva",
    "country": "ES",
    "lat": 41.06325,
    "lng": -1.2335
  },
  {
    "name": "Ferreruela",
    "country": "ES",
    "lat": 41.76673,
    "lng": -6.07215
  },
  {
    "name": "Ferreras de Arriba",
    "country": "ES",
    "lat": 41.89878,
    "lng": -6.19461
  },
  {
    "name": "Ferreras de Abajo",
    "country": "ES",
    "lat": 41.89651,
    "lng": -6.07904
  },
  {
    "name": "Fermoselle",
    "country": "ES",
    "lat": 41.31738,
    "lng": -6.39584
  },
  {
    "name": "Fene",
    "country": "ES",
    "lat": 43.45,
    "lng": -8.15
  },
  {
    "name": "Ferrol",
    "country": "ES",
    "lat": 43.48451,
    "lng": -8.23293
  },
  {
    "name": "Felege Neway",
    "country": "ET",
    "lat": 6.3,
    "lng": 36.88333
  },
  {
    "name": "Felana",
    "country": "ET",
    "lat": 9.46498,
    "lng": 42.18447
  },
  {
    "name": "Feyzin",
    "country": "FR",
    "lat": 45.67287,
    "lng": 4.85894
  },
  {
    "name": "Feytiat",
    "country": "FR",
    "lat": 45.81004,
    "lng": 1.33107
  },
  {
    "name": "Feurs",
    "country": "FR",
    "lat": 45.73337,
    "lng": 4.22755
  },
  {
    "name": "Feuquières-en-Vimeu",
    "country": "FR",
    "lat": 50.05982,
    "lng": 1.60465
  },
  {
    "name": "Feuquières",
    "country": "FR",
    "lat": 49.64677,
    "lng": 1.84784
  },
  {
    "name": "Feuchy",
    "country": "FR",
    "lat": 50.29439,
    "lng": 2.84335
  },
  {
    "name": "Feucherolles",
    "country": "FR",
    "lat": 48.87002,
    "lng": 1.97402
  },
  {
    "name": "Festubert",
    "country": "FR",
    "lat": 50.5425,
    "lng": 2.73593
  },
  {
    "name": "Fessenheim",
    "country": "FR",
    "lat": 47.91565,
    "lng": 7.53499
  },
  {
    "name": "Fesches-le-Châtel",
    "country": "FR",
    "lat": 47.52415,
    "lng": 6.90535
  },
  {
    "name": "Ferrières-en-Brie",
    "country": "FR",
    "lat": 48.82352,
    "lng": 2.70664
  },
  {
    "name": "Ferrière-la-Grande",
    "country": "FR",
    "lat": 50.25521,
    "lng": 3.99288
  },
  {
    "name": "Ferrette",
    "country": "FR",
    "lat": 47.49436,
    "lng": 7.31372
  },
  {
    "name": "Ferrals-les-Corbières",
    "country": "FR",
    "lat": 43.14766,
    "lng": 2.72759
  },
  {
    "name": "Ferques",
    "country": "FR",
    "lat": 50.83002,
    "lng": 1.75994
  },
  {
    "name": "Ferney-Voltaire",
    "country": "FR",
    "lat": 46.25858,
    "lng": 6.11063
  },
  {
    "name": "Fermanville",
    "country": "FR",
    "lat": 49.68673,
    "lng": -1.46284
  },
  {
    "name": "Fenouillet",
    "country": "FR",
    "lat": 43.68041,
    "lng": 1.392
  },
  {
    "name": "Feneu",
    "country": "FR",
    "lat": 47.57211,
    "lng": -0.59321
  },
  {
    "name": "Fenain",
    "country": "FR",
    "lat": 50.36667,
    "lng": 3.3
  },
  {
    "name": "Felletin",
    "country": "FR",
    "lat": 45.88415,
    "lng": 2.17335
  },
  {
    "name": "Fellering",
    "country": "FR",
    "lat": 47.89659,
    "lng": 6.98552
  },
  {
    "name": "Felleries",
    "country": "FR",
    "lat": 50.14719,
    "lng": 4.03322
  },
  {
    "name": "Feillens",
    "country": "FR",
    "lat": 46.33426,
    "lng": 4.89146
  },
  {
    "name": "Feignies",
    "country": "FR",
    "lat": 50.29806,
    "lng": 3.91534
  },
  {
    "name": "Feigères",
    "country": "FR",
    "lat": 46.11228,
    "lng": 6.07937
  },
  {
    "name": "Fegersheim",
    "country": "FR",
    "lat": 48.49016,
    "lng": 7.68107
  },
  {
    "name": "Ferryhill",
    "country": "GB",
    "lat": 54.68333,
    "lng": -1.55
  },
  {
    "name": "Ferrybridge",
    "country": "GB",
    "lat": 53.71058,
    "lng": -1.27948
  },
  {
    "name": "Fernhurst",
    "country": "GB",
    "lat": 51.04873,
    "lng": -0.71789
  },
  {
    "name": "Fernhill Heath",
    "country": "GB",
    "lat": 52.23002,
    "lng": -2.19659
  },
  {
    "name": "Ferndale",
    "country": "GB",
    "lat": 51.66056,
    "lng": -3.4475
  },
  {
    "name": "Fenwick",
    "country": "GB",
    "lat": 55.65823,
    "lng": -4.44342
  },
  {
    "name": "Fenwick",
    "country": "GB",
    "lat": 53.63868,
    "lng": -1.0976
  },
  {
    "name": "Fenstanton",
    "country": "GB",
    "lat": 52.29903,
    "lng": -0.06712
  },
  {
    "name": "Feltwell",
    "country": "GB",
    "lat": 52.48581,
    "lng": 0.51945
  },
  {
    "name": "Felton",
    "country": "GB",
    "lat": 55.29768,
    "lng": -1.71143
  },
  {
    "name": "Feltham",
    "country": "GB",
    "lat": 51.4462,
    "lng": -0.41388
  },
  {
    "name": "Felling",
    "country": "GB",
    "lat": 54.95297,
    "lng": -1.57152
  },
  {
    "name": "Felixstowe",
    "country": "GB",
    "lat": 51.96375,
    "lng": 1.3511
  },
  {
    "name": "Felbridge",
    "country": "GB",
    "lat": 51.13913,
    "lng": -0.04116
  },
  {
    "name": "Featherstone",
    "country": "GB",
    "lat": 53.67688,
    "lng": -1.35647
  },
  {
    "name": "Ferndown",
    "country": "GB",
    "lat": 50.80743,
    "lng": -1.89975
  },
  {
    "name": "Featherstone",
    "country": "GB",
    "lat": 52.64483,
    "lng": -2.09315
  },
  {
    "name": "Fetcham",
    "country": "GB",
    "lat": 51.28879,
    "lng": -0.35582
  },
  {
    "name": "Feričanci",
    "country": "HR",
    "lat": 45.52889,
    "lng": 17.97583
  },
  {
    "name": "Ferdinandovac",
    "country": "HR",
    "lat": 46.06054,
    "lng": 17.19187
  },
  {
    "name": "Ferrier",
    "country": "HT",
    "lat": 19.61549,
    "lng": -71.77792
  },
  {
    "name": "Felsőzsolca",
    "country": "HU",
    "lat": 48.1,
    "lng": 20.86667
  },
  {
    "name": "Felsőtárkány",
    "country": "HU",
    "lat": 47.96667,
    "lng": 20.41667
  },
  {
    "name": "Fehérgyarmat",
    "country": "HU",
    "lat": 47.98333,
    "lng": 22.51667
  },
  {
    "name": "Fegyvernek",
    "country": "HU",
    "lat": 47.26667,
    "lng": 20.53333
  },
  {
    "name": "Fertőszentmiklós",
    "country": "HU",
    "lat": 47.58996,
    "lng": 16.87517
  },
  {
    "name": "Fertőrákos",
    "country": "HU",
    "lat": 47.72017,
    "lng": 16.6504
  },
  {
    "name": "Fertőd",
    "country": "HU",
    "lat": 47.62173,
    "lng": 16.87088
  },
  {
    "name": "Ferencváros",
    "country": "HU",
    "lat": 47.47754,
    "lng": 19.09081
  },
  {
    "name": "Felsőtag",
    "country": "HU",
    "lat": 47.38927,
    "lng": 19.09277
  },
  {
    "name": "Felsőszentiván",
    "country": "HU",
    "lat": 46.19713,
    "lng": 19.18686
  },
  {
    "name": "Felsőpakony",
    "country": "HU",
    "lat": 47.34329,
    "lng": 19.23698
  },
  {
    "name": "Fehérvárcsurgó",
    "country": "HU",
    "lat": 47.29349,
    "lng": 18.2646
  },
  {
    "name": "Felsőrákos",
    "country": "HU",
    "lat": 47.496,
    "lng": 19.16032
  },
  {
    "name": "Fef",
    "country": "ID",
    "lat": -0.80889,
    "lng": 132.43222
  },
  {
    "name": "Fethard",
    "country": "IE",
    "lat": 52.46722,
    "lng": -7.69111
  },
  {
    "name": "Ferns",
    "country": "IE",
    "lat": 52.58833,
    "lng": -6.49972
  },
  {
    "name": "Fermoy",
    "country": "IE",
    "lat": 52.13583,
    "lng": -8.27583
  },
  {
    "name": "Ferbane",
    "country": "IE",
    "lat": 53.26944,
    "lng": -7.82694
  },
  {
    "name": "Ferokh",
    "country": "IN",
    "lat": 11.17989,
    "lng": 75.84141
  },
  {
    "name": "Fertilizer Corporation of India Township",
    "country": "IN",
    "lat": 20.90743,
    "lng": 85.17188
  },
  {
    "name": "Feyẕābād",
    "country": "IR",
    "lat": 35.01891,
    "lng": 58.78343
  },
  {
    "name": "Fereydūnshahr",
    "country": "IR",
    "lat": 32.94195,
    "lng": 50.11991
  },
  {
    "name": "Fereydūn Kenār",
    "country": "IR",
    "lat": 36.68489,
    "lng": 52.51917
  },
  {
    "name": "Ferdows",
    "country": "IR",
    "lat": 34.0185,
    "lng": 58.17222
  },
  {
    "name": "Ferruzzano",
    "country": "IT",
    "lat": 38.03699,
    "lng": 16.08918
  },
  {
    "name": "Feroleto della Chiesa",
    "country": "IT",
    "lat": 38.46609,
    "lng": 16.07012
  },
  {
    "name": "Ferla",
    "country": "IT",
    "lat": 37.11978,
    "lng": 14.93881
  },
  {
    "name": "Felline",
    "country": "IT",
    "lat": 39.93651,
    "lng": 18.11822
  },
  {
    "name": "Ferriere",
    "country": "IT",
    "lat": 44.64385,
    "lng": 9.49657
  },
  {
    "name": "Ferrera Erbognone",
    "country": "IT",
    "lat": 45.11456,
    "lng": 8.86454
  },
  {
    "name": "Ferrazzano",
    "country": "IT",
    "lat": 41.53033,
    "lng": 14.67223
  },
  {
    "name": "Ferrara di Monte Baldo",
    "country": "IT",
    "lat": 45.67408,
    "lng": 10.85911
  },
  {
    "name": "Ferrara",
    "country": "IT",
    "lat": 44.83804,
    "lng": 11.62057
  },
  {
    "name": "Ferrandina",
    "country": "IT",
    "lat": 40.50084,
    "lng": 16.45258
  },
  {
    "name": "Ferrada",
    "country": "IT",
    "lat": 44.42008,
    "lng": 9.21016
  },
  {
    "name": "Ferno",
    "country": "IT",
    "lat": 45.61496,
    "lng": 8.75695
  },
  {
    "name": "Fermo",
    "country": "IT",
    "lat": 43.16296,
    "lng": 13.72274
  },
  {
    "name": "Fermignano",
    "country": "IT",
    "lat": 43.69311,
    "lng": 12.65437
  },
  {
    "name": "Ferentino",
    "country": "IT",
    "lat": 41.69119,
    "lng": 13.2562
  },
  {
    "name": "Ferentillo",
    "country": "IT",
    "lat": 42.62027,
    "lng": 12.78726
  },
  {
    "name": "Fenestrelle",
    "country": "IT",
    "lat": 45.03594,
    "lng": 7.04941
  },
  {
    "name": "Feltre",
    "country": "IT",
    "lat": 46.02085,
    "lng": 11.90031
  },
  {
    "name": "Felizzano",
    "country": "IT",
    "lat": 44.89935,
    "lng": 8.43584
  },
  {
    "name": "Felino",
    "country": "IT",
    "lat": 44.69902,
    "lng": 10.23828
  },
  {
    "name": "Feletto Umberto",
    "country": "IT",
    "lat": 46.10317,
    "lng": 13.22196
  },
  {
    "name": "Feletto",
    "country": "IT",
    "lat": 45.30336,
    "lng": 7.74481
  },
  {
    "name": "Felegara",
    "country": "IT",
    "lat": 44.72187,
    "lng": 10.11273
  },
  {
    "name": "Ferrere",
    "country": "IT",
    "lat": 44.87605,
    "lng": 7.99421
  },
  {
    "name": "Fenegrò",
    "country": "IT",
    "lat": 45.70157,
    "lng": 8.99964
  },
  {
    "name": "Ferrera di Varese",
    "country": "IT",
    "lat": 45.93278,
    "lng": 8.78913
  },
  {
    "name": "Felonica",
    "country": "IT",
    "lat": 44.97898,
    "lng": 11.3537
  },
  {
    "name": "Feroleto Antico",
    "country": "IT",
    "lat": 38.96239,
    "lng": 16.3878
  },
  {
    "name": "Felitto",
    "country": "IT",
    "lat": 40.37351,
    "lng": 15.24306
  },
  {
    "name": "Feisoglio",
    "country": "IT",
    "lat": 44.54374,
    "lng": 8.10494
  },
  {
    "name": "Fenile",
    "country": "IT",
    "lat": 43.84126,
    "lng": 12.96747
  },
  {
    "name": "Ferriera",
    "country": "IT",
    "lat": 45.08382,
    "lng": 7.43017
  },
  {
    "name": "Felina",
    "country": "IT",
    "lat": 44.45478,
    "lng": 10.46067
  },
  {
    "name": "Fellegara",
    "country": "IT",
    "lat": 44.61052,
    "lng": 10.697
  },
  {
    "name": "Feglino",
    "country": "IT",
    "lat": 44.21849,
    "lng": 8.32436
  },
  {
    "name": "Ferriere",
    "country": "IT",
    "lat": 44.44302,
    "lng": 9.13675
  },
  {
    "name": "Fentange",
    "country": "LU",
    "lat": 49.56278,
    "lng": 6.15389
  },
  {
    "name": "Fezna",
    "country": "MA",
    "lat": 31.52921,
    "lng": -4.45562
  },
  {
    "name": "Fes",
    "country": "MA",
    "lat": 34.03313,
    "lng": -5.00028
  },
  {
    "name": "Fenoarivo Be",
    "country": "MG",
    "lat": -18.43333,
    "lng": 46.56667
  },
  {
    "name": "Fenoarivo Atsinanana",
    "country": "MG",
    "lat": -17.38095,
    "lng": 49.40826
  },
  {
    "name": "Felidhoo",
    "country": "MV",
    "lat": 3.47182,
    "lng": 73.54699
  },
  {
    "name": "Felipe Carrillo Puerto",
    "country": "MX",
    "lat": 19.5775,
    "lng": -88.04529
  },
  {
    "name": "Felipe Carrillo Puerto",
    "country": "MX",
    "lat": 19.39922,
    "lng": -97.8552
  },
  {
    "name": "Felipe Carrillo Puerto",
    "country": "MX",
    "lat": 20.13578,
    "lng": -96.95164
  },
  {
    "name": "Felipe Carrillo Puerto",
    "country": "MX",
    "lat": 24.33283,
    "lng": -104.01083
  },
  {
    "name": "Felipe Carrillo Puerto",
    "country": "MX",
    "lat": 21.132,
    "lng": -104.86068
  },
  {
    "name": "Felipe Carrillo Puerto",
    "country": "MX",
    "lat": 19.16325,
    "lng": -102.70834
  },
  {
    "name": "Felipe Ángeles",
    "country": "MX",
    "lat": 25.86805,
    "lng": -109.04064
  },
  {
    "name": "Felipe Carrillo Puerto",
    "country": "MX",
    "lat": 19.89854,
    "lng": -101.03841
  },
  {
    "name": "Fermín Rabadán Cervantes",
    "country": "MX",
    "lat": 18.31528,
    "lng": -99.56722
  },
  {
    "name": "Felipe Neri (Cuatepec)",
    "country": "MX",
    "lat": 19.03944,
    "lng": -98.94361
  },
  {
    "name": "FELDA Bukit Damar",
    "country": "MY",
    "lat": 3.5397,
    "lng": 102.1189
  },
  {
    "name": "FELDA Kemansul",
    "country": "MY",
    "lat": 3.28562,
    "lng": 102.22616
  },
  {
    "name": "Felda Gugusan Adela",
    "country": "MY",
    "lat": 1.47877,
    "lng": 104.17744
  },
  {
    "name": "FELDA Soeharto",
    "country": "MY",
    "lat": 3.67963,
    "lng": 101.39261
  },
  {
    "name": "FELCRA Lubek Sireh",
    "country": "MY",
    "lat": 6.65007,
    "lng": 100.22412
  },
  {
    "name": "FELDA Maokil",
    "country": "MY",
    "lat": 2.29562,
    "lng": 102.96786
  },
  {
    "name": "FELDA Semenchu",
    "country": "MY",
    "lat": 1.56929,
    "lng": 104.09993
  },
  {
    "name": "FELDA Chini",
    "country": "MY",
    "lat": 3.37457,
    "lng": 102.94343
  },
  {
    "name": "FELDA Taib Andak",
    "country": "MY",
    "lat": 1.7336,
    "lng": 103.64521
  },
  {
    "name": "Festac Town",
    "country": "NG",
    "lat": 6.4697,
    "lng": 3.28299
  },
  {
    "name": "Feanwâlden",
    "country": "NL",
    "lat": 53.23558,
    "lng": 5.98832
  },
  {
    "name": "Ferwert",
    "country": "NL",
    "lat": 53.33784,
    "lng": 5.82533
  },
  {
    "name": "Feijenoord",
    "country": "NL",
    "lat": 51.91169,
    "lng": 4.50645
  },
  {
    "name": "Fevik",
    "country": "NO",
    "lat": 58.3782,
    "lng": 8.67601
  },
  {
    "name": "Fetsund",
    "country": "NO",
    "lat": 59.92463,
    "lng": 11.15711
  },
  {
    "name": "Fedje",
    "country": "NO",
    "lat": 60.7789,
    "lng": 4.71485
  },
  {
    "name": "Fendalton",
    "country": "NZ",
    "lat": -43.51667,
    "lng": 172.6
  },
  {
    "name": "Featherston",
    "country": "NZ",
    "lat": -41.10827,
    "lng": 175.3202
  },
  {
    "name": "Ferreñafe",
    "country": "PE",
    "lat": -6.63889,
    "lng": -79.78889
  },
  {
    "name": "Ferrol",
    "country": "PH",
    "lat": 12.33833,
    "lng": 121.94139
  },
  {
    "name": "Feliciano",
    "country": "PH",
    "lat": 11.5787,
    "lng": 122.3583
  },
  {
    "name": "Ferrel",
    "country": "PT",
    "lat": 39.36398,
    "lng": -9.31541
  },
  {
    "name": "Ferreiras",
    "country": "PT",
    "lat": 37.12926,
    "lng": -8.23759
  },
  {
    "name": "Ferreira do Zêzere",
    "country": "PT",
    "lat": 39.69406,
    "lng": -8.29213
  },
  {
    "name": "Ferreira do Alentejo",
    "country": "PT",
    "lat": 38.05972,
    "lng": -8.11408
  },
  {
    "name": "Ferragudo",
    "country": "PT",
    "lat": 37.12474,
    "lng": -8.51915
  },
  {
    "name": "Ferreiros",
    "country": "PT",
    "lat": 41.631,
    "lng": -8.36363
  },
  {
    "name": "Ferreiros",
    "country": "PT",
    "lat": 41.35,
    "lng": -8.55
  },
  {
    "name": "Ferreira",
    "country": "PT",
    "lat": 41.26718,
    "lng": -8.34434
  },
  {
    "name": "Felgueiras",
    "country": "PT",
    "lat": 41.36806,
    "lng": -8.19396
  },
  {
    "name": "Feira",
    "country": "PT",
    "lat": 40.92535,
    "lng": -8.54277
  },
  {
    "name": "Feteira",
    "country": "PT",
    "lat": 38.65429,
    "lng": -27.14995
  },
  {
    "name": "Fenais da Luz",
    "country": "PT",
    "lat": 37.8249,
    "lng": -25.64229
  },
  {
    "name": "Fenais da Ajuda",
    "country": "PT",
    "lat": 37.85128,
    "lng": -25.32406
  },
  {
    "name": "Fernando de la Mora",
    "country": "PY",
    "lat": -25.3386,
    "lng": -57.52167
  },
  {
    "name": "Fetești-Gară",
    "country": "RO",
    "lat": 44.4196,
    "lng": 27.82536
  },
  {
    "name": "Fetești",
    "country": "RO",
    "lat": 47.40932,
    "lng": 26.90885
  },
  {
    "name": "Feteşti",
    "country": "RO",
    "lat": 44.38333,
    "lng": 27.83333
  },
  {
    "name": "Ferești",
    "country": "RO",
    "lat": 46.78179,
    "lng": 27.70093
  },
  {
    "name": "Ferestrău-Oituz",
    "country": "RO",
    "lat": 46.20249,
    "lng": 26.57629
  },
  {
    "name": "Feneș",
    "country": "RO",
    "lat": 46.10431,
    "lng": 23.29511
  },
  {
    "name": "Felnac",
    "country": "RO",
    "lat": 46.11667,
    "lng": 21.15
  },
  {
    "name": "Feliceni",
    "country": "RO",
    "lat": 46.26667,
    "lng": 25.26667
  },
  {
    "name": "Feleacu",
    "country": "RO",
    "lat": 46.71667,
    "lng": 23.61667
  },
  {
    "name": "Feldru",
    "country": "RO",
    "lat": 47.28333,
    "lng": 24.6
  },
  {
    "name": "Feldioara",
    "country": "RO",
    "lat": 45.81667,
    "lng": 25.6
  },
  {
    "name": "Feisa",
    "country": "RO",
    "lat": 46.22608,
    "lng": 24.14492
  },
  {
    "name": "Feketić",
    "country": "RS",
    "lat": 45.66431,
    "lng": 19.69974
  },
  {
    "name": "Ferzikovo",
    "country": "RU",
    "lat": 54.51913,
    "lng": 36.75671
  },
  {
    "name": "Fershampenuaz",
    "country": "RU",
    "lat": 53.52356,
    "lng": 59.81844
  },
  {
    "name": "Ferapontovo",
    "country": "RU",
    "lat": 59.95425,
    "lng": 38.56745
  },
  {
    "name": "Fedurnovo",
    "country": "RU",
    "lat": 55.75488,
    "lng": 38.04696
  },
  {
    "name": "Ferma",
    "country": "RU",
    "lat": 57.9016,
    "lng": 56.3064
  },
  {
    "name": "Fedorovskiy",
    "country": "RU",
    "lat": 61.6063,
    "lng": 73.71415
  },
  {
    "name": "Fellingsbro",
    "country": "SE",
    "lat": 59.43333,
    "lng": 15.58333
  },
  {
    "name": "Feriana",
    "country": "TN",
    "lat": 34.94529,
    "lng": 8.56789
  },
  {
    "name": "Fernana",
    "country": "TN",
    "lat": 36.65547,
    "lng": 8.69602
  },
  {
    "name": "Fevzipaşa",
    "country": "TR",
    "lat": 37.09418,
    "lng": 36.63719
  },
  {
    "name": "Fethiye",
    "country": "TR",
    "lat": 36.64038,
    "lng": 29.12758
  },
  {
    "name": "Felahiye",
    "country": "TR",
    "lat": 39.09056,
    "lng": 35.56722
  },
  {
    "name": "Feke",
    "country": "TR",
    "lat": 37.81446,
    "lng": 35.91233
  },
  {
    "name": "Ferizli",
    "country": "TR",
    "lat": 40.94082,
    "lng": 30.48583
  },
  {
    "name": "Ferhatlı",
    "country": "TR",
    "lat": 37.49761,
    "lng": 35.87968
  },
  {
    "name": "Fettahlı",
    "country": "TR",
    "lat": 36.98669,
    "lng": 30.80941
  },
  {
    "name": "Fengyuan",
    "country": "TW",
    "lat": 24.25,
    "lng": 120.71694
  },
  {
    "name": "Fengshan",
    "country": "TW",
    "lat": 22.62659,
    "lng": 120.36126
  },
  {
    "name": "Feodosiya",
    "country": "UA",
    "lat": 45.03199,
    "lng": 35.38153
  },
  {
    "name": "Fedorivka",
    "country": "UA",
    "lat": 49.38806,
    "lng": 35.12127
  },
  {
    "name": "Felton",
    "country": "US",
    "lat": 39.00845,
    "lng": -75.57798
  },
  {
    "name": "Feather Sound",
    "country": "US",
    "lat": 27.90079,
    "lng": -82.67349
  },
  {
    "name": "Fellsmere",
    "country": "US",
    "lat": 27.76781,
    "lng": -80.60144
  },
  {
    "name": "Fern Park",
    "country": "US",
    "lat": 28.64916,
    "lng": -81.35118
  },
  {
    "name": "Fernandina Beach",
    "country": "US",
    "lat": 30.66968,
    "lng": -81.46259
  },
  {
    "name": "Ferry Pass",
    "country": "US",
    "lat": 30.5102,
    "lng": -87.21247
  },
  {
    "name": "Ferdinand",
    "country": "US",
    "lat": 38.22394,
    "lng": -86.86222
  },
  {
    "name": "Fern Creek",
    "country": "US",
    "lat": 38.15979,
    "lng": -85.58774
  },
  {
    "name": "Ferriday",
    "country": "US",
    "lat": 31.63017,
    "lng": -91.55456
  },
  {
    "name": "Federalsburg",
    "country": "US",
    "lat": 38.69428,
    "lng": -75.77216
  },
  {
    "name": "Fells Point",
    "country": "US",
    "lat": 39.28261,
    "lng": -76.5933
  },
  {
    "name": "Ferndale",
    "country": "US",
    "lat": 39.18316,
    "lng": -76.64024
  },
  {
    "name": "Fenton",
    "country": "US",
    "lat": 38.51311,
    "lng": -90.43595
  },
  {
    "name": "Ferguson",
    "country": "US",
    "lat": 38.74422,
    "lng": -90.30539
  },
  {
    "name": "Festus",
    "country": "US",
    "lat": 38.22061,
    "lng": -90.39595
  },
  {
    "name": "Fearrington Village",
    "country": "US",
    "lat": 35.80376,
    "lng": -79.09029
  },
  {
    "name": "Ferris",
    "country": "US",
    "lat": 32.53403,
    "lng": -96.66555
  },
  {
    "name": "Ferrum",
    "country": "US",
    "lat": 36.92292,
    "lng": -80.01337
  },
  {
    "name": "Fennville",
    "country": "US",
    "lat": 42.59392,
    "lng": -86.1017
  },
  {
    "name": "Fenton",
    "country": "US",
    "lat": 42.79781,
    "lng": -83.70495
  },
  {
    "name": "Ferndale",
    "country": "US",
    "lat": 42.46059,
    "lng": -83.13465
  },
  {
    "name": "Ferrysburg",
    "country": "US",
    "lat": 43.08446,
    "lng": -86.22033
  },
  {
    "name": "Fergus Falls",
    "country": "US",
    "lat": 46.28302,
    "lng": -96.07756
  },
  {
    "name": "Fessenden",
    "country": "US",
    "lat": 47.64917,
    "lng": -99.62929
  },
  {
    "name": "Feasterville",
    "country": "US",
    "lat": 40.15,
    "lng": -74.997
  },
  {
    "name": "Fellsburg",
    "country": "US",
    "lat": 40.18313,
    "lng": -79.82421
  },
  {
    "name": "Ferndale",
    "country": "US",
    "lat": 40.28896,
    "lng": -78.91475
  },
  {
    "name": "Fernway",
    "country": "US",
    "lat": 40.69479,
    "lng": -80.13089
  },
  {
    "name": "Ferrisburgh",
    "country": "US",
    "lat": 44.20561,
    "lng": -73.24623
  },
  {
    "name": "Fennimore",
    "country": "US",
    "lat": 42.9836,
    "lng": -90.6554
  },
  {
    "name": "Felton",
    "country": "US",
    "lat": 37.05134,
    "lng": -122.0733
  },
  {
    "name": "Federal Heights",
    "country": "US",
    "lat": 39.85137,
    "lng": -104.99859
  },
  {
    "name": "Fernley",
    "country": "US",
    "lat": 39.60797,
    "lng": -119.25183
  },
  {
    "name": "Ferron",
    "country": "US",
    "lat": 39.09358,
    "lng": -111.13322
  },
  {
    "name": "Ferndale",
    "country": "US",
    "lat": 40.57624,
    "lng": -124.26394
  },
  {
    "name": "Felida",
    "country": "US",
    "lat": 45.70956,
    "lng": -122.70732
  },
  {
    "name": "Federal Way",
    "country": "US",
    "lat": 47.32232,
    "lng": -122.31262
  },
  {
    "name": "Fern Prairie",
    "country": "US",
    "lat": 45.63651,
    "lng": -122.3987
  },
  {
    "name": "Ferndale",
    "country": "US",
    "lat": 48.8465,
    "lng": -122.59101
  },
  {
    "name": "Fern Acres",
    "country": "US",
    "lat": 19.51222,
    "lng": -155.08028
  },
  {
    "name": "Fern Forest",
    "country": "US",
    "lat": 19.46556,
    "lng": -155.13556
  },
  {
    "name": "Fetters Hot Springs-Agua Caliente",
    "country": "US",
    "lat": 38.3214,
    "lng": -122.48682
  },
  {
    "name": "Fenway/Kenmore",
    "country": "US",
    "lat": 42.34491,
    "lng": -71.10017
  },
  {
    "name": "Federal Hill",
    "country": "US",
    "lat": 39.27827,
    "lng": -76.61161
  },
  {
    "name": "Fergana",
    "country": "UZ",
    "lat": 40.38421,
    "lng": 71.78432
  },
  {
    "name": "Ferizaj",
    "country": "XK",
    "lat": 42.37056,
    "lng": 21.15528
  },
  {
    "name": "Felixton",
    "country": "ZA",
    "lat": -28.82957,
    "lng": 31.89125
  },
  {
    "name": "Fernie",
    "country": "ZA",
    "lat": -26.39015,
    "lng": 30.78742
  }
]