[
  {
    "name": "Ituzaingó",
    "country": "AR",
    "lat": -34.66041,
    "lng": -58.66624
  },
  {
    "name": "Ituzaingó",
    "country": "AR",
    "lat": -27.58504,
    "lng": -56.68707
  },
  {
    "name": "Itatí",
    "country": "AR",
    "lat": -27.26915,
    "lng": -58.24249
  },
  {
    "name": "Itá Ibaté",
    "country": "AR",
    "lat": -27.42589,
    "lng": -57.33826
  },
  {
    "name": "Italó",
    "country": "AR",
    "lat": -34.79204,
    "lng": -63.78134
  },
  {
    "name": "Itter",
    "country": "AT",
    "lat": 47.47009,
    "lng": 12.14391
  },
  {
    "name": "Ittre",
    "country": "BE",
    "lat": 50.64396,
    "lng": 4.26476
  },
  {
    "name": "Itterbeek",
    "country": "BE",
    "lat": 50.83803,
    "lng": 4.24948
  },
  {
    "name": "Itegem",
    "country": "BE",
    "lat": 51.10328,
    "lng": 4.72855
  },
  {
    "name": "Itambé",
    "country": "BR",
    "lat": -7.41028,
    "lng": -35.11278
  },
  {
    "name": "Itupiranga",
    "country": "BR",
    "lat": -5.13472,
    "lng": -49.32667
  },
  {
    "name": "Itaueira",
    "country": "BR",
    "lat": -7.60333,
    "lng": -43.02556
  },
  {
    "name": "Itaubal",
    "country": "BR",
    "lat": 0.71167,
    "lng": -50.8
  },
  {
    "name": "Itaú",
    "country": "BR",
    "lat": -5.83972,
    "lng": -37.99278
  },
  {
    "name": "Itatuba",
    "country": "BR",
    "lat": -7.375,
    "lng": -35.62833
  },
  {
    "name": "Itatira",
    "country": "BR",
    "lat": -4.52889,
    "lng": -39.62222
  },
  {
    "name": "Itarema",
    "country": "BR",
    "lat": -2.92028,
    "lng": -39.915
  },
  {
    "name": "Itaquitinga",
    "country": "BR",
    "lat": -7.66778,
    "lng": -35.10167
  },
  {
    "name": "Itacoatiara",
    "country": "BR",
    "lat": -3.14306,
    "lng": -58.44417
  },
  {
    "name": "Itapororoca",
    "country": "BR",
    "lat": -6.82972,
    "lng": -35.24722
  },
  {
    "name": "Itaporanga",
    "country": "BR",
    "lat": -7.30444,
    "lng": -38.15028
  },
  {
    "name": "Itaporã do Tocantins",
    "country": "BR",
    "lat": -8.57139,
    "lng": -48.68917
  },
  {
    "name": "Itapiúna",
    "country": "BR",
    "lat": -4.56444,
    "lng": -38.92222
  },
  {
    "name": "Itapissuma",
    "country": "BR",
    "lat": -7.77639,
    "lng": -34.89222
  },
  {
    "name": "Itapiranga",
    "country": "BR",
    "lat": -2.74889,
    "lng": -58.02194
  },
  {
    "name": "Itapipoca",
    "country": "BR",
    "lat": -3.49444,
    "lng": -39.57861
  },
  {
    "name": "Itapetim",
    "country": "BR",
    "lat": -7.37833,
    "lng": -37.19028
  },
  {
    "name": "Itapecuru Mirim",
    "country": "BR",
    "lat": -3.3925,
    "lng": -44.35861
  },
  {
    "name": "Itapagé",
    "country": "BR",
    "lat": -3.68667,
    "lng": -39.58611
  },
  {
    "name": "Itaituba",
    "country": "BR",
    "lat": -4.27611,
    "lng": -55.98361
  },
  {
    "name": "Itaitinga",
    "country": "BR",
    "lat": -3.96944,
    "lng": -38.52806
  },
  {
    "name": "Itaipava do Grajaú",
    "country": "BR",
    "lat": -5.14325,
    "lng": -45.78914
  },
  {
    "name": "Itainópolis",
    "country": "BR",
    "lat": -7.44694,
    "lng": -41.47833
  },
  {
    "name": "Itaiçaba",
    "country": "BR",
    "lat": -4.67444,
    "lng": -37.8225
  },
  {
    "name": "Itaíba",
    "country": "BR",
    "lat": -8.9475,
    "lng": -37.42278
  },
  {
    "name": "Itaguatins",
    "country": "BR",
    "lat": -5.76889,
    "lng": -47.48333
  },
  {
    "name": "Itacuruba",
    "country": "BR",
    "lat": -8.72722,
    "lng": -38.68333
  },
  {
    "name": "Itacajá",
    "country": "BR",
    "lat": -8.39167,
    "lng": -47.76778
  },
  {
    "name": "Itabaiana",
    "country": "BR",
    "lat": -7.32861,
    "lng": -35.3325
  },
  {
    "name": "Itapiratins",
    "country": "BR",
    "lat": -8.38389,
    "lng": -48.11139
  },
  {
    "name": "Itaguaçu da Bahia",
    "country": "BR",
    "lat": -11.01299,
    "lng": -42.39859
  },
  {
    "name": "Itapuca",
    "country": "BR",
    "lat": -28.78015,
    "lng": -52.1723
  },
  {
    "name": "Ituverava",
    "country": "BR",
    "lat": -20.33944,
    "lng": -47.78056
  },
  {
    "name": "Itutinga",
    "country": "BR",
    "lat": -21.29806,
    "lng": -44.65778
  },
  {
    "name": "Iturama",
    "country": "BR",
    "lat": -19.72806,
    "lng": -50.19556
  },
  {
    "name": "Ituporanga",
    "country": "BR",
    "lat": -27.41444,
    "lng": -49.6025
  },
  {
    "name": "Itupeva",
    "country": "BR",
    "lat": -23.15306,
    "lng": -47.05778
  },
  {
    "name": "Itumirim",
    "country": "BR",
    "lat": -21.31694,
    "lng": -44.87111
  },
  {
    "name": "Itumbiara",
    "country": "BR",
    "lat": -18.41917,
    "lng": -49.21528
  },
  {
    "name": "Ituiutaba",
    "country": "BR",
    "lat": -18.97428,
    "lng": -49.46212
  },
  {
    "name": "Itueta",
    "country": "BR",
    "lat": -19.39622,
    "lng": -41.2261
  },
  {
    "name": "Ituberá",
    "country": "BR",
    "lat": -13.73538,
    "lng": -39.14785
  },
  {
    "name": "Ituaçu",
    "country": "BR",
    "lat": -13.81333,
    "lng": -41.29667
  },
  {
    "name": "Itu",
    "country": "BR",
    "lat": -23.26417,
    "lng": -47.29917
  },
  {
    "name": "Itororó",
    "country": "BR",
    "lat": -15.11694,
    "lng": -40.07028
  },
  {
    "name": "Itobi",
    "country": "BR",
    "lat": -21.73694,
    "lng": -46.975
  },
  {
    "name": "Itiúba",
    "country": "BR",
    "lat": -10.69167,
    "lng": -39.85361
  },
  {
    "name": "Itiruçu",
    "country": "BR",
    "lat": -13.53167,
    "lng": -40.15028
  },
  {
    "name": "Itirapuã",
    "country": "BR",
    "lat": -20.64083,
    "lng": -47.21917
  },
  {
    "name": "Itirapina",
    "country": "BR",
    "lat": -22.25278,
    "lng": -47.82278
  },
  {
    "name": "Itiquira",
    "country": "BR",
    "lat": -17.20889,
    "lng": -54.15028
  },
  {
    "name": "Itinga",
    "country": "BR",
    "lat": -16.61306,
    "lng": -41.76528
  },
  {
    "name": "Itaverava",
    "country": "BR",
    "lat": -20.67806,
    "lng": -43.61
  },
  {
    "name": "Itaúna do Sul",
    "country": "BR",
    "lat": -22.73056,
    "lng": -52.88722
  },
  {
    "name": "Itaúna",
    "country": "BR",
    "lat": -20.07528,
    "lng": -44.57639
  },
  {
    "name": "Itaú de Minas",
    "country": "BR",
    "lat": -20.73944,
    "lng": -46.75222
  },
  {
    "name": "Itauçu",
    "country": "BR",
    "lat": -16.20056,
    "lng": -49.60806
  },
  {
    "name": "Itatinga",
    "country": "BR",
    "lat": -23.10167,
    "lng": -48.61583
  },
  {
    "name": "Itatiba do Sul",
    "country": "BR",
    "lat": -27.38504,
    "lng": -52.45556
  },
  {
    "name": "Itatiba",
    "country": "BR",
    "lat": -23.00583,
    "lng": -46.83889
  },
  {
    "name": "Itatiaiuçu",
    "country": "BR",
    "lat": -20.19667,
    "lng": -44.42111
  },
  {
    "name": "Itatiaia",
    "country": "BR",
    "lat": -22.49611,
    "lng": -44.56333
  },
  {
    "name": "Itati",
    "country": "BR",
    "lat": -29.48972,
    "lng": -50.10056
  },
  {
    "name": "Itarumã",
    "country": "BR",
    "lat": -18.76917,
    "lng": -51.34806
  },
  {
    "name": "Itariri",
    "country": "BR",
    "lat": -24.28917,
    "lng": -47.17444
  },
  {
    "name": "Itararé",
    "country": "BR",
    "lat": -24.1125,
    "lng": -49.33167
  },
  {
    "name": "Itarantim",
    "country": "BR",
    "lat": -15.65972,
    "lng": -40.06556
  },
  {
    "name": "Itarana",
    "country": "BR",
    "lat": -19.87389,
    "lng": -40.87528
  },
  {
    "name": "Itaqui",
    "country": "BR",
    "lat": -29.12528,
    "lng": -56.55306
  },
  {
    "name": "Itaquera",
    "country": "BR",
    "lat": -23.53194,
    "lng": -46.44417
  },
  {
    "name": "Itaquara",
    "country": "BR",
    "lat": -13.45083,
    "lng": -39.94111
  },
  {
    "name": "Itaquaquecetuba",
    "country": "BR",
    "lat": -23.48611,
    "lng": -46.34833
  },
  {
    "name": "Itapuranga",
    "country": "BR",
    "lat": -15.56222,
    "lng": -49.94861
  },
  {
    "name": "Itapura",
    "country": "BR",
    "lat": -20.64611,
    "lng": -51.50889
  },
  {
    "name": "Itapuí",
    "country": "BR",
    "lat": -22.23333,
    "lng": -48.71917
  },
  {
    "name": "Itaporanga d'Ajuda",
    "country": "BR",
    "lat": -10.99806,
    "lng": -37.31056
  },
  {
    "name": "Itaporanga",
    "country": "BR",
    "lat": -23.70778,
    "lng": -49.48972
  },
  {
    "name": "Itaporã",
    "country": "BR",
    "lat": -22.07889,
    "lng": -54.78944
  },
  {
    "name": "Itápolis",
    "country": "BR",
    "lat": -21.59556,
    "lng": -48.81278
  },
  {
    "name": "Itapitanga",
    "country": "BR",
    "lat": -14.42278,
    "lng": -39.565
  },
  {
    "name": "Itapirapuã Paulista",
    "country": "BR",
    "lat": -24.57397,
    "lng": -49.17076
  },
  {
    "name": "Itapirapuã",
    "country": "BR",
    "lat": -15.82333,
    "lng": -50.61333
  },
  {
    "name": "Itapiranga",
    "country": "BR",
    "lat": -27.16944,
    "lng": -53.71222
  },
  {
    "name": "Itapira",
    "country": "BR",
    "lat": -22.43611,
    "lng": -46.82167
  },
  {
    "name": "Itapicuru",
    "country": "BR",
    "lat": -11.31667,
    "lng": -38.23333
  },
  {
    "name": "Itapevi",
    "country": "BR",
    "lat": -23.54889,
    "lng": -46.93417
  },
  {
    "name": "Itapeva",
    "country": "BR",
    "lat": -23.98222,
    "lng": -48.87556
  },
  {
    "name": "Itapeva",
    "country": "BR",
    "lat": -22.76806,
    "lng": -46.22083
  },
  {
    "name": "Itapetininga",
    "country": "BR",
    "lat": -23.59167,
    "lng": -48.05306
  },
  {
    "name": "Itapetinga",
    "country": "BR",
    "lat": -15.24889,
    "lng": -40.24778
  },
  {
    "name": "Itaperuna",
    "country": "BR",
    "lat": -21.205,
    "lng": -41.88778
  },
  {
    "name": "Itaperuçu",
    "country": "BR",
    "lat": -25.22,
    "lng": -49.34778
  },
  {
    "name": "Itapemirim",
    "country": "BR",
    "lat": -21.01111,
    "lng": -40.83389
  },
  {
    "name": "Itapema",
    "country": "BR",
    "lat": -27.09028,
    "lng": -48.61139
  },
  {
    "name": "Itapoá",
    "country": "BR",
    "lat": -26.11694,
    "lng": -48.61611
  },
  {
    "name": "Itapejara d'Oeste",
    "country": "BR",
    "lat": -25.96616,
    "lng": -52.81601
  },
  {
    "name": "Itapecerica da Serra",
    "country": "BR",
    "lat": -23.71694,
    "lng": -46.84917
  },
  {
    "name": "Itapecerica",
    "country": "BR",
    "lat": -20.4725,
    "lng": -45.12556
  },
  {
    "name": "Itapebi",
    "country": "BR",
    "lat": -15.96909,
    "lng": -39.5334
  },
  {
    "name": "Itapé",
    "country": "BR",
    "lat": -14.89833,
    "lng": -39.42111
  },
  {
    "name": "Itaparica",
    "country": "BR",
    "lat": -12.88833,
    "lng": -38.67861
  },
  {
    "name": "Itapagipe",
    "country": "BR",
    "lat": -19.90861,
    "lng": -49.38139
  },
  {
    "name": "Itapaci",
    "country": "BR",
    "lat": -14.95083,
    "lng": -49.54944
  },
  {
    "name": "Itaocara",
    "country": "BR",
    "lat": -21.66917,
    "lng": -42.07611
  },
  {
    "name": "Itaoca",
    "country": "BR",
    "lat": -24.64,
    "lng": -48.84278
  },
  {
    "name": "Itanhomi",
    "country": "BR",
    "lat": -19.17194,
    "lng": -41.86528
  },
  {
    "name": "Itanhém",
    "country": "BR",
    "lat": -17.16639,
    "lng": -40.33
  },
  {
    "name": "Itanhandu",
    "country": "BR",
    "lat": -22.29583,
    "lng": -44.93472
  },
  {
    "name": "Itanhaém",
    "country": "BR",
    "lat": -24.18306,
    "lng": -46.78889
  },
  {
    "name": "Itanagra",
    "country": "BR",
    "lat": -12.26306,
    "lng": -38.04167
  },
  {
    "name": "Itamonte",
    "country": "BR",
    "lat": -22.28389,
    "lng": -44.87
  },
  {
    "name": "Itamogi",
    "country": "BR",
    "lat": -21.07806,
    "lng": -47.04833
  },
  {
    "name": "Itambé do Mato Dentro",
    "country": "BR",
    "lat": -19.41444,
    "lng": -43.32111
  },
  {
    "name": "Itambé",
    "country": "BR",
    "lat": -23.66111,
    "lng": -51.99028
  },
  {
    "name": "Itambé",
    "country": "BR",
    "lat": -15.245,
    "lng": -40.62444
  },
  {
    "name": "Itambaracá",
    "country": "BR",
    "lat": -23.01778,
    "lng": -50.40639
  },
  {
    "name": "Itambacuri",
    "country": "BR",
    "lat": -18.03111,
    "lng": -41.685
  },
  {
    "name": "Itamari",
    "country": "BR",
    "lat": -13.77806,
    "lng": -39.68361
  },
  {
    "name": "Itamarati de Minas",
    "country": "BR",
    "lat": -21.41659,
    "lng": -42.81649
  },
  {
    "name": "Itamarandiba",
    "country": "BR",
    "lat": -17.85722,
    "lng": -42.85889
  },
  {
    "name": "Itamaraju",
    "country": "BR",
    "lat": -17.03917,
    "lng": -39.53111
  },
  {
    "name": "Italva",
    "country": "BR",
    "lat": -21.42083,
    "lng": -41.69083
  },
  {
    "name": "Itajuípe",
    "country": "BR",
    "lat": -14.67806,
    "lng": -39.375
  },
  {
    "name": "Itajubá",
    "country": "BR",
    "lat": -22.42556,
    "lng": -45.45278
  },
  {
    "name": "Itaju",
    "country": "BR",
    "lat": -21.98111,
    "lng": -48.80472
  },
  {
    "name": "Itajobi",
    "country": "BR",
    "lat": -21.31806,
    "lng": -49.05444
  },
  {
    "name": "Itagibá",
    "country": "BR",
    "lat": -14.28361,
    "lng": -39.84278
  },
  {
    "name": "Itajaí",
    "country": "BR",
    "lat": -26.90778,
    "lng": -48.66194
  },
  {
    "name": "Itajá",
    "country": "BR",
    "lat": -19.0675,
    "lng": -51.54444
  },
  {
    "name": "Itaipé",
    "country": "BR",
    "lat": -17.40194,
    "lng": -41.66861
  },
  {
    "name": "Itaiópolis",
    "country": "BR",
    "lat": -26.33639,
    "lng": -49.90639
  },
  {
    "name": "Itaí",
    "country": "BR",
    "lat": -23.41778,
    "lng": -49.09056
  },
  {
    "name": "Itaguaru",
    "country": "BR",
    "lat": -15.75833,
    "lng": -49.63417
  },
  {
    "name": "Itaguara",
    "country": "BR",
    "lat": -20.39222,
    "lng": -44.4875
  },
  {
    "name": "Itaguajé",
    "country": "BR",
    "lat": -22.61806,
    "lng": -51.96611
  },
  {
    "name": "Itaguaí",
    "country": "BR",
    "lat": -22.85222,
    "lng": -43.77528
  },
  {
    "name": "Itaguaçu",
    "country": "BR",
    "lat": -19.80194,
    "lng": -40.85556
  },
  {
    "name": "Itagimirim",
    "country": "BR",
    "lat": -16.08756,
    "lng": -39.61629
  },
  {
    "name": "Itagi",
    "country": "BR",
    "lat": -14.16278,
    "lng": -40.00611
  },
  {
    "name": "Itaeté",
    "country": "BR",
    "lat": -12.98639,
    "lng": -40.9725
  },
  {
    "name": "Itacaré",
    "country": "BR",
    "lat": -14.2789,
    "lng": -38.99584
  },
  {
    "name": "Itacarambi",
    "country": "BR",
    "lat": -15.10222,
    "lng": -44.09194
  },
  {
    "name": "Itacambira",
    "country": "BR",
    "lat": -17.06472,
    "lng": -43.30889
  },
  {
    "name": "Itabuna",
    "country": "BR",
    "lat": -14.78556,
    "lng": -39.28028
  },
  {
    "name": "Itaboraí",
    "country": "BR",
    "lat": -22.74444,
    "lng": -42.85944
  },
  {
    "name": "Itabirito",
    "country": "BR",
    "lat": -20.25333,
    "lng": -43.80139
  },
  {
    "name": "Itabirinha",
    "country": "BR",
    "lat": -18.56639,
    "lng": -41.23306
  },
  {
    "name": "Itabira",
    "country": "BR",
    "lat": -19.61917,
    "lng": -43.22694
  },
  {
    "name": "Itabi",
    "country": "BR",
    "lat": -10.12639,
    "lng": -37.10306
  },
  {
    "name": "Itaberaí",
    "country": "BR",
    "lat": -16.02028,
    "lng": -49.81028
  },
  {
    "name": "Itaberaba",
    "country": "BR",
    "lat": -12.5275,
    "lng": -40.30694
  },
  {
    "name": "Itaberá",
    "country": "BR",
    "lat": -23.86194,
    "lng": -49.13722
  },
  {
    "name": "Itabaianinha",
    "country": "BR",
    "lat": -11.27389,
    "lng": -37.79
  },
  {
    "name": "Itabaiana",
    "country": "BR",
    "lat": -10.685,
    "lng": -37.42528
  },
  {
    "name": "Itaara",
    "country": "BR",
    "lat": -29.60972,
    "lng": -53.76472
  },
  {
    "name": "Itá",
    "country": "BR",
    "lat": -27.27782,
    "lng": -52.32737
  },
  {
    "name": "Itamarati",
    "country": "BR",
    "lat": -6.425,
    "lng": -68.25333
  },
  {
    "name": "Itabela",
    "country": "BR",
    "lat": -16.575,
    "lng": -39.55333
  },
  {
    "name": "Itacurubi",
    "country": "BR",
    "lat": -28.79528,
    "lng": -55.23528
  },
  {
    "name": "Itaguari",
    "country": "BR",
    "lat": -15.91861,
    "lng": -49.60444
  },
  {
    "name": "Itaim Paulista",
    "country": "BR",
    "lat": -23.50308,
    "lng": -46.38566
  },
  {
    "name": "Itaipulândia",
    "country": "BR",
    "lat": -25.13722,
    "lng": -54.30222
  },
  {
    "name": "Itajá",
    "country": "BR",
    "lat": -5.64417,
    "lng": -36.87139
  },
  {
    "name": "Itaju do Colônia",
    "country": "BR",
    "lat": -15.1425,
    "lng": -39.72444
  },
  {
    "name": "Itaobim",
    "country": "BR",
    "lat": -16.56167,
    "lng": -41.50333
  },
  {
    "name": "Itaquiraí",
    "country": "BR",
    "lat": -23.47444,
    "lng": -54.185
  },
  {
    "name": "Itatim",
    "country": "BR",
    "lat": -12.71194,
    "lng": -39.69806
  },
  {
    "name": "Itinga do Maranhão",
    "country": "BR",
    "lat": -4.44972,
    "lng": -47.52556
  },
  {
    "name": "Itacorubi",
    "country": "BR",
    "lat": -27.58315,
    "lng": -48.49503
  },
  {
    "name": "Itaim Bibi",
    "country": "BR",
    "lat": -23.58581,
    "lng": -46.68241
  },
  {
    "name": "Itapoã",
    "country": "BR",
    "lat": -15.74937,
    "lng": -47.7686
  },
  {
    "name": "Itingá do Pará",
    "country": "BR",
    "lat": -4.43697,
    "lng": -47.53929
  },
  {
    "name": "Itapuã do Oeste",
    "country": "BR",
    "lat": -9.18616,
    "lng": -63.18514
  },
  {
    "name": "Itaúba",
    "country": "BR",
    "lat": -11.00781,
    "lng": -55.24224
  },
  {
    "name": "Itanhangá",
    "country": "BR",
    "lat": -12.23548,
    "lng": -56.64566
  },
  {
    "name": "Itapoá",
    "country": "BR",
    "lat": -26.06955,
    "lng": -48.61737
  },
  {
    "name": "Itingen",
    "country": "CH",
    "lat": 47.46651,
    "lng": 7.78502
  },
  {
    "name": "Ity",
    "country": "CI",
    "lat": 6.88388,
    "lng": -8.1191
  },
  {
    "name": "Ittipaq",
    "country": "CN",
    "lat": 44.42356,
    "lng": 84.90069
  },
  {
    "name": "Ituango",
    "country": "CO",
    "lat": 7.17117,
    "lng": -75.76404
  },
  {
    "name": "Itagüí",
    "country": "CO",
    "lat": 6.18461,
    "lng": -75.59913
  },
  {
    "name": "Itzstedt",
    "country": "DE",
    "lat": 53.808,
    "lng": 10.15797
  },
  {
    "name": "Itzehoe",
    "country": "DE",
    "lat": 53.92099,
    "lng": 9.51529
  },
  {
    "name": "Ittlingen",
    "country": "DE",
    "lat": 49.19083,
    "lng": 8.93083
  },
  {
    "name": "Itterbeck",
    "country": "DE",
    "lat": 52.50618,
    "lng": 6.80354
  },
  {
    "name": "Iturmendi",
    "country": "ES",
    "lat": 42.88993,
    "lng": -2.11916
  },
  {
    "name": "Ituren",
    "country": "ES",
    "lat": 43.12897,
    "lng": -1.70714
  },
  {
    "name": "Ituero y Lama",
    "country": "ES",
    "lat": 40.80066,
    "lng": -4.37917
  },
  {
    "name": "Ituero de Azaba",
    "country": "ES",
    "lat": 40.48487,
    "lng": -6.69272
  },
  {
    "name": "Itero del Castillo",
    "country": "ES",
    "lat": 42.28988,
    "lng": -4.24441
  },
  {
    "name": "Itero de la Vega",
    "country": "ES",
    "lat": 42.28804,
    "lng": -4.25677
  },
  {
    "name": "Itsasondo",
    "country": "ES",
    "lat": 43.06909,
    "lng": -2.16464
  },
  {
    "name": "Iturrama",
    "country": "ES",
    "lat": 42.80847,
    "lng": -1.65825
  },
  {
    "name": "Itäkeskus",
    "country": "FI",
    "lat": 60.21015,
    "lng": 25.08144
  },
  {
    "name": "Itä-Hakkila",
    "country": "FI",
    "lat": 60.29243,
    "lng": 25.11397
  },
  {
    "name": "Itä-Pakila",
    "country": "FI",
    "lat": 60.24825,
    "lng": 24.95811
  },
  {
    "name": "Itä-Pasila",
    "country": "FI",
    "lat": 60.19884,
    "lng": 24.94008
  },
  {
    "name": "Itxassou",
    "country": "FR",
    "lat": 43.32959,
    "lng": -1.4055
  },
  {
    "name": "Itteville",
    "country": "FR",
    "lat": 48.51536,
    "lng": 2.34377
  },
  {
    "name": "Ittenheim",
    "country": "FR",
    "lat": 48.60508,
    "lng": 7.59372
  },
  {
    "name": "Iteuil",
    "country": "FR",
    "lat": 46.48849,
    "lng": 0.31124
  },
  {
    "name": "Itancourt",
    "country": "FR",
    "lat": 49.80664,
    "lng": 3.34427
  },
  {
    "name": "Itháki",
    "country": "GR",
    "lat": 38.36421,
    "lng": 20.71848
  },
  {
    "name": "Itéa",
    "country": "GR",
    "lat": 39.45669,
    "lng": 22.16577
  },
  {
    "name": "Itéa",
    "country": "GR",
    "lat": 38.43201,
    "lng": 22.42443
  },
  {
    "name": "Iteng",
    "country": "ID",
    "lat": -8.812,
    "lng": 120.4219
  },
  {
    "name": "Itaunja",
    "country": "IN",
    "lat": 27.08347,
    "lng": 80.89672
  },
  {
    "name": "Itārsi",
    "country": "IN",
    "lat": 22.61477,
    "lng": 77.76222
  },
  {
    "name": "Itanagar",
    "country": "IN",
    "lat": 27.08694,
    "lng": 93.60987
  },
  {
    "name": "Itāmāti",
    "country": "IN",
    "lat": 20.13777,
    "lng": 85.15243
  },
  {
    "name": "Itala",
    "country": "IT",
    "lat": 38.05144,
    "lng": 15.43706
  },
  {
    "name": "Ittiri",
    "country": "IT",
    "lat": 40.59151,
    "lng": 8.56976
  },
  {
    "name": "Ittireddu",
    "country": "IT",
    "lat": 40.54398,
    "lng": 8.90118
  },
  {
    "name": "Itri",
    "country": "IT",
    "lat": 41.29034,
    "lng": 13.53
  },
  {
    "name": "Itsukaichi",
    "country": "JP",
    "lat": 35.72528,
    "lng": 139.21778
  },
  {
    "name": "Itoman",
    "country": "JP",
    "lat": 26.12647,
    "lng": 127.66918
  },
  {
    "name": "Itoigawa",
    "country": "JP",
    "lat": 37.03333,
    "lng": 137.85
  },
  {
    "name": "Itō",
    "country": "JP",
    "lat": 34.96667,
    "lng": 139.08333
  },
  {
    "name": "Itami",
    "country": "JP",
    "lat": 34.78427,
    "lng": 135.40126
  },
  {
    "name": "Itabashi",
    "country": "JP",
    "lat": 35.74893,
    "lng": 139.71497
  },
  {
    "name": "Itako",
    "country": "JP",
    "lat": 35.93333,
    "lng": 140.55
  },
  {
    "name": "Itayanagi",
    "country": "JP",
    "lat": 40.69546,
    "lng": 140.45502
  },
  {
    "name": "Itogawa",
    "country": "JP",
    "lat": 34.02619,
    "lng": 135.25281
  },
  {
    "name": "Itoshima",
    "country": "JP",
    "lat": 33.54225,
    "lng": 130.18421
  },
  {
    "name": "Itakura",
    "country": "JP",
    "lat": 36.22295,
    "lng": 139.61027
  },
  {
    "name": "Iten",
    "country": "KE",
    "lat": 0.67028,
    "lng": 35.50806
  },
  {
    "name": "Itsandra",
    "country": "KM",
    "lat": -11.67638,
    "lng": 43.26466
  },
  {
    "name": "Itsandzéni",
    "country": "KM",
    "lat": -11.47278,
    "lng": 43.38444
  },
  {
    "name": "Itzig",
    "country": "LU",
    "lat": 49.58769,
    "lng": 6.17065
  },
  {
    "name": "Itzer",
    "country": "MA",
    "lat": 32.8783,
    "lng": -5.0515
  },
  {
    "name": "Itzamatitlán",
    "country": "MX",
    "lat": 18.90942,
    "lng": -99.02236
  },
  {
    "name": "Iturbide",
    "country": "MX",
    "lat": 24.72596,
    "lng": -99.90406
  },
  {
    "name": "Iturbide",
    "country": "MX",
    "lat": 19.57903,
    "lng": -89.60222
  },
  {
    "name": "Itzoteno",
    "country": "MX",
    "lat": 19.41656,
    "lng": -97.43776
  },
  {
    "name": "Itu",
    "country": "NG",
    "lat": 5.46395,
    "lng": 7.33078
  },
  {
    "name": "Itu",
    "country": "NG",
    "lat": 5.20131,
    "lng": 7.98373
  },
  {
    "name": "Itori",
    "country": "NG",
    "lat": 6.93123,
    "lng": 3.22147
  },
  {
    "name": "Itigidi",
    "country": "NG",
    "lat": 5.89147,
    "lng": 8.02187
  },
  {
    "name": "Itas",
    "country": "NG",
    "lat": 11.8575,
    "lng": 9.96394
  },
  {
    "name": "Ita-Ogbolu",
    "country": "NG",
    "lat": 7.36838,
    "lng": 5.24684
  },
  {
    "name": "Itogon",
    "country": "PH",
    "lat": 16.36389,
    "lng": 120.67694
  },
  {
    "name": "Itbayat",
    "country": "PH",
    "lat": 20.78733,
    "lng": 121.84177
  },
  {
    "name": "Itamar",
    "country": "PS",
    "lat": 32.17474,
    "lng": 35.30941
  },
  {
    "name": "Iturbe",
    "country": "PY",
    "lat": -26.05508,
    "lng": -56.48463
  },
  {
    "name": "Itauguá",
    "country": "PY",
    "lat": -25.39258,
    "lng": -57.35421
  },
  {
    "name": "Itakyry",
    "country": "PY",
    "lat": -24.98401,
    "lng": -55.1493
  },
  {
    "name": "Itapé",
    "country": "PY",
    "lat": -25.85172,
    "lng": -56.61385
  },
  {
    "name": "Itacurubí del Rosario",
    "country": "PY",
    "lat": -24.53541,
    "lng": -56.82352
  },
  {
    "name": "Itacurubí de la Cordillera",
    "country": "PY",
    "lat": -25.46158,
    "lng": -56.85333
  },
  {
    "name": "Itá",
    "country": "PY",
    "lat": -25.50054,
    "lng": -57.36717
  },
  {
    "name": "Iteşti",
    "country": "RO",
    "lat": 46.65309,
    "lng": 26.87256
  },
  {
    "name": "Itum-Kali",
    "country": "RU",
    "lat": 42.73599,
    "lng": 45.57706
  },
  {
    "name": "Itatskiy",
    "country": "RU",
    "lat": 56.07,
    "lng": 89.03694
  },
  {
    "name": "Itumba",
    "country": "TZ",
    "lat": -9.4,
    "lng": 33.18333
  },
  {
    "name": "Itigi",
    "country": "TZ",
    "lat": -5.7,
    "lng": 34.48333
  },
  {
    "name": "Itta Bena",
    "country": "US",
    "lat": 33.49512,
    "lng": -90.31981
  },
  {
    "name": "Italy",
    "country": "US",
    "lat": 32.18404,
    "lng": -96.88472
  },
  {
    "name": "Itasca",
    "country": "US",
    "lat": 32.15959,
    "lng": -97.15001
  },
  {
    "name": "Itasca",
    "country": "US",
    "lat": 41.97503,
    "lng": -88.00729
  },
  {
    "name": "Ithaca",
    "country": "US",
    "lat": 43.2917,
    "lng": -84.6075
  },
  {
    "name": "Ithaca",
    "country": "US",
    "lat": 42.44063,
    "lng": -76.49661
  },
  {
    "name": "Itsoseng",
    "country": "ZA",
    "lat": -26.08159,
    "lng": 25.88124
  },
  {
    "name": "Itekeng",
    "country": "ZA",
    "lat": -26.35931,
    "lng": 25.90688
  },
  {
    "name": "Itezhi-Tezhi",
    "country": "ZM",
    "lat": -15.73691,
    "lng": 26.04155
  }
]