[
  {
    "name": "Keti",
    "country": "AM",
    "lat": 40.87415,
    "lng": 43.84822
  },
  {
    "name": "Kentron",
    "country": "AM",
    "lat": 40.17806,
    "lng": 44.51303
  },
  {
    "name": "Keutschach am See",
    "country": "AT",
    "lat": 46.59306,
    "lng": 14.18889
  },
  {
    "name": "Kennelbach",
    "country": "AT",
    "lat": 47.48306,
    "lng": 9.76667
  },
  {
    "name": "Kemeten",
    "country": "AT",
    "lat": 47.24859,
    "lng": 16.15213
  },
  {
    "name": "Kematen in Tirol",
    "country": "AT",
    "lat": 47.25,
    "lng": 11.26667
  },
  {
    "name": "Kematen an der Krems",
    "country": "AT",
    "lat": 48.1115,
    "lng": 14.19391
  },
  {
    "name": "Kematen an der Ybbs",
    "country": "AT",
    "lat": 48.02541,
    "lng": 14.76468
  },
  {
    "name": "Kersbrook",
    "country": "AU",
    "lat": -34.78305,
    "lng": 138.85091
  },
  {
    "name": "Kenwick",
    "country": "AU",
    "lat": -32.03333,
    "lng": 115.96667
  },
  {
    "name": "Kelmscott",
    "country": "AU",
    "lat": -32.12434,
    "lng": 116.0259
  },
  {
    "name": "Keysborough",
    "country": "AU",
    "lat": -37.99116,
    "lng": 145.17385
  },
  {
    "name": "Kew",
    "country": "AU",
    "lat": -37.80639,
    "lng": 145.03086
  },
  {
    "name": "Kew",
    "country": "AU",
    "lat": -31.63602,
    "lng": 152.72662
  },
  {
    "name": "Kerang",
    "country": "AU",
    "lat": -35.73489,
    "lng": 143.92027
  },
  {
    "name": "Kenthurst",
    "country": "AU",
    "lat": -33.65527,
    "lng": 151.00503
  },
  {
    "name": "Kensington",
    "country": "AU",
    "lat": -33.92019,
    "lng": 151.22241
  },
  {
    "name": "Kensington",
    "country": "AU",
    "lat": -37.79188,
    "lng": 144.93114
  },
  {
    "name": "Kennington",
    "country": "AU",
    "lat": -36.77128,
    "lng": 144.30298
  },
  {
    "name": "Kendall",
    "country": "AU",
    "lat": -31.63295,
    "lng": 152.70393
  },
  {
    "name": "Kempsey",
    "country": "AU",
    "lat": -31.07898,
    "lng": 152.83093
  },
  {
    "name": "Kelso",
    "country": "AU",
    "lat": -33.41667,
    "lng": 149.6
  },
  {
    "name": "Keith",
    "country": "AU",
    "lat": -36.0991,
    "lng": 140.35315
  },
  {
    "name": "Keiraville",
    "country": "AU",
    "lat": -34.41667,
    "lng": 150.86667
  },
  {
    "name": "Keilor",
    "country": "AU",
    "lat": -37.71667,
    "lng": 144.83333
  },
  {
    "name": "Kelvin Grove",
    "country": "AU",
    "lat": -27.44819,
    "lng": 153.01337
  },
  {
    "name": "Kenmore",
    "country": "AU",
    "lat": -27.50759,
    "lng": 152.93879
  },
  {
    "name": "Keperra",
    "country": "AU",
    "lat": -27.41376,
    "lng": 152.94703
  },
  {
    "name": "Kewarra Beach",
    "country": "AU",
    "lat": -16.78219,
    "lng": 145.68455
  },
  {
    "name": "Kew East",
    "country": "AU",
    "lat": -37.79758,
    "lng": 145.05378
  },
  {
    "name": "Kellyville",
    "country": "AU",
    "lat": -33.71028,
    "lng": 150.95095
  },
  {
    "name": "Kensington Park",
    "country": "AU",
    "lat": -34.92022,
    "lng": 138.6543
  },
  {
    "name": "Kent Town",
    "country": "AU",
    "lat": -34.92155,
    "lng": 138.62009
  },
  {
    "name": "Kensington Grove",
    "country": "AU",
    "lat": -27.53278,
    "lng": 152.47205
  },
  {
    "name": "Kedron",
    "country": "AU",
    "lat": -27.40286,
    "lng": 153.02969
  },
  {
    "name": "Kealba",
    "country": "AU",
    "lat": -37.7371,
    "lng": 144.8283
  },
  {
    "name": "Kepnock",
    "country": "AU",
    "lat": -24.87606,
    "lng": 152.37518
  },
  {
    "name": "Kearns",
    "country": "AU",
    "lat": -34.02191,
    "lng": 150.80082
  },
  {
    "name": "Kewdale",
    "country": "AU",
    "lat": -31.97886,
    "lng": 115.95159
  },
  {
    "name": "Kearneys Spring",
    "country": "AU",
    "lat": -27.60495,
    "lng": 151.94098
  },
  {
    "name": "Kelso",
    "country": "AU",
    "lat": -19.38932,
    "lng": 146.71912
  },
  {
    "name": "Kenmore Hills",
    "country": "AU",
    "lat": -27.5042,
    "lng": 152.93183
  },
  {
    "name": "Keilor East",
    "country": "AU",
    "lat": -37.73261,
    "lng": 144.86504
  },
  {
    "name": "Keilor Downs",
    "country": "AU",
    "lat": -37.72337,
    "lng": 144.80839
  },
  {
    "name": "Keilor Lodge",
    "country": "AU",
    "lat": -37.69997,
    "lng": 144.80332
  },
  {
    "name": "Keilor Park",
    "country": "AU",
    "lat": -37.72025,
    "lng": 144.85422
  },
  {
    "name": "Kellyville Ridge",
    "country": "AU",
    "lat": -33.70156,
    "lng": 150.9179
  },
  {
    "name": "Kemps Creek",
    "country": "AU",
    "lat": -33.88059,
    "lng": 150.78761
  },
  {
    "name": "Kensington Gardens",
    "country": "AU",
    "lat": -34.92582,
    "lng": 138.66145
  },
  {
    "name": "Kesabpur",
    "country": "BD",
    "lat": 22.90725,
    "lng": 89.21954
  },
  {
    "name": "Kettenis",
    "country": "BE",
    "lat": 50.64761,
    "lng": 6.04686
  },
  {
    "name": "Kester",
    "country": "BE",
    "lat": 50.76398,
    "lng": 4.12058
  },
  {
    "name": "Kessenich",
    "country": "BE",
    "lat": 51.15086,
    "lng": 5.8233
  },
  {
    "name": "Kessel-Lo",
    "country": "BE",
    "lat": 50.88549,
    "lng": 4.73717
  },
  {
    "name": "Kessel",
    "country": "BE",
    "lat": 51.13892,
    "lng": 4.62962
  },
  {
    "name": "Kersbeek-Miskom",
    "country": "BE",
    "lat": 50.88544,
    "lng": 4.99578
  },
  {
    "name": "Kermt",
    "country": "BE",
    "lat": 50.94757,
    "lng": 5.24832
  },
  {
    "name": "Kerksken",
    "country": "BE",
    "lat": 50.89068,
    "lng": 3.99478
  },
  {
    "name": "Kerkom",
    "country": "BE",
    "lat": 50.85568,
    "lng": 4.87422
  },
  {
    "name": "Kerkhove",
    "country": "BE",
    "lat": 50.79851,
    "lng": 3.50267
  },
  {
    "name": "Kemzeke",
    "country": "BE",
    "lat": 51.20981,
    "lng": 4.07428
  },
  {
    "name": "Kemmel",
    "country": "BE",
    "lat": 50.78333,
    "lng": 2.82714
  },
  {
    "name": "Keiem",
    "country": "BE",
    "lat": 51.08144,
    "lng": 2.88217
  },
  {
    "name": "Keerbergen",
    "country": "BE",
    "lat": 51.00295,
    "lng": 4.63434
  },
  {
    "name": "Kermen",
    "country": "BG",
    "lat": 42.5,
    "lng": 26.25
  },
  {
    "name": "Keriam",
    "country": "BN",
    "lat": 4.81603,
    "lng": 114.6941
  },
  {
    "name": "Keith-Lynn",
    "country": "CA",
    "lat": 49.31667,
    "lng": -123.06667
  },
  {
    "name": "Kelowna",
    "country": "CA",
    "lat": 49.88307,
    "lng": -119.48568
  },
  {
    "name": "Kennedy Park",
    "country": "CA",
    "lat": 43.72267,
    "lng": -79.26052
  },
  {
    "name": "Kenora",
    "country": "CA",
    "lat": 49.76741,
    "lng": -94.48985
  },
  {
    "name": "Kensington",
    "country": "CA",
    "lat": 46.43343,
    "lng": -63.64871
  },
  {
    "name": "Kensington-Cedar Cottage",
    "country": "CA",
    "lat": 49.25,
    "lng": -123.06667
  },
  {
    "name": "Kentville",
    "country": "CA",
    "lat": 45.0771,
    "lng": -64.49605
  },
  {
    "name": "Keremeos",
    "country": "CA",
    "lat": 49.19975,
    "lng": -119.8357
  },
  {
    "name": "Kerrobert",
    "country": "CA",
    "lat": 51.91682,
    "lng": -109.13479
  },
  {
    "name": "Keswick",
    "country": "CA",
    "lat": 44.25011,
    "lng": -79.46632
  },
  {
    "name": "Keswick Ridge",
    "country": "CA",
    "lat": 46.00011,
    "lng": -66.88218
  },
  {
    "name": "Kensington-Chinatown",
    "country": "CA",
    "lat": 43.65355,
    "lng": -79.39724
  },
  {
    "name": "Keelesdale-Eglinton West",
    "country": "CA",
    "lat": 43.68573,
    "lng": -79.47144
  },
  {
    "name": "Kerrisdale",
    "country": "CA",
    "lat": 49.23442,
    "lng": -123.15511
  },
  {
    "name": "Kenge",
    "country": "CD",
    "lat": -5.76521,
    "lng": 13.65711
  },
  {
    "name": "Kembé",
    "country": "CF",
    "lat": 4.62275,
    "lng": 21.88645
  },
  {
    "name": "Kellé",
    "country": "CG",
    "lat": -0.0654,
    "lng": 14.49959
  },
  {
    "name": "Kerzers",
    "country": "CH",
    "lat": 46.97586,
    "lng": 7.1957
  },
  {
    "name": "Kerns",
    "country": "CH",
    "lat": 46.90121,
    "lng": 8.27514
  },
  {
    "name": "Kehrsatz",
    "country": "CH",
    "lat": 46.91035,
    "lng": 7.47096
  },
  {
    "name": "Kenneu",
    "country": "CI",
    "lat": 7.2012,
    "lng": -8.10437
  },
  {
    "name": "Kenbé",
    "country": "CI",
    "lat": 8.03622,
    "lng": -7.00602
  },
  {
    "name": "Kekirini",
    "country": "CI",
    "lat": 7.76917,
    "lng": -2.96113
  },
  {
    "name": "Keibla",
    "country": "CI",
    "lat": 6.84886,
    "lng": -6.5791
  },
  {
    "name": "Keifa",
    "country": "CI",
    "lat": 6.3849,
    "lng": -5.44402
  },
  {
    "name": "Kendè-Dan",
    "country": "CI",
    "lat": 7.88093,
    "lng": -5.67293
  },
  {
    "name": "Kekem",
    "country": "CM",
    "lat": 5.15689,
    "lng": 10.01996
  },
  {
    "name": "Kequ",
    "country": "CN",
    "lat": 33.96865,
    "lng": 99.90097
  },
  {
    "name": "Kelpin",
    "country": "CN",
    "lat": 40.50213,
    "lng": 79.04722
  },
  {
    "name": "Kengyuan",
    "country": "CN",
    "lat": 26.33964,
    "lng": 119.76476
  },
  {
    "name": "Kerencun",
    "country": "CN",
    "lat": 24.58213,
    "lng": 118.66046
  },
  {
    "name": "Keshan",
    "country": "CN",
    "lat": 48.03153,
    "lng": 125.86726
  },
  {
    "name": "Keda",
    "country": "CN",
    "lat": 29.02894,
    "lng": 109.24059
  },
  {
    "name": "Kezilexilike",
    "country": "CN",
    "lat": 46.17755,
    "lng": 89.92692
  },
  {
    "name": "Keji yuan",
    "country": "CN",
    "lat": 22.54102,
    "lng": 113.94818
  },
  {
    "name": "Kelč",
    "country": "CZ",
    "lat": 49.47844,
    "lng": 17.81533
  },
  {
    "name": "Kevelaer",
    "country": "DE",
    "lat": 51.58243,
    "lng": 6.24603
  },
  {
    "name": "Ketzin",
    "country": "DE",
    "lat": 52.47809,
    "lng": 12.8453
  },
  {
    "name": "Kettig",
    "country": "DE",
    "lat": 50.4,
    "lng": 7.46667
  },
  {
    "name": "Kettershausen",
    "country": "DE",
    "lat": 48.18333,
    "lng": 10.26667
  },
  {
    "name": "Kettenkamp",
    "country": "DE",
    "lat": 52.58333,
    "lng": 7.83333
  },
  {
    "name": "Ketsch",
    "country": "DE",
    "lat": 49.36778,
    "lng": 8.53111
  },
  {
    "name": "Kessin",
    "country": "DE",
    "lat": 53.72918,
    "lng": 13.30731
  },
  {
    "name": "Kessenich",
    "country": "DE",
    "lat": 50.71244,
    "lng": 7.1113
  },
  {
    "name": "Kerzenheim",
    "country": "DE",
    "lat": 49.57639,
    "lng": 8.05972
  },
  {
    "name": "Kerpen",
    "country": "DE",
    "lat": 50.86991,
    "lng": 6.69691
  },
  {
    "name": "Kenzingen",
    "country": "DE",
    "lat": 48.1963,
    "lng": 7.76974
  },
  {
    "name": "Kenn",
    "country": "DE",
    "lat": 49.8,
    "lng": 6.71667
  },
  {
    "name": "Kempten (Allgäu)",
    "country": "DE",
    "lat": 47.72674,
    "lng": 10.31389
  },
  {
    "name": "Kempenich",
    "country": "DE",
    "lat": 50.42024,
    "lng": 7.11698
  },
  {
    "name": "Kempen",
    "country": "DE",
    "lat": 51.36432,
    "lng": 6.41858
  },
  {
    "name": "Kemnitz",
    "country": "DE",
    "lat": 54.07723,
    "lng": 13.53528
  },
  {
    "name": "Kemnath",
    "country": "DE",
    "lat": 49.87007,
    "lng": 11.89077
  },
  {
    "name": "Kemmern",
    "country": "DE",
    "lat": 49.95486,
    "lng": 10.87784
  },
  {
    "name": "Kemberg",
    "country": "DE",
    "lat": 51.77189,
    "lng": 12.63227
  },
  {
    "name": "Kelsterbach",
    "country": "DE",
    "lat": 50.06135,
    "lng": 8.52916
  },
  {
    "name": "Kellmünz",
    "country": "DE",
    "lat": 48.12159,
    "lng": 10.12811
  },
  {
    "name": "Kellinghusen",
    "country": "DE",
    "lat": 53.95202,
    "lng": 9.71959
  },
  {
    "name": "Kellenhusen",
    "country": "DE",
    "lat": 54.19151,
    "lng": 11.0602
  },
  {
    "name": "Kell",
    "country": "DE",
    "lat": 49.63425,
    "lng": 6.8239
  },
  {
    "name": "Kelkheim",
    "country": "DE",
    "lat": 50.13703,
    "lng": 8.4502
  },
  {
    "name": "Kelheim",
    "country": "DE",
    "lat": 48.91725,
    "lng": 11.88618
  },
  {
    "name": "Kelbra",
    "country": "DE",
    "lat": 51.43528,
    "lng": 11.04143
  },
  {
    "name": "Kelberg",
    "country": "DE",
    "lat": 50.29164,
    "lng": 6.9195
  },
  {
    "name": "Keitum",
    "country": "DE",
    "lat": 54.89333,
    "lng": 8.37083
  },
  {
    "name": "Kehrig",
    "country": "DE",
    "lat": 50.28333,
    "lng": 7.21667
  },
  {
    "name": "Kehl",
    "country": "DE",
    "lat": 48.57297,
    "lng": 7.81523
  },
  {
    "name": "Kefenrod",
    "country": "DE",
    "lat": 50.34475,
    "lng": 9.21141
  },
  {
    "name": "Kelkheim-Mitte",
    "country": "DE",
    "lat": 50.13608,
    "lng": 8.45107
  },
  {
    "name": "Kerteminde",
    "country": "DK",
    "lat": 55.44903,
    "lng": 10.65769
  },
  {
    "name": "Kerkera",
    "country": "DZ",
    "lat": 36.92917,
    "lng": 6.58556
  },
  {
    "name": "Keila",
    "country": "EE",
    "lat": 59.30361,
    "lng": 24.41306
  },
  {
    "name": "Kehtna",
    "country": "EE",
    "lat": 58.93028,
    "lng": 24.87806
  },
  {
    "name": "Kehra",
    "country": "EE",
    "lat": 59.33611,
    "lng": 25.32111
  },
  {
    "name": "Keren",
    "country": "ER",
    "lat": 15.77792,
    "lng": 38.45107
  },
  {
    "name": "Kemisē",
    "country": "ET",
    "lat": 10.71668,
    "lng": 39.86997
  },
  {
    "name": "Kele",
    "country": "ET",
    "lat": 6.08333,
    "lng": 38.03333
  },
  {
    "name": "Kebri Dahar",
    "country": "ET",
    "lat": 6.74,
    "lng": 44.27806
  },
  {
    "name": "Kercha",
    "country": "ET",
    "lat": 5.78009,
    "lng": 38.40887
  },
  {
    "name": "Keuruu",
    "country": "FI",
    "lat": 62.26667,
    "lng": 24.7
  },
  {
    "name": "Kestilä",
    "country": "FI",
    "lat": 64.35002,
    "lng": 26.27921
  },
  {
    "name": "Kesälahti",
    "country": "FI",
    "lat": 61.89752,
    "lng": 29.83494
  },
  {
    "name": "Kerimäki",
    "country": "FI",
    "lat": 61.91069,
    "lng": 29.28228
  },
  {
    "name": "Kerava",
    "country": "FI",
    "lat": 60.40338,
    "lng": 25.105
  },
  {
    "name": "Kempele",
    "country": "FI",
    "lat": 64.91314,
    "lng": 25.50339
  },
  {
    "name": "Kemijärvi",
    "country": "FI",
    "lat": 66.71309,
    "lng": 27.43056
  },
  {
    "name": "Keminmaa",
    "country": "FI",
    "lat": 65.80158,
    "lng": 24.54483
  },
  {
    "name": "Kemi",
    "country": "FI",
    "lat": 65.73641,
    "lng": 24.56371
  },
  {
    "name": "Kellokoski",
    "country": "FI",
    "lat": 60.53271,
    "lng": 25.10917
  },
  {
    "name": "Kello",
    "country": "FI",
    "lat": 65.1285,
    "lng": 25.3567
  },
  {
    "name": "Keitele",
    "country": "FI",
    "lat": 63.18333,
    "lng": 26.36667
  },
  {
    "name": "Keimola",
    "country": "FI",
    "lat": 60.33833,
    "lng": 24.8164
  },
  {
    "name": "Keskastel",
    "country": "FR",
    "lat": 48.97132,
    "lng": 7.04412
  },
  {
    "name": "Kervignac",
    "country": "FR",
    "lat": 47.76373,
    "lng": -3.23913
  },
  {
    "name": "Kertzfeld",
    "country": "FR",
    "lat": 48.3799,
    "lng": 7.56816
  },
  {
    "name": "Kersaint-Plabennec",
    "country": "FR",
    "lat": 48.47265,
    "lng": -4.37419
  },
  {
    "name": "Kernilis",
    "country": "FR",
    "lat": 48.57128,
    "lng": -4.41952
  },
  {
    "name": "Kerlouan",
    "country": "FR",
    "lat": 48.64541,
    "lng": -4.36594
  },
  {
    "name": "Kerbach",
    "country": "FR",
    "lat": 49.16682,
    "lng": 6.96549
  },
  {
    "name": "Kembs",
    "country": "FR",
    "lat": 47.68948,
    "lng": 7.50323
  },
  {
    "name": "Keynsham",
    "country": "GB",
    "lat": 51.41387,
    "lng": -2.4978
  },
  {
    "name": "Keyingham",
    "country": "GB",
    "lat": 53.70961,
    "lng": -0.11325
  },
  {
    "name": "Kew",
    "country": "GB",
    "lat": 51.48165,
    "lng": -0.28749
  },
  {
    "name": "Ketton",
    "country": "GB",
    "lat": 52.62804,
    "lng": -0.55459
  },
  {
    "name": "Kettering",
    "country": "GB",
    "lat": 52.39836,
    "lng": -0.72571
  },
  {
    "name": "Keswick",
    "country": "GB",
    "lat": 54.59947,
    "lng": -3.13256
  },
  {
    "name": "Kessingland",
    "country": "GB",
    "lat": 52.41987,
    "lng": 1.70878
  },
  {
    "name": "Keresley",
    "country": "GB",
    "lat": 52.45156,
    "lng": -1.53319
  },
  {
    "name": "Kenton",
    "country": "GB",
    "lat": 50.63978,
    "lng": -3.47151
  },
  {
    "name": "Kensworth",
    "country": "GB",
    "lat": 51.85173,
    "lng": -0.50386
  },
  {
    "name": "Kensington",
    "country": "GB",
    "lat": 51.50094,
    "lng": -0.19175
  },
  {
    "name": "Kennoway",
    "country": "GB",
    "lat": 56.21081,
    "lng": -3.04917
  },
  {
    "name": "Kennington",
    "country": "GB",
    "lat": 51.1674,
    "lng": 0.88491
  },
  {
    "name": "Kenn",
    "country": "GB",
    "lat": 51.41667,
    "lng": -2.85
  },
  {
    "name": "Kenley",
    "country": "GB",
    "lat": 52.6,
    "lng": -2.63333
  },
  {
    "name": "Kenley",
    "country": "GB",
    "lat": 51.32643,
    "lng": -0.10111
  },
  {
    "name": "Kenilworth",
    "country": "GB",
    "lat": 52.34958,
    "lng": -1.58276
  },
  {
    "name": "Kendal",
    "country": "GB",
    "lat": 54.32681,
    "lng": -2.74757
  },
  {
    "name": "Kemsing",
    "country": "GB",
    "lat": 51.30604,
    "lng": 0.22917
  },
  {
    "name": "Kempston",
    "country": "GB",
    "lat": 52.11599,
    "lng": -0.50044
  },
  {
    "name": "Kempsey",
    "country": "GB",
    "lat": 52.13936,
    "lng": -2.21751
  },
  {
    "name": "Kemnay",
    "country": "GB",
    "lat": 57.23573,
    "lng": -2.44395
  },
  {
    "name": "Kelvedon Hatch",
    "country": "GB",
    "lat": 51.66739,
    "lng": 0.26814
  },
  {
    "name": "Kelvedon",
    "country": "GB",
    "lat": 51.84007,
    "lng": 0.7057
  },
  {
    "name": "Kelty",
    "country": "GB",
    "lat": 56.13362,
    "lng": -3.3869
  },
  {
    "name": "Kelso",
    "country": "GB",
    "lat": 55.59814,
    "lng": -2.43382
  },
  {
    "name": "Kelsall",
    "country": "GB",
    "lat": 53.20775,
    "lng": -2.71242
  },
  {
    "name": "Keith",
    "country": "GB",
    "lat": 57.53633,
    "lng": -2.94811
  },
  {
    "name": "Keighley",
    "country": "GB",
    "lat": 53.86791,
    "lng": -1.90664
  },
  {
    "name": "Kegworth",
    "country": "GB",
    "lat": 52.83482,
    "lng": -1.28042
  },
  {
    "name": "Keele",
    "country": "GB",
    "lat": 53.00382,
    "lng": -2.28741
  },
  {
    "name": "Keelby",
    "country": "GB",
    "lat": 53.5758,
    "lng": -0.24701
  },
  {
    "name": "Kedington",
    "country": "GB",
    "lat": 52.09282,
    "lng": 0.48675
  },
  {
    "name": "Kearsley",
    "country": "GB",
    "lat": 53.53333,
    "lng": -2.38333
  },
  {
    "name": "Keady",
    "country": "GB",
    "lat": 54.25,
    "lng": -6.7
  },
  {
    "name": "Keadby",
    "country": "GB",
    "lat": 53.59308,
    "lng": -0.74021
  },
  {
    "name": "Kewstoke",
    "country": "GB",
    "lat": 51.3653,
    "lng": -2.95901
  },
  {
    "name": "Kesgrave",
    "country": "GB",
    "lat": 52.06241,
    "lng": 1.2365
  },
  {
    "name": "Kennington",
    "country": "GB",
    "lat": 51.48796,
    "lng": -0.10566
  },
  {
    "name": "Kensal Green",
    "country": "GB",
    "lat": 51.53068,
    "lng": -0.2253
  },
  {
    "name": "Kempston Hardwick",
    "country": "GB",
    "lat": 52.08956,
    "lng": -0.49908
  },
  {
    "name": "Kelloe",
    "country": "GB",
    "lat": 54.71894,
    "lng": -1.47495
  },
  {
    "name": "Keyworth",
    "country": "GB",
    "lat": 52.87122,
    "lng": -1.08991
  },
  {
    "name": "Kensington",
    "country": "GB",
    "lat": 53.40861,
    "lng": -2.95283
  },
  {
    "name": "Keda",
    "country": "GE",
    "lat": 41.59948,
    "lng": 41.93946
  },
  {
    "name": "Kelasuri",
    "country": "GE",
    "lat": 42.97877,
    "lng": 41.07067
  },
  {
    "name": "Kete Krachi",
    "country": "GH",
    "lat": 7.79391,
    "lng": -0.0498
  },
  {
    "name": "Keta",
    "country": "GH",
    "lat": 5.91793,
    "lng": 0.98789
  },
  {
    "name": "Kerewan",
    "country": "GM",
    "lat": 13.4898,
    "lng": -16.08879
  },
  {
    "name": "Keneba",
    "country": "GM",
    "lat": 13.32889,
    "lng": -16.015
  },
  {
    "name": "Kerr Serign",
    "country": "GM",
    "lat": 13.43247,
    "lng": -16.7203
  },
  {
    "name": "Keratsíni",
    "country": "GR",
    "lat": 37.9625,
    "lng": 23.61972
  },
  {
    "name": "Keratéa",
    "country": "GR",
    "lat": 37.80585,
    "lng": 23.9774
  },
  {
    "name": "Kerasochóri",
    "country": "GR",
    "lat": 39.00556,
    "lng": 21.63778
  },
  {
    "name": "Kentrí",
    "country": "GR",
    "lat": 35.03258,
    "lng": 25.7528
  },
  {
    "name": "Keramotí",
    "country": "GR",
    "lat": 40.85591,
    "lng": 24.70595
  },
  {
    "name": "Keng Hau",
    "country": "HK",
    "lat": 22.36507,
    "lng": 114.17472
  },
  {
    "name": "Kerestinec",
    "country": "HR",
    "lat": 45.7701,
    "lng": 15.80864
  },
  {
    "name": "Kenscoff",
    "country": "HT",
    "lat": 18.44773,
    "lng": -72.28398
  },
  {
    "name": "Kevermes",
    "country": "HU",
    "lat": 46.41667,
    "lng": 21.18333
  },
  {
    "name": "Kerecsend",
    "country": "HU",
    "lat": 47.8,
    "lng": 20.35
  },
  {
    "name": "Kengyel",
    "country": "HU",
    "lat": 47.08333,
    "lng": 20.33333
  },
  {
    "name": "Kenderes",
    "country": "HU",
    "lat": 47.25,
    "lng": 20.68333
  },
  {
    "name": "Kemecse",
    "country": "HU",
    "lat": 48.07532,
    "lng": 21.80625
  },
  {
    "name": "Kesztölc",
    "country": "HU",
    "lat": 47.71266,
    "lng": 18.80177
  },
  {
    "name": "Keszthely",
    "country": "HU",
    "lat": 46.76812,
    "lng": 17.24317
  },
  {
    "name": "Kerekegyháza",
    "country": "HU",
    "lat": 46.93722,
    "lng": 19.47806
  },
  {
    "name": "Kelebia",
    "country": "HU",
    "lat": 46.1968,
    "lng": 19.61659
  },
  {
    "name": "Kecskemét",
    "country": "HU",
    "lat": 46.90618,
    "lng": 19.69128
  },
  {
    "name": "Kecskéd",
    "country": "HU",
    "lat": 47.52298,
    "lng": 18.30939
  },
  {
    "name": "Kecel",
    "country": "HU",
    "lat": 46.52528,
    "lng": 19.25194
  },
  {
    "name": "Kerepes",
    "country": "HU",
    "lat": 47.56008,
    "lng": 19.28289
  },
  {
    "name": "Keresztúridűlő",
    "country": "HU",
    "lat": 47.47296,
    "lng": 19.19141
  },
  {
    "name": "Kenyaran",
    "country": "ID",
    "lat": 4.1544,
    "lng": 97.1951
  },
  {
    "name": "Ketapang",
    "country": "ID",
    "lat": -4.71335,
    "lng": 104.79954
  },
  {
    "name": "Kelua",
    "country": "ID",
    "lat": -2.2048,
    "lng": 115.3993
  },
  {
    "name": "Ketahun",
    "country": "ID",
    "lat": -3.3897,
    "lng": 101.8352
  },
  {
    "name": "Ketapang",
    "country": "ID",
    "lat": -6.8958,
    "lng": 113.2806
  },
  {
    "name": "Ketapang",
    "country": "ID",
    "lat": -1.83862,
    "lng": 109.97728
  },
  {
    "name": "Ketanggungan",
    "country": "ID",
    "lat": -6.9383,
    "lng": 108.891
  },
  {
    "name": "Kesugihan",
    "country": "ID",
    "lat": -7.6175,
    "lng": 109.12139
  },
  {
    "name": "Kesamben",
    "country": "ID",
    "lat": -8.1462,
    "lng": 112.3658
  },
  {
    "name": "Kertosono",
    "country": "ID",
    "lat": -7.58333,
    "lng": 112.1
  },
  {
    "name": "Kerek",
    "country": "ID",
    "lat": -6.8951,
    "lng": 111.8866
  },
  {
    "name": "Kerang",
    "country": "ID",
    "lat": -2.2333,
    "lng": 116.0718
  },
  {
    "name": "Kepoh",
    "country": "ID",
    "lat": -2.94454,
    "lng": 106.55743
  },
  {
    "name": "Kepi",
    "country": "ID",
    "lat": -6.52461,
    "lng": 139.32224
  },
  {
    "name": "Kepanjen",
    "country": "ID",
    "lat": -8.1303,
    "lng": 112.5727
  },
  {
    "name": "Kendari",
    "country": "ID",
    "lat": -3.9778,
    "lng": 122.51507
  },
  {
    "name": "Kendal",
    "country": "ID",
    "lat": -6.9213,
    "lng": 110.2022
  },
  {
    "name": "Kendahe",
    "country": "ID",
    "lat": 3.68745,
    "lng": 125.40176
  },
  {
    "name": "Kencong",
    "country": "ID",
    "lat": -8.28333,
    "lng": 113.36667
  },
  {
    "name": "Kenali",
    "country": "ID",
    "lat": -4.99157,
    "lng": 104.1929
  },
  {
    "name": "Kema",
    "country": "ID",
    "lat": 1.36574,
    "lng": 125.07484
  },
  {
    "name": "Kelapa",
    "country": "ID",
    "lat": -1.87757,
    "lng": 105.67661
  },
  {
    "name": "Kefamenanu",
    "country": "ID",
    "lat": -9.44667,
    "lng": 124.47806
  },
  {
    "name": "Kedungwuni",
    "country": "ID",
    "lat": -6.97038,
    "lng": 109.64794
  },
  {
    "name": "Kedungwaru",
    "country": "ID",
    "lat": -8.06667,
    "lng": 111.91667
  },
  {
    "name": "Kediri",
    "country": "ID",
    "lat": -8.6343,
    "lng": 116.1515
  },
  {
    "name": "Kediri",
    "country": "ID",
    "lat": -7.81667,
    "lng": 112.01667
  },
  {
    "name": "Kedaton",
    "country": "ID",
    "lat": -5.38354,
    "lng": 105.2596
  },
  {
    "name": "Kebumen",
    "country": "ID",
    "lat": -7.66861,
    "lng": 109.65361
  },
  {
    "name": "Kebonarun",
    "country": "ID",
    "lat": -7.70028,
    "lng": 110.56306
  },
  {
    "name": "Kebomas",
    "country": "ID",
    "lat": -7.16667,
    "lng": 112.6333
  },
  {
    "name": "Kepahiang",
    "country": "ID",
    "lat": -3.6455,
    "lng": 102.5712
  },
  {
    "name": "Kelarik",
    "country": "ID",
    "lat": 4.00833,
    "lng": 107.99861
  },
  {
    "name": "Kempo",
    "country": "ID",
    "lat": -8.54286,
    "lng": 118.24821
  },
  {
    "name": "Kelapalima",
    "country": "ID",
    "lat": -10.1499,
    "lng": 123.6194
  },
  {
    "name": "Kebon Gunung",
    "country": "ID",
    "lat": -7.65083,
    "lng": 110.04639
  },
  {
    "name": "Kebayakan",
    "country": "ID",
    "lat": 4.6408,
    "lng": 96.8538
  },
  {
    "name": "Kebonsari",
    "country": "ID",
    "lat": -8.21098,
    "lng": 113.1702
  },
  {
    "name": "Kebonan",
    "country": "ID",
    "lat": -8.2162,
    "lng": 113.2283
  },
  {
    "name": "Kedondong",
    "country": "ID",
    "lat": -5.46284,
    "lng": 105.0009
  },
  {
    "name": "Kertajadi",
    "country": "ID",
    "lat": -7.4876,
    "lng": 107.3466
  },
  {
    "name": "Kebonkai",
    "country": "ID",
    "lat": -7.5025,
    "lng": 107.967
  },
  {
    "name": "Kebonsari",
    "country": "ID",
    "lat": -8.2641,
    "lng": 113.4477
  },
  {
    "name": "Kebonan",
    "country": "ID",
    "lat": -8.3122,
    "lng": 113.4079
  },
  {
    "name": "Kemang",
    "country": "ID",
    "lat": -8.1658,
    "lng": 124.7548
  },
  {
    "name": "Kebar",
    "country": "ID",
    "lat": -0.8474,
    "lng": 133.1457
  },
  {
    "name": "Keumala",
    "country": "ID",
    "lat": 5.2493,
    "lng": 95.92382
  },
  {
    "name": "Kemil",
    "country": "ID",
    "lat": 4.62079,
    "lng": 96.75686
  },
  {
    "name": "Keudee Aron",
    "country": "ID",
    "lat": 4.2145,
    "lng": 96.17878
  },
  {
    "name": "Kerangagung",
    "country": "ID",
    "lat": 3.00123,
    "lng": 117.21714
  },
  {
    "name": "Kenyau",
    "country": "ID",
    "lat": -0.89477,
    "lng": 110.50382
  },
  {
    "name": "Kenyam",
    "country": "ID",
    "lat": -4.59972,
    "lng": 138.38417
  },
  {
    "name": "Kebonan",
    "country": "ID",
    "lat": -8.209,
    "lng": 113.1166
  },
  {
    "name": "Kenmare",
    "country": "IE",
    "lat": 51.88333,
    "lng": -9.58333
  },
  {
    "name": "Kells",
    "country": "IE",
    "lat": 53.72639,
    "lng": -6.87917
  },
  {
    "name": "Kentstown",
    "country": "IE",
    "lat": 53.62754,
    "lng": -6.52674
  },
  {
    "name": "Kefar Vitqin",
    "country": "IL",
    "lat": 32.38036,
    "lng": 34.87537
  },
  {
    "name": "Keskāl",
    "country": "IN",
    "lat": 20.0836,
    "lng": 81.58675
  },
  {
    "name": "Kesinga",
    "country": "IN",
    "lat": 20.18778,
    "lng": 83.21949
  },
  {
    "name": "Keshorai Pātan",
    "country": "IN",
    "lat": 25.29275,
    "lng": 75.93948
  },
  {
    "name": "Keshod",
    "country": "IN",
    "lat": 21.30328,
    "lng": 70.24861
  },
  {
    "name": "Kesariyā",
    "country": "IN",
    "lat": 26.34992,
    "lng": 84.87086
  },
  {
    "name": "Kerūr",
    "country": "IN",
    "lat": 16.01384,
    "lng": 75.54631
  },
  {
    "name": "Keonjhargarh",
    "country": "IN",
    "lat": 21.6318,
    "lng": 85.59686
  },
  {
    "name": "Keolāri",
    "country": "IN",
    "lat": 22.36974,
    "lng": 79.90603
  },
  {
    "name": "Kenduadīh",
    "country": "IN",
    "lat": 23.73602,
    "lng": 86.37403
  },
  {
    "name": "Kendrāparha",
    "country": "IN",
    "lat": 20.50166,
    "lng": 86.42227
  },
  {
    "name": "Kenda",
    "country": "IN",
    "lat": 23.1959,
    "lng": 86.51499
  },
  {
    "name": "Kemrī",
    "country": "IN",
    "lat": 28.80673,
    "lng": 79.2048
  },
  {
    "name": "Kelwa",
    "country": "IN",
    "lat": 25.15212,
    "lng": 73.84332
  },
  {
    "name": "Kelamangalam",
    "country": "IN",
    "lat": 12.60307,
    "lng": 77.85193
  },
  {
    "name": "Kekri",
    "country": "IN",
    "lat": 25.97132,
    "lng": 75.14992
  },
  {
    "name": "Kesabpur",
    "country": "IN",
    "lat": 22.96833,
    "lng": 88.26278
  },
  {
    "name": "Ketakipatana",
    "country": "IN",
    "lat": 19.89271,
    "lng": 85.81582
  },
  {
    "name": "Keru",
    "country": "IN",
    "lat": 26.19247,
    "lng": 73.0443
  },
  {
    "name": "Kenjāru",
    "country": "IN",
    "lat": 12.96283,
    "lng": 74.85934
  },
  {
    "name": "Keevallur",
    "country": "IN",
    "lat": 11.89703,
    "lng": 75.53099
  },
  {
    "name": "Keeramangalam",
    "country": "IN",
    "lat": 10.28633,
    "lng": 79.09886
  },
  {
    "name": "Kegaon",
    "country": "IN",
    "lat": 18.89568,
    "lng": 72.91313
  },
  {
    "name": "Kempanāyakkanpālaiyam",
    "country": "IN",
    "lat": 11.53102,
    "lng": 77.3014
  },
  {
    "name": "Kedia",
    "country": "IN",
    "lat": 23.79454,
    "lng": 85.58724
  },
  {
    "name": "Keirao Bitra",
    "country": "IN",
    "lat": 24.71105,
    "lng": 93.97461
  },
  {
    "name": "Kevadiya",
    "country": "IN",
    "lat": 21.8856,
    "lng": 73.70225
  },
  {
    "name": "Keerikkad",
    "country": "IN",
    "lat": 9.17722,
    "lng": 76.48555
  },
  {
    "name": "Kelhauri",
    "country": "IN",
    "lat": 23.18729,
    "lng": 81.63102
  },
  {
    "name": "Kesrisinghpur",
    "country": "IN",
    "lat": 29.94752,
    "lng": 73.62124
  },
  {
    "name": "Keezhkulam",
    "country": "IN",
    "lat": 8.23073,
    "lng": 77.18626
  },
  {
    "name": "Kelar",
    "country": "IQ",
    "lat": 34.62805,
    "lng": 45.31852
  },
  {
    "name": "Kermanshah",
    "country": "IR",
    "lat": 34.31417,
    "lng": 47.065
  },
  {
    "name": "Kerman",
    "country": "IR",
    "lat": 30.28321,
    "lng": 57.07879
  },
  {
    "name": "Kerend-e Gharb",
    "country": "IR",
    "lat": 34.2842,
    "lng": 46.2423
  },
  {
    "name": "Kelīshād va Sūdarjān",
    "country": "IR",
    "lat": 32.55118,
    "lng": 51.52758
  },
  {
    "name": "Keflavík",
    "country": "IS",
    "lat": 64.00492,
    "lng": -22.56242
  },
  {
    "name": "Kellits",
    "country": "JM",
    "lat": 18.17278,
    "lng": -77.23083
  },
  {
    "name": "Kesennuma",
    "country": "JP",
    "lat": 38.90112,
    "lng": 141.57746
  },
  {
    "name": "Kemigawa",
    "country": "JP",
    "lat": 35.65,
    "lng": 140.06667
  },
  {
    "name": "Keringet",
    "country": "KE",
    "lat": -0.46758,
    "lng": 35.68185
  },
  {
    "name": "Kerugoya",
    "country": "KE",
    "lat": -0.49887,
    "lng": 37.28031
  },
  {
    "name": "Keroka",
    "country": "KE",
    "lat": -0.77612,
    "lng": 34.94678
  },
  {
    "name": "Kericho",
    "country": "KE",
    "lat": -0.36774,
    "lng": 35.28314
  },
  {
    "name": "Kenyenya",
    "country": "KE",
    "lat": -0.88754,
    "lng": 34.73204
  },
  {
    "name": "Kendu Bay",
    "country": "KE",
    "lat": -0.3618,
    "lng": 34.65272
  },
  {
    "name": "Kebirigo",
    "country": "KE",
    "lat": -0.60292,
    "lng": 34.96124
  },
  {
    "name": "Kesses",
    "country": "KE",
    "lat": 0.30206,
    "lng": 35.31441
  },
  {
    "name": "Kenol",
    "country": "KE",
    "lat": -0.9373,
    "lng": 37.12275
  },
  {
    "name": "Kerben",
    "country": "KG",
    "lat": 41.49399,
    "lng": 71.75826
  },
  {
    "name": "Kemin",
    "country": "KG",
    "lat": 42.78611,
    "lng": 75.69167
  },
  {
    "name": "Kentau",
    "country": "KZ",
    "lat": 43.51672,
    "lng": 68.50463
  },
  {
    "name": "Kegen",
    "country": "KZ",
    "lat": 43.01451,
    "lng": 79.22638
  },
  {
    "name": "Keppapularu",
    "country": "LK",
    "lat": 9.2754,
    "lng": 80.7553
  },
  {
    "name": "Kelaniya",
    "country": "LK",
    "lat": 6.9553,
    "lng": 79.922
  },
  {
    "name": "Kegalle",
    "country": "LK",
    "lat": 7.2523,
    "lng": 80.3436
  },
  {
    "name": "Ketane",
    "country": "LS",
    "lat": -30.07299,
    "lng": 27.85875
  },
  {
    "name": "Kelmė",
    "country": "LT",
    "lat": 55.63009,
    "lng": 22.9349
  },
  {
    "name": "Kehlen",
    "country": "LU",
    "lat": 49.66833,
    "lng": 6.03583
  },
  {
    "name": "Kerrouchen",
    "country": "MA",
    "lat": 32.79639,
    "lng": -5.3188
  },
  {
    "name": "Kenitra",
    "country": "MA",
    "lat": 34.26101,
    "lng": -6.5802
  },
  {
    "name": "Kelaat Mgouna",
    "country": "MA",
    "lat": 31.24573,
    "lng": -6.1326
  },
  {
    "name": "KeurMassène",
    "country": "MR",
    "lat": 16.53848,
    "lng": -16.21491
  },
  {
    "name": "Kerċem",
    "country": "MT",
    "lat": 36.04162,
    "lng": 14.22694
  },
  {
    "name": "Kerling",
    "country": "MY",
    "lat": 3.5908,
    "lng": 101.6024
  },
  {
    "name": "Kempas",
    "country": "MY",
    "lat": 1.5489,
    "lng": 103.6965
  },
  {
    "name": "Keningau",
    "country": "MY",
    "lat": 5.3378,
    "lng": 116.1602
  },
  {
    "name": "Kertih",
    "country": "MY",
    "lat": 4.5141,
    "lng": 103.4483
  },
  {
    "name": "Kepala Batas",
    "country": "MY",
    "lat": 5.51707,
    "lng": 100.4265
  },
  {
    "name": "Keruh",
    "country": "MY",
    "lat": 5.71667,
    "lng": 101.0
  },
  {
    "name": "Ketereh",
    "country": "MY",
    "lat": 5.95701,
    "lng": 102.24817
  },
  {
    "name": "Kepala Batas",
    "country": "MY",
    "lat": 6.20411,
    "lng": 100.40754
  },
  {
    "name": "Kepong",
    "country": "MY",
    "lat": 3.21398,
    "lng": 101.64018
  },
  {
    "name": "Kelapa Sawit",
    "country": "MY",
    "lat": 1.6698,
    "lng": 103.5327
  },
  {
    "name": "Kemajuan Tanah Inas Utara dan Selatan",
    "country": "MY",
    "lat": 1.7734,
    "lng": 103.6098
  },
  {
    "name": "Kemajuan Tanah Bukit Besar",
    "country": "MY",
    "lat": 1.7698,
    "lng": 103.7064
  },
  {
    "name": "Kemajuan Tanah Pasir Raja",
    "country": "MY",
    "lat": 1.7578,
    "lng": 103.6742
  },
  {
    "name": "Kemajuan Tanah Bukit Ramon",
    "country": "MY",
    "lat": 1.7532,
    "lng": 103.7261
  },
  {
    "name": "Kemajuan Tanah Ulu Tebrau",
    "country": "MY",
    "lat": 1.6358,
    "lng": 103.756
  },
  {
    "name": "Kemajuan Tanah Bukit Goh",
    "country": "MY",
    "lat": 3.9128,
    "lng": 103.2572
  },
  {
    "name": "Kemajuan Tanah Sungai Pancing Timur",
    "country": "MY",
    "lat": 3.8177,
    "lng": 103.1993
  },
  {
    "name": "Kemajuan Tanah Sungai Pancing Selatan",
    "country": "MY",
    "lat": 3.7866,
    "lng": 103.1683
  },
  {
    "name": "Kemajuan Tanah Tembangau",
    "country": "MY",
    "lat": 3.0321,
    "lng": 102.5228
  },
  {
    "name": "Kemajuan Tanah Bukit Kepayang",
    "country": "MY",
    "lat": 3.3229,
    "lng": 102.5794
  },
  {
    "name": "Kemajuan Tanah Sebertak",
    "country": "MY",
    "lat": 3.2562,
    "lng": 102.5975
  },
  {
    "name": "Kemajuan Tanah Tementi",
    "country": "MY",
    "lat": 3.2707,
    "lng": 102.6076
  },
  {
    "name": "Kemajuan Tanah Rentam",
    "country": "MY",
    "lat": 3.2679,
    "lng": 102.6228
  },
  {
    "name": "Kemajuan Tanah Chemplak",
    "country": "MY",
    "lat": 2.38,
    "lng": 102.944
  },
  {
    "name": "Kemajuan Tanah Chemplak Barat",
    "country": "MY",
    "lat": 2.388,
    "lng": 102.934
  },
  {
    "name": "Kemajuan Tanah Bukit Aping Barat",
    "country": "MY",
    "lat": 1.8294,
    "lng": 103.9901
  },
  {
    "name": "Kemajuan Tanah Bukit Aping Timur",
    "country": "MY",
    "lat": 1.8348,
    "lng": 104.0212
  },
  {
    "name": "Kemajuan Tanah Simpang Waha",
    "country": "MY",
    "lat": 1.7615,
    "lng": 104.074
  },
  {
    "name": "Kemajuan Tanah Bukit Easter",
    "country": "MY",
    "lat": 1.7486,
    "lng": 104.0777
  },
  {
    "name": "Kemajuan Tanah Lok Heng Barat",
    "country": "MY",
    "lat": 1.7225,
    "lng": 104.0913
  },
  {
    "name": "Kemayan",
    "country": "MY",
    "lat": 3.1364,
    "lng": 102.362
  },
  {
    "name": "Kemajuan Tanah Sungai Pancing Utara",
    "country": "MY",
    "lat": 3.8382,
    "lng": 103.1598
  },
  {
    "name": "Ketengah Jaya",
    "country": "MY",
    "lat": 4.57218,
    "lng": 103.31879
  },
  {
    "name": "Keetmanshoop",
    "country": "NA",
    "lat": -26.57654,
    "lng": 18.13359
  },
  {
    "name": "Keïta",
    "country": "NE",
    "lat": 14.7551,
    "lng": 5.7749
  },
  {
    "name": "Kende",
    "country": "NG",
    "lat": 11.51966,
    "lng": 4.2603
  },
  {
    "name": "Keffi",
    "country": "NG",
    "lat": 8.84651,
    "lng": 7.87354
  },
  {
    "name": "Kebbe",
    "country": "NG",
    "lat": 12.12861,
    "lng": 4.73433
  },
  {
    "name": "Keana",
    "country": "NG",
    "lat": 8.14724,
    "lng": 8.79601
  },
  {
    "name": "Kesteren",
    "country": "NL",
    "lat": 51.935,
    "lng": 5.56944
  },
  {
    "name": "Kessel",
    "country": "NL",
    "lat": 51.29167,
    "lng": 6.05417
  },
  {
    "name": "Kerschoten",
    "country": "NL",
    "lat": 52.23333,
    "lng": 5.96667
  },
  {
    "name": "Kerkrade",
    "country": "NL",
    "lat": 50.86583,
    "lng": 6.0625
  },
  {
    "name": "Kerkelanden",
    "country": "NL",
    "lat": 52.21755,
    "lng": 5.13575
  },
  {
    "name": "Kerkehout",
    "country": "NL",
    "lat": 52.11018,
    "lng": 4.37957
  },
  {
    "name": "Kerkdriel",
    "country": "NL",
    "lat": 51.77167,
    "lng": 5.33472
  },
  {
    "name": "Kerensheide",
    "country": "NL",
    "lat": 50.9721,
    "lng": 5.77666
  },
  {
    "name": "Kerckebosch",
    "country": "NL",
    "lat": 52.07844,
    "lng": 5.26584
  },
  {
    "name": "Keijenborg",
    "country": "NL",
    "lat": 52.02917,
    "lng": 6.29444
  },
  {
    "name": "Keent",
    "country": "NL",
    "lat": 51.24218,
    "lng": 5.70079
  },
  {
    "name": "Kedichem",
    "country": "NL",
    "lat": 51.86,
    "lng": 5.05
  },
  {
    "name": "Kelpen-Oler",
    "country": "NL",
    "lat": 51.21817,
    "lng": 5.82602
  },
  {
    "name": "Kerikeri",
    "country": "NZ",
    "lat": -35.22676,
    "lng": 173.94739
  },
  {
    "name": "Kelvin Grove",
    "country": "NZ",
    "lat": -40.32875,
    "lng": 175.64512
  },
  {
    "name": "Kelburn",
    "country": "NZ",
    "lat": -41.28333,
    "lng": 174.76667
  },
  {
    "name": "Kew",
    "country": "NZ",
    "lat": -46.42842,
    "lng": 168.35009
  },
  {
    "name": "Kenmure",
    "country": "NZ",
    "lat": -45.87838,
    "lng": 170.4601
  },
  {
    "name": "Kensington",
    "country": "NZ",
    "lat": -44.41202,
    "lng": 171.24699
  },
  {
    "name": "Kelston",
    "country": "NZ",
    "lat": -36.8982,
    "lng": 174.66019
  },
  {
    "name": "Kelson",
    "country": "NZ",
    "lat": -41.17827,
    "lng": 174.9302
  },
  {
    "name": "Kennedys Bush",
    "country": "NZ",
    "lat": -43.60324,
    "lng": 172.5816
  },
  {
    "name": "Kelluyo",
    "country": "PE",
    "lat": -16.7271,
    "lng": -69.24995
  },
  {
    "name": "Kerema",
    "country": "PG",
    "lat": -7.96028,
    "lng": 145.77278
  },
  {
    "name": "Keti Bandar",
    "country": "PK",
    "lat": 24.14422,
    "lng": 67.45094
  },
  {
    "name": "Keshupur",
    "country": "PK",
    "lat": 32.26,
    "lng": 72.5
  },
  {
    "name": "Kefar ‘Eẕyon",
    "country": "PS",
    "lat": 31.65,
    "lng": 35.11667
  },
  {
    "name": "Kefar Adummim",
    "country": "PS",
    "lat": 31.82614,
    "lng": 35.33558
  },
  {
    "name": "Ketchenery",
    "country": "RU",
    "lat": 47.30818,
    "lng": 44.5238
  },
  {
    "name": "Kez",
    "country": "RU",
    "lat": 57.8957,
    "lng": 53.7132
  },
  {
    "name": "Kevsala",
    "country": "RU",
    "lat": 45.79833,
    "lng": 42.69028
  },
  {
    "name": "Kesova Gora",
    "country": "RU",
    "lat": 57.58396,
    "lng": 37.2962
  },
  {
    "name": "Kerva",
    "country": "RU",
    "lat": 55.61167,
    "lng": 39.57665
  },
  {
    "name": "Kerchevskiy",
    "country": "RU",
    "lat": 59.9456,
    "lng": 56.2959
  },
  {
    "name": "Kenzhe",
    "country": "RU",
    "lat": 43.49857,
    "lng": 43.55413
  },
  {
    "name": "Kemlya",
    "country": "RU",
    "lat": 54.693,
    "lng": 45.259
  },
  {
    "name": "Kem’",
    "country": "RU",
    "lat": 64.95695,
    "lng": 34.59176
  },
  {
    "name": "Ketovo",
    "country": "RU",
    "lat": 55.34831,
    "lng": 65.33142
  },
  {
    "name": "Kemerovo",
    "country": "RU",
    "lat": 55.35417,
    "lng": 86.10435
  },
  {
    "name": "Kedrovoye",
    "country": "RU",
    "lat": 57.1576,
    "lng": 60.5698
  },
  {
    "name": "Kedrovka",
    "country": "RU",
    "lat": 55.52138,
    "lng": 86.09508
  },
  {
    "name": "Kedrovyy",
    "country": "RU",
    "lat": 56.28232,
    "lng": 91.5376
  },
  {
    "name": "Kedrovyy",
    "country": "RU",
    "lat": 57.5623,
    "lng": 79.56865
  },
  {
    "name": "Kedrovyy",
    "country": "RU",
    "lat": 56.23573,
    "lng": 92.32952
  },
  {
    "name": "Kent Ridge",
    "country": "SG",
    "lat": 1.29306,
    "lng": 103.78444
  },
  {
    "name": "Keat Hong Village",
    "country": "SG",
    "lat": 1.37778,
    "lng": 103.74417
  },
  {
    "name": "Kembangan",
    "country": "SG",
    "lat": 1.32228,
    "lng": 103.91135
  },
  {
    "name": "Kežmarok",
    "country": "SK",
    "lat": 49.13571,
    "lng": 20.43352
  },
  {
    "name": "Kenema",
    "country": "SL",
    "lat": 7.87687,
    "lng": -11.19025
  },
  {
    "name": "Kent",
    "country": "SL",
    "lat": 8.33333,
    "lng": -13.06667
  },
  {
    "name": "Keur Madiabel",
    "country": "SN",
    "lat": 13.85,
    "lng": -16.06667
  },
  {
    "name": "Kelo",
    "country": "TD",
    "lat": 9.30859,
    "lng": 15.80658
  },
  {
    "name": "Kerki",
    "country": "TM",
    "lat": 37.83573,
    "lng": 65.21058
  },
  {
    "name": "Kebili",
    "country": "TN",
    "lat": 33.70439,
    "lng": 8.96903
  },
  {
    "name": "Kesra",
    "country": "TN",
    "lat": 35.81363,
    "lng": 9.36434
  },
  {
    "name": "Kelaa Kebira",
    "country": "TN",
    "lat": 35.87278,
    "lng": 10.53722
  },
  {
    "name": "Kellabine",
    "country": "TN",
    "lat": 34.70882,
    "lng": 11.2147
  },
  {
    "name": "Kerker",
    "country": "TN",
    "lat": 35.4816,
    "lng": 10.64215
  },
  {
    "name": "Keskin",
    "country": "TR",
    "lat": 39.67306,
    "lng": 33.61361
  },
  {
    "name": "Kepsut",
    "country": "TR",
    "lat": 39.68889,
    "lng": 28.15222
  },
  {
    "name": "Kemerkaya",
    "country": "TR",
    "lat": 38.88944,
    "lng": 31.06639
  },
  {
    "name": "Kemerhisar",
    "country": "TR",
    "lat": 37.82388,
    "lng": 34.57145
  },
  {
    "name": "Kemerağzı",
    "country": "TR",
    "lat": 37.10647,
    "lng": 30.39864
  },
  {
    "name": "Kemer",
    "country": "TR",
    "lat": 37.35222,
    "lng": 30.06306
  },
  {
    "name": "Kemer",
    "country": "TR",
    "lat": 36.6481,
    "lng": 29.3591
  },
  {
    "name": "Kemer",
    "country": "TR",
    "lat": 36.59778,
    "lng": 30.56056
  },
  {
    "name": "Kemalpaşa",
    "country": "TR",
    "lat": 38.42621,
    "lng": 27.41731
  },
  {
    "name": "Kemaliye",
    "country": "TR",
    "lat": 39.26288,
    "lng": 38.49674
  },
  {
    "name": "Kemah",
    "country": "TR",
    "lat": 39.59606,
    "lng": 39.02329
  },
  {
    "name": "Kelleci",
    "country": "TR",
    "lat": 37.80559,
    "lng": 28.90274
  },
  {
    "name": "Keles",
    "country": "TR",
    "lat": 39.91361,
    "lng": 29.22944
  },
  {
    "name": "Kelekçi",
    "country": "TR",
    "lat": 37.24073,
    "lng": 29.30425
  },
  {
    "name": "Keçiborlu",
    "country": "TR",
    "lat": 37.9425,
    "lng": 30.30222
  },
  {
    "name": "Keban",
    "country": "TR",
    "lat": 38.7938,
    "lng": 38.73517
  },
  {
    "name": "Kestel",
    "country": "TR",
    "lat": 36.50861,
    "lng": 32.08278
  },
  {
    "name": "Kestel",
    "country": "TR",
    "lat": 40.19828,
    "lng": 29.21237
  },
  {
    "name": "Keşap",
    "country": "TR",
    "lat": 40.91032,
    "lng": 38.5013
  },
  {
    "name": "Keşan",
    "country": "TR",
    "lat": 40.85525,
    "lng": 26.63266
  },
  {
    "name": "Kerimler",
    "country": "TR",
    "lat": 41.37834,
    "lng": 32.16832
  },
  {
    "name": "Kemerburgaz",
    "country": "TR",
    "lat": 41.15902,
    "lng": 28.91572
  },
  {
    "name": "Kemalpaşa",
    "country": "TR",
    "lat": 41.48336,
    "lng": 41.5275
  },
  {
    "name": "Kelkit",
    "country": "TR",
    "lat": 40.12682,
    "lng": 39.43424
  },
  {
    "name": "Kefken",
    "country": "TR",
    "lat": 41.16966,
    "lng": 30.22714
  },
  {
    "name": "Kepez",
    "country": "TR",
    "lat": 36.91579,
    "lng": 30.70782
  },
  {
    "name": "Keelung",
    "country": "TW",
    "lat": 25.13089,
    "lng": 121.74094
  },
  {
    "name": "Kerstentsi",
    "country": "UA",
    "lat": 48.3746,
    "lng": 26.34696
  },
  {
    "name": "Keretsky",
    "country": "UA",
    "lat": 48.47884,
    "lng": 23.22104
  },
  {
    "name": "Kerch",
    "country": "UA",
    "lat": 45.35675,
    "lng": 36.47542
  },
  {
    "name": "Kelmentsi",
    "country": "UA",
    "lat": 48.4664,
    "lng": 26.83277
  },
  {
    "name": "Kehychivka",
    "country": "UA",
    "lat": 49.28656,
    "lng": 35.76153
  },
  {
    "name": "Kebisoni",
    "country": "UG",
    "lat": -0.92111,
    "lng": 30.03667
  },
  {
    "name": "Kensett",
    "country": "US",
    "lat": 35.23175,
    "lng": -91.66764
  },
  {
    "name": "Kenilworth",
    "country": "US",
    "lat": 38.90595,
    "lng": -76.94025
  },
  {
    "name": "Kent Acres",
    "country": "US",
    "lat": 39.13178,
    "lng": -75.52492
  },
  {
    "name": "Kendale Lakes",
    "country": "US",
    "lat": 25.70816,
    "lng": -80.407
  },
  {
    "name": "Kendall",
    "country": "US",
    "lat": 25.67927,
    "lng": -80.31727
  },
  {
    "name": "Kendall Green",
    "country": "US",
    "lat": 26.25397,
    "lng": -80.12393
  },
  {
    "name": "Kenneth City",
    "country": "US",
    "lat": 27.81558,
    "lng": -82.7201
  },
  {
    "name": "Kensington Park",
    "country": "US",
    "lat": 27.35949,
    "lng": -82.49649
  },
  {
    "name": "Key Biscayne",
    "country": "US",
    "lat": 25.69371,
    "lng": -80.16282
  },
  {
    "name": "Key Largo",
    "country": "US",
    "lat": 25.08652,
    "lng": -80.44728
  },
  {
    "name": "Key West",
    "country": "US",
    "lat": 24.55524,
    "lng": -81.78163
  },
  {
    "name": "Keystone",
    "country": "US",
    "lat": 28.15585,
    "lng": -82.62121
  },
  {
    "name": "Keystone Heights",
    "country": "US",
    "lat": 29.78608,
    "lng": -82.03149
  },
  {
    "name": "Kennesaw",
    "country": "US",
    "lat": 34.02343,
    "lng": -84.61549
  },
  {
    "name": "Kechi",
    "country": "US",
    "lat": 37.79585,
    "lng": -97.27949
  },
  {
    "name": "Kenner",
    "country": "US",
    "lat": 29.99409,
    "lng": -90.24174
  },
  {
    "name": "Kentwood",
    "country": "US",
    "lat": 30.93824,
    "lng": -90.50898
  },
  {
    "name": "Keedysville",
    "country": "US",
    "lat": 39.48621,
    "lng": -77.69971
  },
  {
    "name": "Kemp Mill",
    "country": "US",
    "lat": 39.039,
    "lng": -77.01914
  },
  {
    "name": "Kenilworth Park",
    "country": "US",
    "lat": 39.35427,
    "lng": -76.59802
  },
  {
    "name": "Kensington",
    "country": "US",
    "lat": 39.02567,
    "lng": -77.07637
  },
  {
    "name": "Kettering",
    "country": "US",
    "lat": 38.88456,
    "lng": -76.81469
  },
  {
    "name": "Kearney",
    "country": "US",
    "lat": 39.36778,
    "lng": -94.36217
  },
  {
    "name": "Kennett",
    "country": "US",
    "lat": 36.23618,
    "lng": -90.05565
  },
  {
    "name": "Keytesville",
    "country": "US",
    "lat": 39.43447,
    "lng": -92.93825
  },
  {
    "name": "Kearney Park",
    "country": "US",
    "lat": 32.58903,
    "lng": -90.31537
  },
  {
    "name": "Kenansville",
    "country": "US",
    "lat": 34.96239,
    "lng": -77.96221
  },
  {
    "name": "Kenly",
    "country": "US",
    "lat": 35.59627,
    "lng": -78.12416
  },
  {
    "name": "Kernersville",
    "country": "US",
    "lat": 36.11986,
    "lng": -80.07365
  },
  {
    "name": "Kenwood",
    "country": "US",
    "lat": 39.21061,
    "lng": -84.36716
  },
  {
    "name": "Kettering",
    "country": "US",
    "lat": 39.6895,
    "lng": -84.16883
  },
  {
    "name": "Kellyville",
    "country": "US",
    "lat": 35.9437,
    "lng": -96.21361
  },
  {
    "name": "Kenwood",
    "country": "US",
    "lat": 36.31453,
    "lng": -94.98579
  },
  {
    "name": "Kennett Square",
    "country": "US",
    "lat": 39.84678,
    "lng": -75.7116
  },
  {
    "name": "Kensington",
    "country": "US",
    "lat": 39.98595,
    "lng": -75.13184
  },
  {
    "name": "Kershaw",
    "country": "US",
    "lat": 34.55182,
    "lng": -80.58368
  },
  {
    "name": "Kenton",
    "country": "US",
    "lat": 36.20229,
    "lng": -89.01229
  },
  {
    "name": "Keene",
    "country": "US",
    "lat": 32.39681,
    "lng": -97.3239
  },
  {
    "name": "Keller",
    "country": "US",
    "lat": 32.93457,
    "lng": -97.25168
  },
  {
    "name": "Kemah",
    "country": "US",
    "lat": 29.54273,
    "lng": -95.02048
  },
  {
    "name": "Kemp",
    "country": "US",
    "lat": 32.44264,
    "lng": -96.22998
  },
  {
    "name": "Kenedy",
    "country": "US",
    "lat": 28.81915,
    "lng": -97.84861
  },
  {
    "name": "Kennedale",
    "country": "US",
    "lat": 32.6468,
    "lng": -97.22585
  },
  {
    "name": "Kempner",
    "country": "US",
    "lat": 31.08101,
    "lng": -98.00252
  },
  {
    "name": "Kerens",
    "country": "US",
    "lat": 32.13321,
    "lng": -96.22775
  },
  {
    "name": "Kerrville",
    "country": "US",
    "lat": 30.04743,
    "lng": -99.14032
  },
  {
    "name": "Kenbridge",
    "country": "US",
    "lat": 36.96209,
    "lng": -78.125
  },
  {
    "name": "Kenova",
    "country": "US",
    "lat": 38.39897,
    "lng": -82.57821
  },
  {
    "name": "Keyser",
    "country": "US",
    "lat": 39.44093,
    "lng": -78.97392
  },
  {
    "name": "Kensington",
    "country": "US",
    "lat": 41.63538,
    "lng": -72.76871
  },
  {
    "name": "Kent",
    "country": "US",
    "lat": 41.72482,
    "lng": -73.47707
  },
  {
    "name": "Keokuk",
    "country": "US",
    "lat": 40.39727,
    "lng": -91.38487
  },
  {
    "name": "Keosauqua",
    "country": "US",
    "lat": 40.73031,
    "lng": -91.96239
  },
  {
    "name": "Kenilworth",
    "country": "US",
    "lat": 42.08586,
    "lng": -87.71756
  },
  {
    "name": "Kenwood",
    "country": "US",
    "lat": 41.8092,
    "lng": -87.59755
  },
  {
    "name": "Kewanee",
    "country": "US",
    "lat": 41.24559,
    "lng": -89.92483
  },
  {
    "name": "Kendallville",
    "country": "US",
    "lat": 41.44144,
    "lng": -85.26498
  },
  {
    "name": "Kentland",
    "country": "US",
    "lat": 40.77032,
    "lng": -87.4453
  },
  {
    "name": "Kenduskeag",
    "country": "US",
    "lat": 44.91951,
    "lng": -68.9317
  },
  {
    "name": "Kennebunk",
    "country": "US",
    "lat": 43.38397,
    "lng": -70.54478
  },
  {
    "name": "Kennebunkport",
    "country": "US",
    "lat": 43.36175,
    "lng": -70.47672
  },
  {
    "name": "Keego Harbor",
    "country": "US",
    "lat": 42.60809,
    "lng": -83.34382
  },
  {
    "name": "Kent City",
    "country": "US",
    "lat": 43.22002,
    "lng": -85.75115
  },
  {
    "name": "Kentwood",
    "country": "US",
    "lat": 42.86947,
    "lng": -85.64475
  },
  {
    "name": "Keewatin",
    "country": "US",
    "lat": 47.39966,
    "lng": -93.07242
  },
  {
    "name": "Kenyon",
    "country": "US",
    "lat": 44.27219,
    "lng": -92.98548
  },
  {
    "name": "Kearney",
    "country": "US",
    "lat": 40.69946,
    "lng": -99.08148
  },
  {
    "name": "Keene",
    "country": "US",
    "lat": 42.93369,
    "lng": -72.27814
  },
  {
    "name": "Kensington",
    "country": "US",
    "lat": 42.92703,
    "lng": -70.94394
  },
  {
    "name": "Keansburg",
    "country": "US",
    "lat": 40.44177,
    "lng": -74.12986
  },
  {
    "name": "Kearny",
    "country": "US",
    "lat": 40.76843,
    "lng": -74.14542
  },
  {
    "name": "Kendall Park",
    "country": "US",
    "lat": 40.42094,
    "lng": -74.56071
  },
  {
    "name": "Kenvil",
    "country": "US",
    "lat": 40.87982,
    "lng": -74.61849
  },
  {
    "name": "Kenilworth",
    "country": "US",
    "lat": 40.67649,
    "lng": -74.2907
  },
  {
    "name": "Keyport",
    "country": "US",
    "lat": 40.43316,
    "lng": -74.19959
  },
  {
    "name": "Keeseville",
    "country": "US",
    "lat": 44.50505,
    "lng": -73.48013
  },
  {
    "name": "Kenmore",
    "country": "US",
    "lat": 42.96589,
    "lng": -78.87004
  },
  {
    "name": "Kensington",
    "country": "US",
    "lat": 40.64621,
    "lng": -73.97069
  },
  {
    "name": "Kensington",
    "country": "US",
    "lat": 40.79343,
    "lng": -73.72208
  },
  {
    "name": "Kerhonkson",
    "country": "US",
    "lat": 41.77482,
    "lng": -74.29821
  },
  {
    "name": "Kew Gardens",
    "country": "US",
    "lat": 40.71427,
    "lng": -73.83097
  },
  {
    "name": "Keuka Park",
    "country": "US",
    "lat": 42.61535,
    "lng": -77.09219
  },
  {
    "name": "Kent",
    "country": "US",
    "lat": 41.15367,
    "lng": -81.35789
  },
  {
    "name": "Kenton",
    "country": "US",
    "lat": 40.647,
    "lng": -83.60965
  },
  {
    "name": "Kenhorst",
    "country": "US",
    "lat": 40.31065,
    "lng": -75.93938
  },
  {
    "name": "Kenilworth",
    "country": "US",
    "lat": 40.23149,
    "lng": -75.63408
  },
  {
    "name": "Kenmar",
    "country": "US",
    "lat": 41.25341,
    "lng": -76.95941
  },
  {
    "name": "Kennebec",
    "country": "US",
    "lat": 43.9036,
    "lng": -99.86178
  },
  {
    "name": "Kenosha",
    "country": "US",
    "lat": 42.58474,
    "lng": -87.82119
  },
  {
    "name": "Keshena",
    "country": "US",
    "lat": 44.88387,
    "lng": -88.63372
  },
  {
    "name": "Kewaskum",
    "country": "US",
    "lat": 43.52083,
    "lng": -88.22899
  },
  {
    "name": "Kewaunee",
    "country": "US",
    "lat": 44.45833,
    "lng": -87.50314
  },
  {
    "name": "Kearny",
    "country": "US",
    "lat": 33.05701,
    "lng": -110.91067
  },
  {
    "name": "Kelseyville",
    "country": "US",
    "lat": 38.97795,
    "lng": -122.83944
  },
  {
    "name": "Kennedy",
    "country": "US",
    "lat": 37.92992,
    "lng": -121.25272
  },
  {
    "name": "Kensington",
    "country": "US",
    "lat": 37.91048,
    "lng": -122.28025
  },
  {
    "name": "Kentfield",
    "country": "US",
    "lat": 37.95215,
    "lng": -122.5572
  },
  {
    "name": "Kenwood",
    "country": "US",
    "lat": 38.4138,
    "lng": -122.54609
  },
  {
    "name": "Kerman",
    "country": "US",
    "lat": 36.72356,
    "lng": -120.05988
  },
  {
    "name": "Kernville",
    "country": "US",
    "lat": 35.75467,
    "lng": -118.42536
  },
  {
    "name": "Kettleman City",
    "country": "US",
    "lat": 36.00829,
    "lng": -119.9618
  },
  {
    "name": "Keyes",
    "country": "US",
    "lat": 37.5566,
    "lng": -120.91549
  },
  {
    "name": "Ken Caryl",
    "country": "US",
    "lat": 39.57582,
    "lng": -105.11221
  },
  {
    "name": "Keystone",
    "country": "US",
    "lat": 39.59943,
    "lng": -105.98724
  },
  {
    "name": "Kermit",
    "country": "US",
    "lat": 31.85763,
    "lng": -103.09267
  },
  {
    "name": "Ketchikan",
    "country": "US",
    "lat": 55.3418,
    "lng": -131.64757
  },
  {
    "name": "Keenesburg",
    "country": "US",
    "lat": 40.10832,
    "lng": -104.51996
  },
  {
    "name": "Kersey",
    "country": "US",
    "lat": 40.38748,
    "lng": -104.56163
  },
  {
    "name": "Kellogg",
    "country": "US",
    "lat": 47.53826,
    "lng": -116.11933
  },
  {
    "name": "Ketchum",
    "country": "US",
    "lat": 43.68074,
    "lng": -114.36366
  },
  {
    "name": "Kenmare",
    "country": "US",
    "lat": 48.67475,
    "lng": -102.08266
  },
  {
    "name": "Keizer",
    "country": "US",
    "lat": 44.99012,
    "lng": -123.02621
  },
  {
    "name": "Kenton",
    "country": "US",
    "lat": 45.58178,
    "lng": -122.68149
  },
  {
    "name": "Kearns",
    "country": "US",
    "lat": 40.65995,
    "lng": -111.99633
  },
  {
    "name": "Kelso",
    "country": "US",
    "lat": 46.14678,
    "lng": -122.90844
  },
  {
    "name": "Kenmore",
    "country": "US",
    "lat": 47.75732,
    "lng": -122.24401
  },
  {
    "name": "Kennewick",
    "country": "US",
    "lat": 46.21125,
    "lng": -119.13723
  },
  {
    "name": "Kent",
    "country": "US",
    "lat": 47.38093,
    "lng": -122.23484
  },
  {
    "name": "Kettle Falls",
    "country": "US",
    "lat": 48.61074,
    "lng": -118.05582
  },
  {
    "name": "Key Center",
    "country": "US",
    "lat": 47.34065,
    "lng": -122.74541
  },
  {
    "name": "Kemmerer",
    "country": "US",
    "lat": 41.79245,
    "lng": -110.53767
  },
  {
    "name": "Kea‘au",
    "country": "US",
    "lat": 19.62265,
    "lng": -155.03744
  },
  {
    "name": "Kealakekua",
    "country": "US",
    "lat": 19.52083,
    "lng": -155.9225
  },
  {
    "name": "Kekaha",
    "country": "US",
    "lat": 21.96686,
    "lng": -159.71186
  },
  {
    "name": "Keolu Hills",
    "country": "US",
    "lat": 21.3764,
    "lng": -157.72501
  },
  {
    "name": "Kenai",
    "country": "US",
    "lat": 60.55444,
    "lng": -151.25833
  },
  {
    "name": "Kew Gardens Hills",
    "country": "US",
    "lat": 40.73002,
    "lng": -73.8234
  },
  {
    "name": "Kendall West",
    "country": "US",
    "lat": 25.7065,
    "lng": -80.4388
  },
  {
    "name": "Key Vista",
    "country": "US",
    "lat": 28.1947,
    "lng": -82.77038
  },
  {
    "name": "Keeler Farm",
    "country": "US",
    "lat": 32.31607,
    "lng": -107.76023
  },
  {
    "name": "Kendall Square",
    "country": "US",
    "lat": 42.365,
    "lng": -71.08554
  },
  {
    "name": "Kekaha-Waimea",
    "country": "US",
    "lat": 21.97184,
    "lng": -159.69266
  },
  {
    "name": "Kenosha Streetcar",
    "country": "US",
    "lat": 42.5869,
    "lng": -87.81021
  },
  {
    "name": "Kennedy Street",
    "country": "US",
    "lat": 38.9563,
    "lng": -77.01799
  },
  {
    "name": "Kegeyli Shahar",
    "country": "UZ",
    "lat": 42.77667,
    "lng": 59.60778
  },
  {
    "name": "Kestell",
    "country": "ZA",
    "lat": -28.31094,
    "lng": 28.7036
  },
  {
    "name": "Kenton",
    "country": "ZA",
    "lat": -33.66667,
    "lng": 26.65
  },
  {
    "name": "Kenhardt",
    "country": "ZA",
    "lat": -29.34574,
    "lng": 21.15786
  },
  {
    "name": "Keiskammahoek",
    "country": "ZA",
    "lat": -32.68248,
    "lng": 27.15027
  },
  {
    "name": "Kei Road",
    "country": "ZA",
    "lat": -32.70548,
    "lng": 27.54697
  },
  {
    "name": "Kei Mouth",
    "country": "ZA",
    "lat": -32.68197,
    "lng": 28.37632
  }
]