[
  {
    "name": "Nubarashen",
    "country": "AM",
    "lat": 40.09075,
    "lng": 44.5519
  },
  {
    "name": "Nueve de Julio",
    "country": "AR",
    "lat": -28.84081,
    "lng": -58.83019
  },
  {
    "name": "Nuestra Señora del Rosario de Caá Catí",
    "country": "AR",
    "lat": -27.75215,
    "lng": -57.622
  },
  {
    "name": "Nueve de Julio",
    "country": "AR",
    "lat": -35.44394,
    "lng": -60.88463
  },
  {
    "name": "Nueve de Julio",
    "country": "AR",
    "lat": -31.6692,
    "lng": -68.39013
  },
  {
    "name": "Nueva Esperanza",
    "country": "AR",
    "lat": -26.19907,
    "lng": -64.23792
  },
  {
    "name": "Nu‘uuli",
    "country": "AS",
    "lat": -14.31583,
    "lng": -170.6975
  },
  {
    "name": "Nußdorf am Haunsberg",
    "country": "AT",
    "lat": 47.95944,
    "lng": 13.00917
  },
  {
    "name": "Nuriootpa",
    "country": "AU",
    "lat": -34.46825,
    "lng": 138.99767
  },
  {
    "name": "Nullagine",
    "country": "AU",
    "lat": -21.88972,
    "lng": 120.1114
  },
  {
    "name": "Nunawading",
    "country": "AU",
    "lat": -37.82043,
    "lng": 145.17308
  },
  {
    "name": "Numurkah",
    "country": "AU",
    "lat": -36.08846,
    "lng": 145.44215
  },
  {
    "name": "Nundah",
    "country": "AU",
    "lat": -27.40252,
    "lng": 153.06165
  },
  {
    "name": "Nudgee",
    "country": "AU",
    "lat": -27.3691,
    "lng": 153.0847
  },
  {
    "name": "Nulsen",
    "country": "AU",
    "lat": -33.85696,
    "lng": 121.87499
  },
  {
    "name": "Nukerke",
    "country": "BE",
    "lat": 50.79564,
    "lng": 3.59492
  },
  {
    "name": "Nueva Manoa",
    "country": "BO",
    "lat": -9.71828,
    "lng": -65.39544
  },
  {
    "name": "Nuporanga",
    "country": "BR",
    "lat": -20.73095,
    "lng": -47.75177
  },
  {
    "name": "Nunningen",
    "country": "CH",
    "lat": 47.3941,
    "lng": 7.61951
  },
  {
    "name": "Nuanangonfla",
    "country": "CI",
    "lat": 7.12419,
    "lng": -6.31384
  },
  {
    "name": "Nueva Imperial",
    "country": "CL",
    "lat": -38.74451,
    "lng": -72.95025
  },
  {
    "name": "Nuojiang",
    "country": "CN",
    "lat": 31.91562,
    "lng": 107.24273
  },
  {
    "name": "Nuanquan",
    "country": "CN",
    "lat": 38.81713,
    "lng": 106.19097
  },
  {
    "name": "Nu'erbage",
    "country": "CN",
    "lat": 37.11226,
    "lng": 79.92078
  },
  {
    "name": "Nuofu",
    "country": "CN",
    "lat": 22.22001,
    "lng": 99.69957
  },
  {
    "name": "Nuozhadu",
    "country": "CN",
    "lat": 22.57817,
    "lng": 100.26925
  },
  {
    "name": "Nuquí",
    "country": "CO",
    "lat": 5.7125,
    "lng": -77.27083
  },
  {
    "name": "Nunchía",
    "country": "CO",
    "lat": 5.63589,
    "lng": -72.19543
  },
  {
    "name": "Nuevo Colón",
    "country": "CO",
    "lat": 5.35368,
    "lng": -73.4566
  },
  {
    "name": "Nueva Granada",
    "country": "CO",
    "lat": 9.80168,
    "lng": -74.39304
  },
  {
    "name": "Nuevitas",
    "country": "CU",
    "lat": 21.54585,
    "lng": -77.26504
  },
  {
    "name": "Nueva Paz",
    "country": "CU",
    "lat": 22.76266,
    "lng": -81.75617
  },
  {
    "name": "Nueva Gerona",
    "country": "CU",
    "lat": 21.88759,
    "lng": -82.80662
  },
  {
    "name": "Nusle",
    "country": "CZ",
    "lat": 50.06458,
    "lng": 14.4399
  },
  {
    "name": "Nußloch",
    "country": "DE",
    "lat": 49.32389,
    "lng": 8.69556
  },
  {
    "name": "Nusse",
    "country": "DE",
    "lat": 53.65654,
    "lng": 10.58391
  },
  {
    "name": "Nußdorf am Inn",
    "country": "DE",
    "lat": 47.74232,
    "lng": 12.15611
  },
  {
    "name": "Nußdorf",
    "country": "DE",
    "lat": 47.90564,
    "lng": 12.59608
  },
  {
    "name": "Nufringen",
    "country": "DE",
    "lat": 48.62253,
    "lng": 8.89009
  },
  {
    "name": "Nudersdorf",
    "country": "DE",
    "lat": 51.93025,
    "lng": 12.59554
  },
  {
    "name": "Nulti",
    "country": "EC",
    "lat": -2.91667,
    "lng": -78.85
  },
  {
    "name": "Nueva Tarqui",
    "country": "EC",
    "lat": -3.45864,
    "lng": -78.66442
  },
  {
    "name": "Nueva Loja",
    "country": "EC",
    "lat": 0.086,
    "lng": -76.89528
  },
  {
    "name": "Nuwaybi‘a",
    "country": "EG",
    "lat": 29.04681,
    "lng": 34.6634
  },
  {
    "name": "Nules",
    "country": "ES",
    "lat": 39.85362,
    "lng": -0.15643
  },
  {
    "name": "Nueva-Carteya",
    "country": "ES",
    "lat": 37.5863,
    "lng": -4.46759
  },
  {
    "name": "Nuñomoral",
    "country": "ES",
    "lat": 40.40692,
    "lng": -6.24636
  },
  {
    "name": "Nuño Gómez",
    "country": "ES",
    "lat": 40.11383,
    "lng": -4.61978
  },
  {
    "name": "Numancia de la Sagra",
    "country": "ES",
    "lat": 40.07395,
    "lng": -3.85118
  },
  {
    "name": "Nuez de Ebro",
    "country": "ES",
    "lat": 41.58957,
    "lng": -0.66774
  },
  {
    "name": "Nuevo Baztán",
    "country": "ES",
    "lat": 40.36731,
    "lng": -3.24125
  },
  {
    "name": "Nueva Villa de las Torres",
    "country": "ES",
    "lat": 41.26762,
    "lng": -5.05685
  },
  {
    "name": "Nuévalos",
    "country": "ES",
    "lat": 41.21185,
    "lng": -1.78954
  },
  {
    "name": "Nueno",
    "country": "ES",
    "lat": 42.26697,
    "lng": -0.43906
  },
  {
    "name": "Nueva España",
    "country": "ES",
    "lat": 40.46276,
    "lng": -3.67813
  },
  {
    "name": "Numancia",
    "country": "ES",
    "lat": 40.3995,
    "lng": -3.65853
  },
  {
    "name": "Nurmijärvi",
    "country": "FI",
    "lat": 60.46407,
    "lng": 24.8073
  },
  {
    "name": "Nurmes",
    "country": "FI",
    "lat": 63.54205,
    "lng": 29.13965
  },
  {
    "name": "Nuijamaa",
    "country": "FI",
    "lat": 60.96011,
    "lng": 28.55104
  },
  {
    "name": "Nurmijärven kirkonkylä",
    "country": "FI",
    "lat": 60.4596,
    "lng": 24.80629
  },
  {
    "name": "Nukuoro",
    "country": "FM",
    "lat": 3.83619,
    "lng": 154.97143
  },
  {
    "name": "Nuits-Saint-Georges",
    "country": "FR",
    "lat": 47.13683,
    "lng": 4.949
  },
  {
    "name": "Nuillé-sur-Vicoin",
    "country": "FR",
    "lat": 47.9853,
    "lng": -0.7835
  },
  {
    "name": "Nueil-sur-Layon",
    "country": "FR",
    "lat": 47.11811,
    "lng": -0.36573
  },
  {
    "name": "Nueil-les-Aubiers",
    "country": "FR",
    "lat": 46.93333,
    "lng": -0.58333
  },
  {
    "name": "Nuaillé",
    "country": "FR",
    "lat": 47.09496,
    "lng": -0.79596
  },
  {
    "name": "Nutfield",
    "country": "GB",
    "lat": 51.24505,
    "lng": -0.14299
  },
  {
    "name": "Nunthorpe",
    "country": "GB",
    "lat": 54.5288,
    "lng": -1.18438
  },
  {
    "name": "Nuneaton",
    "country": "GB",
    "lat": 52.52323,
    "lng": -1.46523
  },
  {
    "name": "Nungua",
    "country": "GH",
    "lat": 5.60105,
    "lng": -0.07713
  },
  {
    "name": "Nuuk",
    "country": "GL",
    "lat": 64.18347,
    "lng": -51.72157
  },
  {
    "name": "Nuevo San Carlos",
    "country": "GT",
    "lat": 14.593,
    "lng": -91.6939
  },
  {
    "name": "Nuevo Progreso",
    "country": "GT",
    "lat": 14.79174,
    "lng": -91.91946
  },
  {
    "name": "Nueva Santa Rosa",
    "country": "GT",
    "lat": 14.38111,
    "lng": -90.27611
  },
  {
    "name": "Nueva Concepción",
    "country": "GT",
    "lat": 14.2,
    "lng": -91.3
  },
  {
    "name": "Nuevo León",
    "country": "GT",
    "lat": 15.79369,
    "lng": -91.09237
  },
  {
    "name": "Nuevo Chamelecón",
    "country": "HN",
    "lat": 15.38333,
    "lng": -88.01667
  },
  {
    "name": "Nueva Ocotepeque",
    "country": "HN",
    "lat": 14.43382,
    "lng": -89.18281
  },
  {
    "name": "Nueva Jalapa",
    "country": "HN",
    "lat": 14.91667,
    "lng": -88.33333
  },
  {
    "name": "Nueva Esperanza",
    "country": "HN",
    "lat": 15.26667,
    "lng": -87.6
  },
  {
    "name": "Nueva Armenia",
    "country": "HN",
    "lat": 15.79556,
    "lng": -86.49845
  },
  {
    "name": "Nuštar",
    "country": "HR",
    "lat": 45.3325,
    "lng": 18.84139
  },
  {
    "name": "Nunukan",
    "country": "ID",
    "lat": 4.13841,
    "lng": 117.6507
  },
  {
    "name": "Nusa Dua",
    "country": "ID",
    "lat": -8.80047,
    "lng": 115.23341
  },
  {
    "name": "Nuvem",
    "country": "IN",
    "lat": 15.31738,
    "lng": 73.93873
  },
  {
    "name": "Numāligarh",
    "country": "IN",
    "lat": 26.62249,
    "lng": 93.72225
  },
  {
    "name": "Nurpur",
    "country": "IN",
    "lat": 25.42405,
    "lng": 86.04353
  },
  {
    "name": "Numaligarh Refinery Township",
    "country": "IN",
    "lat": 26.58852,
    "lng": 93.74426
  },
  {
    "name": "Nuapatna",
    "country": "IN",
    "lat": 20.44623,
    "lng": 85.46905
  },
  {
    "name": "Nuovo Centro Urbano Poggioreale",
    "country": "IT",
    "lat": 37.76404,
    "lng": 13.03594
  },
  {
    "name": "Nuxis",
    "country": "IT",
    "lat": 39.15456,
    "lng": 8.73953
  },
  {
    "name": "Nurri",
    "country": "IT",
    "lat": 39.71122,
    "lng": 9.2299
  },
  {
    "name": "Nureci",
    "country": "IT",
    "lat": 39.82329,
    "lng": 8.97484
  },
  {
    "name": "Nuraxinieddu",
    "country": "IT",
    "lat": 39.93843,
    "lng": 8.5991
  },
  {
    "name": "Nuraminis",
    "country": "IT",
    "lat": 39.44258,
    "lng": 9.01395
  },
  {
    "name": "Nurallao",
    "country": "IT",
    "lat": 39.78908,
    "lng": 9.07802
  },
  {
    "name": "Nuragus",
    "country": "IT",
    "lat": 39.77771,
    "lng": 9.03724
  },
  {
    "name": "Nurachi",
    "country": "IT",
    "lat": 39.97451,
    "lng": 8.53965
  },
  {
    "name": "Nunziata",
    "country": "IT",
    "lat": 37.75858,
    "lng": 15.17058
  },
  {
    "name": "Nuova Gibellina",
    "country": "IT",
    "lat": 37.80704,
    "lng": 12.86954
  },
  {
    "name": "Nuvolento",
    "country": "IT",
    "lat": 45.54599,
    "lng": 10.38809
  },
  {
    "name": "Nusco",
    "country": "IT",
    "lat": 40.8882,
    "lng": 15.09185
  },
  {
    "name": "Nuoro",
    "country": "IT",
    "lat": 40.31991,
    "lng": 9.32568
  },
  {
    "name": "Numana",
    "country": "IT",
    "lat": 43.51136,
    "lng": 13.62118
  },
  {
    "name": "Nulvi",
    "country": "IT",
    "lat": 40.78447,
    "lng": 8.74358
  },
  {
    "name": "Nule",
    "country": "IT",
    "lat": 40.46266,
    "lng": 9.19076
  },
  {
    "name": "Nughedu Santa Vittoria",
    "country": "IT",
    "lat": 40.10135,
    "lng": 8.95247
  },
  {
    "name": "Nughedu San Nicolò",
    "country": "IT",
    "lat": 40.55736,
    "lng": 9.02142
  },
  {
    "name": "Nucetto",
    "country": "IT",
    "lat": 44.33963,
    "lng": 8.0596
  },
  {
    "name": "Nuova Conza della Campania",
    "country": "IT",
    "lat": 40.8586,
    "lng": 15.33645
  },
  {
    "name": "Nus",
    "country": "IT",
    "lat": 45.74026,
    "lng": 7.4666
  },
  {
    "name": "Nuvolera",
    "country": "IT",
    "lat": 45.53218,
    "lng": 10.36917
  },
  {
    "name": "Nucleo Industriale di Bazzano",
    "country": "IT",
    "lat": 42.33623,
    "lng": 13.46755
  },
  {
    "name": "Numazu",
    "country": "JP",
    "lat": 35.1,
    "lng": 138.86667
  },
  {
    "name": "Numata",
    "country": "JP",
    "lat": 36.63333,
    "lng": 139.05
  },
  {
    "name": "Numakunai",
    "country": "JP",
    "lat": 39.96667,
    "lng": 141.21667
  },
  {
    "name": "Numata",
    "country": "JP",
    "lat": 43.80306,
    "lng": 141.93889
  },
  {
    "name": "Nukui",
    "country": "JP",
    "lat": 35.74045,
    "lng": 139.63136
  },
  {
    "name": "Numabukuro",
    "country": "JP",
    "lat": 35.72174,
    "lng": 139.66625
  },
  {
    "name": "Nunguni",
    "country": "KE",
    "lat": -1.79324,
    "lng": 37.36276
  },
  {
    "name": "Nura",
    "country": "KZ",
    "lat": 50.26159,
    "lng": 71.54802
  },
  {
    "name": "Nuwara Eliya",
    "country": "LK",
    "lat": 6.97078,
    "lng": 80.78286
  },
  {
    "name": "Nuga",
    "country": "MN",
    "lat": 48.31667,
    "lng": 95.11667
  },
  {
    "name": "Nueva Apolonia",
    "country": "MX",
    "lat": 22.49756,
    "lng": -98.63121
  },
  {
    "name": "Nuevo Tantoán",
    "country": "MX",
    "lat": 22.42659,
    "lng": -98.57088
  },
  {
    "name": "Nueva Primavera",
    "country": "MX",
    "lat": 21.91342,
    "lng": -98.85785
  },
  {
    "name": "Nuevo Tampaón",
    "country": "MX",
    "lat": 22.06223,
    "lng": -98.56548
  },
  {
    "name": "Nunkiní",
    "country": "MX",
    "lat": 20.40046,
    "lng": -90.14803
  },
  {
    "name": "Nuevo San Juan Chamula",
    "country": "MX",
    "lat": 16.14426,
    "lng": -91.44379
  },
  {
    "name": "Nuevo Progreso",
    "country": "MX",
    "lat": 26.05378,
    "lng": -97.95149
  },
  {
    "name": "Nueva Villa de Padilla",
    "country": "MX",
    "lat": 24.0482,
    "lng": -98.90063
  },
  {
    "name": "Nuevo Pacayal",
    "country": "MX",
    "lat": 15.6601,
    "lng": -92.31538
  },
  {
    "name": "Nuevo Morelos",
    "country": "MX",
    "lat": 22.53551,
    "lng": -99.21784
  },
  {
    "name": "Nuevo Laredo",
    "country": "MX",
    "lat": 27.47629,
    "lng": -99.51639
  },
  {
    "name": "Nuevo Amatenango",
    "country": "MX",
    "lat": 15.50852,
    "lng": -92.10958
  },
  {
    "name": "Nueva Palestina",
    "country": "MX",
    "lat": 15.8061,
    "lng": -92.75067
  },
  {
    "name": "Nueva Libertad",
    "country": "MX",
    "lat": 15.75633,
    "lng": -92.20131
  },
  {
    "name": "Nueva Independencia",
    "country": "MX",
    "lat": 15.78259,
    "lng": -92.20883
  },
  {
    "name": "Nueva Independencia",
    "country": "MX",
    "lat": 15.67345,
    "lng": -92.57546
  },
  {
    "name": "Nueva Colombia",
    "country": "MX",
    "lat": 15.6967,
    "lng": -92.72111
  },
  {
    "name": "Nueva Ciudad Guerrero",
    "country": "MX",
    "lat": 26.56414,
    "lng": -99.22624
  },
  {
    "name": "Nueva América",
    "country": "MX",
    "lat": 15.92281,
    "lng": -92.30587
  },
  {
    "name": "Nueva Morelia",
    "country": "MX",
    "lat": 15.61784,
    "lng": -92.14517
  },
  {
    "name": "Nuevo Juan del Grijalva",
    "country": "MX",
    "lat": 17.42722,
    "lng": -93.37222
  },
  {
    "name": "Nuevo Crucitas",
    "country": "MX",
    "lat": 22.10833,
    "lng": -99.20444
  },
  {
    "name": "Nuevo Balsas",
    "country": "MX",
    "lat": 18.03253,
    "lng": -99.75913
  },
  {
    "name": "Nuevo Torno Largo",
    "country": "MX",
    "lat": 18.43196,
    "lng": -93.16415
  },
  {
    "name": "Nuevo Centro de Población Agrícola el Chacón",
    "country": "MX",
    "lat": 20.07028,
    "lng": -98.73944
  },
  {
    "name": "Nuevo Volcán Chichonal",
    "country": "MX",
    "lat": 17.77263,
    "lng": -93.10955
  },
  {
    "name": "Nuevo Nicapa",
    "country": "MX",
    "lat": 17.63464,
    "lng": -93.07238
  },
  {
    "name": "Nuevo Francisco León",
    "country": "MX",
    "lat": 17.03031,
    "lng": -91.32216
  },
  {
    "name": "Nuevo Limar",
    "country": "MX",
    "lat": 17.45514,
    "lng": -92.3989
  },
  {
    "name": "Nueva Esperanza",
    "country": "MX",
    "lat": 17.24746,
    "lng": -92.45524
  },
  {
    "name": "Nuevo Sitalá",
    "country": "MX",
    "lat": 17.13936,
    "lng": -92.48287
  },
  {
    "name": "Nuevo Xochimilco",
    "country": "MX",
    "lat": 17.45442,
    "lng": -93.36904
  },
  {
    "name": "Nuevo León",
    "country": "MX",
    "lat": 16.48629,
    "lng": -92.5714
  },
  {
    "name": "Nueva Libertad",
    "country": "MX",
    "lat": 16.09038,
    "lng": -92.80813
  },
  {
    "name": "Nuevo Vicente Guerrero",
    "country": "MX",
    "lat": 16.0386,
    "lng": -92.97542
  },
  {
    "name": "Nuevo México",
    "country": "MX",
    "lat": 16.46944,
    "lng": -93.43806
  },
  {
    "name": "Nueva Palestina",
    "country": "MX",
    "lat": 16.49278,
    "lng": -93.63361
  },
  {
    "name": "Nuevo México",
    "country": "MX",
    "lat": 19.45492,
    "lng": -97.61757
  },
  {
    "name": "Nuevo Progreso",
    "country": "MX",
    "lat": 18.62294,
    "lng": -92.29124
  },
  {
    "name": "Nuevo Progreso",
    "country": "MX",
    "lat": 20.6182,
    "lng": -97.50756
  },
  {
    "name": "Nuevo San José Independencia",
    "country": "MX",
    "lat": 18.38968,
    "lng": -96.06138
  },
  {
    "name": "Nuevo San Martín",
    "country": "MX",
    "lat": 17.57987,
    "lng": -95.52346
  },
  {
    "name": "Nuevo Ixcatlán",
    "country": "MX",
    "lat": 17.64145,
    "lng": -95.43807
  },
  {
    "name": "Nuevo Zirosto",
    "country": "MX",
    "lat": 19.54808,
    "lng": -102.34747
  },
  {
    "name": "Nuxco",
    "country": "MX",
    "lat": 17.20954,
    "lng": -100.75622
  },
  {
    "name": "Nurío",
    "country": "MX",
    "lat": 19.65656,
    "lng": -102.12957
  },
  {
    "name": "Numarán",
    "country": "MX",
    "lat": 20.2558,
    "lng": -101.94988
  },
  {
    "name": "Nuevo Urecho",
    "country": "MX",
    "lat": 19.16602,
    "lng": -101.86816
  },
  {
    "name": "Nuevo San Juan Parangaricutiro",
    "country": "MX",
    "lat": 19.41857,
    "lng": -102.13087
  },
  {
    "name": "Nuevo México",
    "country": "MX",
    "lat": 20.7565,
    "lng": -103.44297
  },
  {
    "name": "Nuevo León",
    "country": "MX",
    "lat": 25.71929,
    "lng": -103.29506
  },
  {
    "name": "Nuevo Ideal",
    "country": "MX",
    "lat": 24.88819,
    "lng": -105.07455
  },
  {
    "name": "Nuevo Casas Grandes",
    "country": "MX",
    "lat": 30.41552,
    "lng": -107.91166
  },
  {
    "name": "Nueva Rosita",
    "country": "MX",
    "lat": 27.93712,
    "lng": -101.21746
  },
  {
    "name": "Nueva Italia de Ruiz",
    "country": "MX",
    "lat": 19.02492,
    "lng": -102.09318
  },
  {
    "name": "Nuevo León",
    "country": "MX",
    "lat": 32.4095,
    "lng": -115.18896
  },
  {
    "name": "Nuevo Vallarta",
    "country": "MX",
    "lat": 20.70169,
    "lng": -105.29417
  },
  {
    "name": "Nueva Palestina",
    "country": "MX",
    "lat": 16.81722,
    "lng": -91.26
  },
  {
    "name": "Nueva Santa Rosa",
    "country": "MX",
    "lat": 19.59028,
    "lng": -98.96
  },
  {
    "name": "Nuevo San Miguel",
    "country": "MX",
    "lat": 25.96306,
    "lng": -109.05401
  },
  {
    "name": "Nuevo Paso Nazareno (Chichicazapa)",
    "country": "MX",
    "lat": 18.29667,
    "lng": -96.34722
  },
  {
    "name": "Nuevo Vicente Guerrero (El Chichonal)",
    "country": "MX",
    "lat": 16.48528,
    "lng": -92.87139
  },
  {
    "name": "Nuevo Milenio Valdivia",
    "country": "MX",
    "lat": 15.50306,
    "lng": -92.94861
  },
  {
    "name": "Nueva Tenochtitlán (Rizo de Oro)",
    "country": "MX",
    "lat": 16.47639,
    "lng": -94.08056
  },
  {
    "name": "Nueva División del Bayo (Guatemala)",
    "country": "MX",
    "lat": 17.84,
    "lng": -92.48889
  },
  {
    "name": "Nuevo Pumpuapa (Cereso)",
    "country": "MX",
    "lat": 14.92562,
    "lng": -92.36533
  },
  {
    "name": "Nuevo Michoacán (Estación Riíto)",
    "country": "MX",
    "lat": 32.16611,
    "lng": -114.96167
  },
  {
    "name": "Nuevo Guerrero",
    "country": "MX",
    "lat": 18.22583,
    "lng": -100.52583
  },
  {
    "name": "Nueva Libertad (El Colorado)",
    "country": "MX",
    "lat": 15.89861,
    "lng": -92.05917
  },
  {
    "name": "Nuevo Cereso Regional de Altamira",
    "country": "MX",
    "lat": 22.46056,
    "lng": -98.00833
  },
  {
    "name": "Nuevo Xcán",
    "country": "MX",
    "lat": 20.86917,
    "lng": -87.60306
  },
  {
    "name": "Nuevo Naranjo",
    "country": "MX",
    "lat": 17.15444,
    "lng": -93.43333
  },
  {
    "name": "Nueva Frontera",
    "country": "MX",
    "lat": 16.88806,
    "lng": -99.81583
  },
  {
    "name": "Nuevo Carmen Tonapac",
    "country": "MX",
    "lat": 16.69667,
    "lng": -92.95556
  },
  {
    "name": "Nuevo Refugio de Afuera (Nuevo Refugio)",
    "country": "MX",
    "lat": 20.54889,
    "lng": -102.70722
  },
  {
    "name": "Nueva Ameyalco",
    "country": "MX",
    "lat": 19.2979,
    "lng": -99.50483
  },
  {
    "name": "Nuevo Necaxa",
    "country": "MX",
    "lat": 20.21049,
    "lng": -98.00657
  },
  {
    "name": "Nueva Sesecapa",
    "country": "MX",
    "lat": 15.40205,
    "lng": -92.82239
  },
  {
    "name": "Nung Udoe",
    "country": "NG",
    "lat": 4.91657,
    "lng": 7.96314
  },
  {
    "name": "Numan",
    "country": "NG",
    "lat": 9.46374,
    "lng": 12.03062
  },
  {
    "name": "Nueva Guinea",
    "country": "NI",
    "lat": 11.68758,
    "lng": -84.45616
  },
  {
    "name": "Nuth",
    "country": "NL",
    "lat": 50.9175,
    "lng": 5.88611
  },
  {
    "name": "Nunspeet",
    "country": "NL",
    "lat": 52.37917,
    "lng": 5.78611
  },
  {
    "name": "Numansdorp",
    "country": "NL",
    "lat": 51.73167,
    "lng": 4.4375
  },
  {
    "name": "Nuenen",
    "country": "NL",
    "lat": 51.47,
    "lng": 5.55278
  },
  {
    "name": "Nuevo Vigía",
    "country": "PA",
    "lat": 9.2442,
    "lng": -79.60873
  },
  {
    "name": "Nuevo San Juan",
    "country": "PA",
    "lat": 9.22552,
    "lng": -79.66559
  },
  {
    "name": "Nuevo Emperador",
    "country": "PA",
    "lat": 9.00282,
    "lng": -79.73038
  },
  {
    "name": "Nuevo Chagres",
    "country": "PA",
    "lat": 9.23979,
    "lng": -80.08267
  },
  {
    "name": "Nuevo Arraiján",
    "country": "PA",
    "lat": 8.92643,
    "lng": -79.72023
  },
  {
    "name": "Nueva Providencia",
    "country": "PA",
    "lat": 9.26333,
    "lng": -79.81556
  },
  {
    "name": "Nueva Gorgona",
    "country": "PA",
    "lat": 8.55479,
    "lng": -79.87427
  },
  {
    "name": "Nueva Arenosa",
    "country": "PA",
    "lat": 8.8697,
    "lng": -79.99655
  },
  {
    "name": "Nuestro Amo",
    "country": "PA",
    "lat": 8.44835,
    "lng": -80.59356
  },
  {
    "name": "Nuario",
    "country": "PA",
    "lat": 7.52707,
    "lng": -80.31998
  },
  {
    "name": "Nuevo Belén",
    "country": "PA",
    "lat": 9.08929,
    "lng": -79.39177
  },
  {
    "name": "Nueva Esperanza",
    "country": "PA",
    "lat": 9.10538,
    "lng": -79.33258
  },
  {
    "name": "Nuevo San Carlitos",
    "country": "PA",
    "lat": 8.46153,
    "lng": -82.44183
  },
  {
    "name": "Nueva Arica",
    "country": "PE",
    "lat": -6.87278,
    "lng": -79.34278
  },
  {
    "name": "Nueva Requena",
    "country": "PE",
    "lat": -8.31139,
    "lng": -74.86222
  },
  {
    "name": "Nuñoa",
    "country": "PE",
    "lat": -14.4775,
    "lng": -70.63642
  },
  {
    "name": "Nuevo Occoro",
    "country": "PE",
    "lat": -12.59475,
    "lng": -75.01966
  },
  {
    "name": "Nuevo Imperial",
    "country": "PE",
    "lat": -13.07541,
    "lng": -76.31719
  },
  {
    "name": "Nueva Cajamarca",
    "country": "PE",
    "lat": -5.94056,
    "lng": -77.30806
  },
  {
    "name": "Nuevo Progreso",
    "country": "PE",
    "lat": -8.4525,
    "lng": -76.32389
  },
  {
    "name": "Nuevo Sullana",
    "country": "PE",
    "lat": -4.92108,
    "lng": -80.72695
  },
  {
    "name": "Nunungan",
    "country": "PH",
    "lat": 7.8236,
    "lng": 123.965
  },
  {
    "name": "Numancia",
    "country": "PH",
    "lat": 11.7059,
    "lng": 122.3284
  },
  {
    "name": "Nugas",
    "country": "PH",
    "lat": 9.6968,
    "lng": 123.4415
  },
  {
    "name": "Nueva Vida Sur",
    "country": "PH",
    "lat": 9.7846,
    "lng": 124.1745
  },
  {
    "name": "Nueva Valencia",
    "country": "PH",
    "lat": 10.51077,
    "lng": 122.5315
  },
  {
    "name": "Nueva Fuerza",
    "country": "PH",
    "lat": 9.8464,
    "lng": 124.167
  },
  {
    "name": "Nueva Era",
    "country": "PH",
    "lat": 17.9163,
    "lng": 120.6641
  },
  {
    "name": "Nuing",
    "country": "PH",
    "lat": 5.63278,
    "lng": 125.43528
  },
  {
    "name": "Nunguan",
    "country": "PH",
    "lat": 7.12825,
    "lng": 124.68912
  },
  {
    "name": "Nuyo",
    "country": "PH",
    "lat": 7.41806,
    "lng": 124.41083
  },
  {
    "name": "Nushki",
    "country": "PK",
    "lat": 29.55218,
    "lng": 66.02288
  },
  {
    "name": "Nurzec-Stacja",
    "country": "PL",
    "lat": 52.46249,
    "lng": 23.08571
  },
  {
    "name": "Nur",
    "country": "PL",
    "lat": 52.66826,
    "lng": 22.32207
  },
  {
    "name": "Nueva Italia",
    "country": "PY",
    "lat": -25.6108,
    "lng": -57.46563
  },
  {
    "name": "Nueva Esperanza",
    "country": "PY",
    "lat": -24.5076,
    "lng": -54.8551
  },
  {
    "name": "Nu‘ayjah",
    "country": "QA",
    "lat": 25.24617,
    "lng": 51.53227
  },
  {
    "name": "Nuşfalău",
    "country": "RO",
    "lat": 47.2,
    "lng": 22.73333
  },
  {
    "name": "Nuşeni",
    "country": "RO",
    "lat": 47.1,
    "lng": 24.2
  },
  {
    "name": "Nuntași",
    "country": "RO",
    "lat": 44.53755,
    "lng": 28.6488
  },
  {
    "name": "Nufăru",
    "country": "RO",
    "lat": 45.15,
    "lng": 28.91667
  },
  {
    "name": "Nucşoara",
    "country": "RO",
    "lat": 45.33333,
    "lng": 24.78333
  },
  {
    "name": "Nuci",
    "country": "RO",
    "lat": 44.71667,
    "lng": 26.3
  },
  {
    "name": "Nucet",
    "country": "RO",
    "lat": 46.48732,
    "lng": 22.5585
  },
  {
    "name": "Nucet",
    "country": "RO",
    "lat": 44.78333,
    "lng": 25.55
  },
  {
    "name": "Nurma",
    "country": "RU",
    "lat": 59.55,
    "lng": 31.01667
  },
  {
    "name": "Nurlat",
    "country": "RU",
    "lat": 54.42903,
    "lng": 50.80598
  },
  {
    "name": "Nuradilovo",
    "country": "RU",
    "lat": 43.28447,
    "lng": 46.45763
  },
  {
    "name": "Nudol’",
    "country": "RU",
    "lat": 56.1,
    "lng": 36.51667
  },
  {
    "name": "Nuevo Cuscatlán",
    "country": "SV",
    "lat": 13.64861,
    "lng": -89.26528
  },
  {
    "name": "Nueva Guadalupe",
    "country": "SV",
    "lat": 13.53333,
    "lng": -88.35
  },
  {
    "name": "Nueva Esparta",
    "country": "SV",
    "lat": 13.78361,
    "lng": -87.83861
  },
  {
    "name": "Nueva Concepción",
    "country": "SV",
    "lat": 14.13333,
    "lng": -89.3
  },
  {
    "name": "Nubl",
    "country": "SY",
    "lat": 36.37867,
    "lng": 36.99294
  },
  {
    "name": "Nuea Khlong",
    "country": "TH",
    "lat": 8.07143,
    "lng": 98.99933
  },
  {
    "name": "Nukunonu",
    "country": "TK",
    "lat": -9.20045,
    "lng": -171.84804
  },
  {
    "name": "Nukunuku",
    "country": "TO",
    "lat": -21.13333,
    "lng": -175.3
  },
  {
    "name": "Nuku‘alofa",
    "country": "TO",
    "lat": -21.13683,
    "lng": -175.20114
  },
  {
    "name": "Nusaybin",
    "country": "TR",
    "lat": 37.07028,
    "lng": 41.21465
  },
  {
    "name": "Nurhak",
    "country": "TR",
    "lat": 37.96366,
    "lng": 37.44047
  },
  {
    "name": "Nurettin",
    "country": "TR",
    "lat": 39.28104,
    "lng": 42.50746
  },
  {
    "name": "Nurettin",
    "country": "TR",
    "lat": 39.22883,
    "lng": 42.41832
  },
  {
    "name": "Nurdağı",
    "country": "TR",
    "lat": 37.16821,
    "lng": 36.73623
  },
  {
    "name": "Nurluca",
    "country": "TR",
    "lat": 41.03272,
    "lng": 40.9082
  },
  {
    "name": "Nungwi",
    "country": "TZ",
    "lat": -5.72651,
    "lng": 39.2987
  },
  {
    "name": "Nuino",
    "country": "UA",
    "lat": 51.54628,
    "lng": 24.91018
  },
  {
    "name": "Nurillo",
    "country": "US",
    "lat": 26.26702,
    "lng": -98.1214
  },
  {
    "name": "Nutter Fort",
    "country": "US",
    "lat": 39.26342,
    "lng": -80.31981
  },
  {
    "name": "Nutley",
    "country": "US",
    "lat": 40.82232,
    "lng": -74.15987
  },
  {
    "name": "Nunda",
    "country": "US",
    "lat": 42.57951,
    "lng": -77.9425
  },
  {
    "name": "Nuevo",
    "country": "US",
    "lat": 33.80141,
    "lng": -117.14587
  },
  {
    "name": "Nuuanu - Punchbowl",
    "country": "US",
    "lat": 21.34215,
    "lng": -157.82852
  },
  {
    "name": "Nuevo Berlín",
    "country": "UY",
    "lat": -32.97974,
    "lng": -58.05858
  },
  {
    "name": "Nueva Palmira",
    "country": "UY",
    "lat": -33.87031,
    "lng": -58.41176
  },
  {
    "name": "Nueva Helvecia",
    "country": "UY",
    "lat": -34.3,
    "lng": -57.23333
  },
  {
    "name": "Nukus",
    "country": "UZ",
    "lat": 42.45861,
    "lng": 59.60576
  },
  {
    "name": "Nurobod Shahri",
    "country": "UZ",
    "lat": 39.60861,
    "lng": 66.28667
  },
  {
    "name": "Nurota",
    "country": "UZ",
    "lat": 40.56139,
    "lng": 65.68861
  },
  {
    "name": "Nurota Shahri",
    "country": "UZ",
    "lat": 40.56762,
    "lng": 65.67947
  },
  {
    "name": "Nueva Bolivia",
    "country": "VE",
    "lat": 9.14007,
    "lng": -71.09143
  },
  {
    "name": "Nuwerus NC",
    "country": "ZA",
    "lat": -28.47438,
    "lng": 21.27042
  }
]