[
  {
    "name": "Pul-e Khumrī",
    "country": "AF",
    "lat": 35.94458,
    "lng": 68.71512
  },
  {
    "name": "Pul-e ‘Alam",
    "country": "AF",
    "lat": 33.99529,
    "lng": 69.02274
  },
  {
    "name": "Pul-e Sangī",
    "country": "AF",
    "lat": 34.59972,
    "lng": 69.25993
  },
  {
    "name": "Pul-e Ḩişār",
    "country": "AF",
    "lat": 35.61794,
    "lng": 69.47134
  },
  {
    "name": "Pukë",
    "country": "AL",
    "lat": 42.04444,
    "lng": 19.89972
  },
  {
    "name": "Puri",
    "country": "AO",
    "lat": -7.69468,
    "lng": 15.65416
  },
  {
    "name": "Puerto Yeruá",
    "country": "AR",
    "lat": -31.53328,
    "lng": -58.015
  },
  {
    "name": "Puerto Vilelas",
    "country": "AR",
    "lat": -27.51083,
    "lng": -58.94179
  },
  {
    "name": "Puerto Tirol",
    "country": "AR",
    "lat": -27.37382,
    "lng": -59.08927
  },
  {
    "name": "Puerto Rico",
    "country": "AR",
    "lat": -26.8089,
    "lng": -55.02147
  },
  {
    "name": "Puerto Piray",
    "country": "AR",
    "lat": -26.46937,
    "lng": -54.70736
  },
  {
    "name": "Puerto Libertad",
    "country": "AR",
    "lat": -25.91958,
    "lng": -54.58229
  },
  {
    "name": "Puerto Leoni",
    "country": "AR",
    "lat": -26.98762,
    "lng": -55.16569
  },
  {
    "name": "Puerto Iguazú",
    "country": "AR",
    "lat": -25.59912,
    "lng": -54.57355
  },
  {
    "name": "Puerto Ibicuy",
    "country": "AR",
    "lat": -33.75305,
    "lng": -59.17762
  },
  {
    "name": "Puerto Esperanza",
    "country": "AR",
    "lat": -26.02267,
    "lng": -54.61356
  },
  {
    "name": "Puerto Eldorado",
    "country": "AR",
    "lat": -26.40843,
    "lng": -54.69463
  },
  {
    "name": "Puerto Bermejo",
    "country": "AR",
    "lat": -26.92739,
    "lng": -58.50917
  },
  {
    "name": "Pueblo Libertador",
    "country": "AR",
    "lat": -30.22009,
    "lng": -59.38978
  },
  {
    "name": "Punta Alta",
    "country": "AR",
    "lat": -38.8805,
    "lng": -62.07503
  },
  {
    "name": "Puerto Santa Cruz",
    "country": "AR",
    "lat": -50.01922,
    "lng": -68.52378
  },
  {
    "name": "Puerto San Julián",
    "country": "AR",
    "lat": -49.30696,
    "lng": -67.7298
  },
  {
    "name": "Puerto Madryn",
    "country": "AR",
    "lat": -42.76848,
    "lng": -65.03827
  },
  {
    "name": "Puerto Deseado",
    "country": "AR",
    "lat": -47.75131,
    "lng": -65.89674
  },
  {
    "name": "Puerta de Corral Quemado",
    "country": "AR",
    "lat": -27.22761,
    "lng": -66.93282
  },
  {
    "name": "Puelches",
    "country": "AR",
    "lat": -38.1463,
    "lng": -65.91404
  },
  {
    "name": "Puán",
    "country": "AR",
    "lat": -37.5481,
    "lng": -62.76834
  },
  {
    "name": "Puerta de San José",
    "country": "AR",
    "lat": -27.54759,
    "lng": -67.00563
  },
  {
    "name": "Pusterwald",
    "country": "AT",
    "lat": 47.30611,
    "lng": 14.37556
  },
  {
    "name": "Purkersdorf",
    "country": "AT",
    "lat": 48.20769,
    "lng": 16.17539
  },
  {
    "name": "Purgstall",
    "country": "AT",
    "lat": 48.05841,
    "lng": 15.13478
  },
  {
    "name": "Purbach am Neusiedler See",
    "country": "AT",
    "lat": 47.91289,
    "lng": 16.69561
  },
  {
    "name": "Puntigam",
    "country": "AT",
    "lat": 47.03333,
    "lng": 15.43333
  },
  {
    "name": "Pulkau",
    "country": "AT",
    "lat": 48.70484,
    "lng": 15.86031
  },
  {
    "name": "Pucking",
    "country": "AT",
    "lat": 48.18886,
    "lng": 14.18824
  },
  {
    "name": "Puchheim",
    "country": "AT",
    "lat": 48.0,
    "lng": 13.71667
  },
  {
    "name": "Puchenstuben",
    "country": "AT",
    "lat": 47.92819,
    "lng": 15.28748
  },
  {
    "name": "Puchenau",
    "country": "AT",
    "lat": 48.31214,
    "lng": 14.23614
  },
  {
    "name": "Puchberg am Schneeberg",
    "country": "AT",
    "lat": 47.78709,
    "lng": 15.91352
  },
  {
    "name": "Puch bei Weiz",
    "country": "AT",
    "lat": 47.22413,
    "lng": 15.72504
  },
  {
    "name": "Puch bei Hallein",
    "country": "AT",
    "lat": 47.71536,
    "lng": 13.09296
  },
  {
    "name": "Puchkirchen am Trattberg",
    "country": "AT",
    "lat": 48.04478,
    "lng": 13.57198
  },
  {
    "name": "Puckapunyal",
    "country": "AU",
    "lat": -36.99493,
    "lng": 145.04005
  },
  {
    "name": "Putney",
    "country": "AU",
    "lat": -33.82613,
    "lng": 151.1063
  },
  {
    "name": "Punchbowl",
    "country": "AU",
    "lat": -33.92893,
    "lng": 151.05111
  },
  {
    "name": "Pullenvale",
    "country": "AU",
    "lat": -27.52283,
    "lng": 152.88651
  },
  {
    "name": "Pushkino",
    "country": "AZ",
    "lat": 39.45833,
    "lng": 48.545
  },
  {
    "name": "Puta",
    "country": "AZ",
    "lat": 40.29667,
    "lng": 49.66028
  },
  {
    "name": "Puračić",
    "country": "BA",
    "lat": 44.54562,
    "lng": 18.47865
  },
  {
    "name": "Purbadhala",
    "country": "BD",
    "lat": 24.94077,
    "lng": 90.60025
  },
  {
    "name": "Puthia",
    "country": "BD",
    "lat": 24.36537,
    "lng": 88.83431
  },
  {
    "name": "Puurs",
    "country": "BE",
    "lat": 51.07409,
    "lng": 4.28844
  },
  {
    "name": "Putte",
    "country": "BE",
    "lat": 51.05337,
    "lng": 4.63263
  },
  {
    "name": "Pulle",
    "country": "BE",
    "lat": 51.20317,
    "lng": 4.71434
  },
  {
    "name": "Pulderbos",
    "country": "BE",
    "lat": 51.2171,
    "lng": 4.69357
  },
  {
    "name": "Puerto Suárez",
    "country": "BO",
    "lat": -18.96722,
    "lng": -57.80127
  },
  {
    "name": "Puerto Quijarro",
    "country": "BO",
    "lat": -17.78333,
    "lng": -57.76667
  },
  {
    "name": "Punata",
    "country": "BO",
    "lat": -17.54234,
    "lng": -65.83472
  },
  {
    "name": "Puerto Pailas",
    "country": "BO",
    "lat": -17.66783,
    "lng": -62.79025
  },
  {
    "name": "Puerto Villarroel",
    "country": "BO",
    "lat": -16.84286,
    "lng": -64.79996
  },
  {
    "name": "Pucarani",
    "country": "BO",
    "lat": -16.39959,
    "lng": -68.47753
  },
  {
    "name": "Puearto Pailas",
    "country": "BO",
    "lat": -17.663,
    "lng": -62.81227
  },
  {
    "name": "Puxinanã",
    "country": "BR",
    "lat": -7.16111,
    "lng": -35.96056
  },
  {
    "name": "Pureza",
    "country": "BR",
    "lat": -5.46694,
    "lng": -35.55611
  },
  {
    "name": "Putinga",
    "country": "BR",
    "lat": -29.00194,
    "lng": -52.15417
  },
  {
    "name": "Pugmil",
    "country": "BR",
    "lat": -10.4247,
    "lng": -48.898
  },
  {
    "name": "Punaú",
    "country": "BR",
    "lat": -5.35184,
    "lng": -35.42204
  },
  {
    "name": "Purupuru",
    "country": "BR",
    "lat": -3.38447,
    "lng": -59.71665
  },
  {
    "name": "Punākha",
    "country": "BT",
    "lat": 27.59137,
    "lng": 89.87743
  },
  {
    "name": "Puchavičy",
    "country": "BY",
    "lat": 53.5297,
    "lng": 28.2467
  },
  {
    "name": "Punta Gorda",
    "country": "BZ",
    "lat": 16.09835,
    "lng": -88.8097
  },
  {
    "name": "Puntledge",
    "country": "CA",
    "lat": 49.67322,
    "lng": -125.02907
  },
  {
    "name": "Pura",
    "country": "CH",
    "lat": 45.98647,
    "lng": 8.86877
  },
  {
    "name": "Pully",
    "country": "CH",
    "lat": 46.51027,
    "lng": 6.66183
  },
  {
    "name": "Puidoux",
    "country": "CH",
    "lat": 46.50093,
    "lng": 6.78249
  },
  {
    "name": "Puplinge",
    "country": "CH",
    "lat": 46.21043,
    "lng": 6.23114
  },
  {
    "name": "Puyehue",
    "country": "CL",
    "lat": -40.65944,
    "lng": -72.60172
  },
  {
    "name": "Putre",
    "country": "CL",
    "lat": -18.19821,
    "lng": -69.56071
  },
  {
    "name": "Purranque",
    "country": "CL",
    "lat": -40.91305,
    "lng": -73.15913
  },
  {
    "name": "Purén",
    "country": "CL",
    "lat": -38.0334,
    "lng": -73.07145
  },
  {
    "name": "Punta Arenas",
    "country": "CL",
    "lat": -53.16282,
    "lng": -70.90922
  },
  {
    "name": "Puerto Williams",
    "country": "CL",
    "lat": -54.93355,
    "lng": -67.60963
  },
  {
    "name": "Puerto Varas",
    "country": "CL",
    "lat": -41.31946,
    "lng": -72.98538
  },
  {
    "name": "Puerto Natales",
    "country": "CL",
    "lat": -51.72987,
    "lng": -72.50603
  },
  {
    "name": "Puerto Montt",
    "country": "CL",
    "lat": -41.4693,
    "lng": -72.94237
  },
  {
    "name": "Puerto Cisnes",
    "country": "CL",
    "lat": -44.74736,
    "lng": -72.69695
  },
  {
    "name": "Puerto Aysén",
    "country": "CL",
    "lat": -45.40303,
    "lng": -72.69184
  },
  {
    "name": "Puente Alto",
    "country": "CL",
    "lat": -33.61169,
    "lng": -70.57577
  },
  {
    "name": "Pucón",
    "country": "CL",
    "lat": -39.28223,
    "lng": -71.95427
  },
  {
    "name": "Puerto Chacabuco",
    "country": "CL",
    "lat": -45.46667,
    "lng": -72.81667
  },
  {
    "name": "Pubu",
    "country": "CN",
    "lat": 31.39625,
    "lng": 90.00958
  },
  {
    "name": "Puzi",
    "country": "CN",
    "lat": 26.98639,
    "lng": 109.77639
  },
  {
    "name": "Puzi",
    "country": "CN",
    "lat": 29.63292,
    "lng": 108.32825
  },
  {
    "name": "Puyang Chengguanzhen",
    "country": "CN",
    "lat": 35.70622,
    "lng": 115.0279
  },
  {
    "name": "Puyang",
    "country": "CN",
    "lat": 29.45679,
    "lng": 119.88872
  },
  {
    "name": "Pucheng",
    "country": "CN",
    "lat": 36.41361,
    "lng": 111.095
  },
  {
    "name": "Putian",
    "country": "CN",
    "lat": 25.43944,
    "lng": 119.01028
  },
  {
    "name": "Puji",
    "country": "CN",
    "lat": 36.13194,
    "lng": 119.72111
  },
  {
    "name": "Puqi",
    "country": "CN",
    "lat": 29.71667,
    "lng": 113.88333
  },
  {
    "name": "Pulandian",
    "country": "CN",
    "lat": 39.39528,
    "lng": 121.96694
  },
  {
    "name": "Pukou",
    "country": "CN",
    "lat": 26.52222,
    "lng": 109.55583
  },
  {
    "name": "Puji",
    "country": "CN",
    "lat": 32.23908,
    "lng": 106.45478
  },
  {
    "name": "Puji",
    "country": "CN",
    "lat": 27.38019,
    "lng": 102.54126
  },
  {
    "name": "Puhechang",
    "country": "CN",
    "lat": 28.9525,
    "lng": 106.83111
  },
  {
    "name": "Pucheng Chengguanzhen",
    "country": "CN",
    "lat": 34.95611,
    "lng": 109.58406
  },
  {
    "name": "Pu’an",
    "country": "CN",
    "lat": 32.03728,
    "lng": 105.46686
  },
  {
    "name": "Pucheng",
    "country": "CN",
    "lat": 27.92333,
    "lng": 118.53333
  },
  {
    "name": "Puning",
    "country": "CN",
    "lat": 23.31072,
    "lng": 116.16869
  },
  {
    "name": "Pulü",
    "country": "CN",
    "lat": 29.81796,
    "lng": 106.15927
  },
  {
    "name": "Puchi",
    "country": "CN",
    "lat": 33.53466,
    "lng": 104.81418
  },
  {
    "name": "Pulian",
    "country": "CN",
    "lat": 31.30082,
    "lng": 109.56035
  },
  {
    "name": "Pushun",
    "country": "CN",
    "lat": 30.47241,
    "lng": 107.60326
  },
  {
    "name": "Puyang",
    "country": "CN",
    "lat": 35.75641,
    "lng": 115.04363
  },
  {
    "name": "Puchuan",
    "country": "CN",
    "lat": 24.7031,
    "lng": 98.57007
  },
  {
    "name": "Puqiakeqi",
    "country": "CN",
    "lat": 37.31739,
    "lng": 79.70532
  },
  {
    "name": "Puzi",
    "country": "CN",
    "lat": 30.57123,
    "lng": 108.81754
  },
  {
    "name": "Purísima de la Concepción",
    "country": "CO",
    "lat": 9.23657,
    "lng": -75.72191
  },
  {
    "name": "Purificación",
    "country": "CO",
    "lat": 3.85871,
    "lng": -74.93129
  },
  {
    "name": "Pupiales",
    "country": "CO",
    "lat": 0.87136,
    "lng": -77.64027
  },
  {
    "name": "Punta de Piedras",
    "country": "CO",
    "lat": 10.16863,
    "lng": -74.71682
  },
  {
    "name": "Pulí",
    "country": "CO",
    "lat": 4.68116,
    "lng": -74.71406
  },
  {
    "name": "Puerto Wilches",
    "country": "CO",
    "lat": 7.34828,
    "lng": -73.89601
  },
  {
    "name": "Puerto Triunfo",
    "country": "CO",
    "lat": 5.87259,
    "lng": -74.6405
  },
  {
    "name": "Puerto Tejada",
    "country": "CO",
    "lat": 3.23114,
    "lng": -76.41668
  },
  {
    "name": "Puerto Santander",
    "country": "CO",
    "lat": 8.36361,
    "lng": -72.4063
  },
  {
    "name": "Puerto Salgar",
    "country": "CO",
    "lat": 5.46304,
    "lng": -74.65436
  },
  {
    "name": "Puerto Rondón",
    "country": "CO",
    "lat": 6.28048,
    "lng": -71.1
  },
  {
    "name": "Puerto Yuca",
    "country": "CO",
    "lat": 2.93833,
    "lng": -73.20833
  },
  {
    "name": "Puerto Rico",
    "country": "CO",
    "lat": 1.90999,
    "lng": -75.15931
  },
  {
    "name": "Puerto Parra",
    "country": "CO",
    "lat": 6.65149,
    "lng": -74.05734
  },
  {
    "name": "Puerto Nariño",
    "country": "CO",
    "lat": -3.78889,
    "lng": -70.35584
  },
  {
    "name": "Puerto Meluk",
    "country": "CO",
    "lat": 5.22134,
    "lng": -76.93691
  },
  {
    "name": "Puerto López",
    "country": "CO",
    "lat": 4.09912,
    "lng": -72.95647
  },
  {
    "name": "Puerto Lleras",
    "country": "CO",
    "lat": 3.02225,
    "lng": -73.4044
  },
  {
    "name": "Puerto Leguízamo",
    "country": "CO",
    "lat": -0.19337,
    "lng": -74.78189
  },
  {
    "name": "Puerto Escondido",
    "country": "CO",
    "lat": 9.01811,
    "lng": -76.26413
  },
  {
    "name": "Puerto Colombia",
    "country": "CO",
    "lat": 10.98778,
    "lng": -74.95472
  },
  {
    "name": "Puerto Carreño",
    "country": "CO",
    "lat": 6.19041,
    "lng": -67.48391
  },
  {
    "name": "Puerto Boyacá",
    "country": "CO",
    "lat": 5.976,
    "lng": -74.58516
  },
  {
    "name": "Puerto Bogotá",
    "country": "CO",
    "lat": 5.19994,
    "lng": -74.72733
  },
  {
    "name": "Puerto Berrío",
    "country": "CO",
    "lat": 6.49156,
    "lng": -74.40326
  },
  {
    "name": "Puerto Asís",
    "country": "CO",
    "lat": 0.50514,
    "lng": -76.49571
  },
  {
    "name": "Puerres",
    "country": "CO",
    "lat": 1.19374,
    "lng": -77.26661
  },
  {
    "name": "Puerres",
    "country": "CO",
    "lat": 0.88371,
    "lng": -77.50324
  },
  {
    "name": "Puente Nacional",
    "country": "CO",
    "lat": 5.87739,
    "lng": -73.6781
  },
  {
    "name": "Puebloviejo",
    "country": "CO",
    "lat": 10.99376,
    "lng": -74.28439
  },
  {
    "name": "Pueblorrico",
    "country": "CO",
    "lat": 5.79176,
    "lng": -75.84101
  },
  {
    "name": "Pueblo Rico",
    "country": "CO",
    "lat": 5.22263,
    "lng": -76.03026
  },
  {
    "name": "Pueblo Nuevo",
    "country": "CO",
    "lat": 8.50122,
    "lng": -75.508
  },
  {
    "name": "Pueblo Nuevo",
    "country": "CO",
    "lat": 8.2411,
    "lng": -74.95815
  },
  {
    "name": "Pueblo Bello",
    "country": "CO",
    "lat": 10.41706,
    "lng": -73.5804
  },
  {
    "name": "Puerto Gaitán",
    "country": "CO",
    "lat": 4.31328,
    "lng": -72.08157
  },
  {
    "name": "Puerto Concordia",
    "country": "CO",
    "lat": 2.62206,
    "lng": -72.75724
  },
  {
    "name": "Puerto Guzmán",
    "country": "CO",
    "lat": 0.97028,
    "lng": -76.58583
  },
  {
    "name": "Puerto Caicedo",
    "country": "CO",
    "lat": 0.68362,
    "lng": -76.60439
  },
  {
    "name": "Puerto Guzmán",
    "country": "CO",
    "lat": 0.96454,
    "lng": -76.40795
  },
  {
    "name": "Puerto Lleras",
    "country": "CO",
    "lat": 3.26942,
    "lng": -73.37537
  },
  {
    "name": "Puerto Libertador",
    "country": "CO",
    "lat": 7.8894,
    "lng": -75.67015
  },
  {
    "name": "Purral",
    "country": "CR",
    "lat": 9.95689,
    "lng": -84.03209
  },
  {
    "name": "Puntarenas",
    "country": "CR",
    "lat": 9.97691,
    "lng": -84.8379
  },
  {
    "name": "Puerto Cortés",
    "country": "CR",
    "lat": 8.96171,
    "lng": -83.52463
  },
  {
    "name": "Puerto Padre",
    "country": "CU",
    "lat": 21.19517,
    "lng": -76.60358
  },
  {
    "name": "Puentes Grandes",
    "country": "CU",
    "lat": 23.1,
    "lng": -82.4
  },
  {
    "name": "Puerto Esperanza",
    "country": "CU",
    "lat": 22.77041,
    "lng": -83.73138
  },
  {
    "name": "Pustiměř",
    "country": "CZ",
    "lat": 49.32251,
    "lng": 17.02792
  },
  {
    "name": "Pustá Polom",
    "country": "CZ",
    "lat": 49.84917,
    "lng": 17.9979
  },
  {
    "name": "Putzbrunn",
    "country": "DE",
    "lat": 48.07579,
    "lng": 11.71572
  },
  {
    "name": "Putlitz",
    "country": "DE",
    "lat": 53.24899,
    "lng": 12.04179
  },
  {
    "name": "Putbus",
    "country": "DE",
    "lat": 54.35078,
    "lng": 13.48171
  },
  {
    "name": "Puschwitz",
    "country": "DE",
    "lat": 51.25501,
    "lng": 14.30111
  },
  {
    "name": "Puschendorf",
    "country": "DE",
    "lat": 49.52398,
    "lng": 10.83192
  },
  {
    "name": "Pulsnitz",
    "country": "DE",
    "lat": 51.1832,
    "lng": 14.01416
  },
  {
    "name": "Pullenreuth",
    "country": "DE",
    "lat": 49.93333,
    "lng": 12.0
  },
  {
    "name": "Pullach im Isartal",
    "country": "DE",
    "lat": 48.06122,
    "lng": 11.52148
  },
  {
    "name": "Pulheim",
    "country": "DE",
    "lat": 50.99965,
    "lng": 6.80632
  },
  {
    "name": "Puderbach",
    "country": "DE",
    "lat": 50.6,
    "lng": 7.61667
  },
  {
    "name": "Puchheim",
    "country": "DE",
    "lat": 48.15,
    "lng": 11.35
  },
  {
    "name": "Puerto Plata",
    "country": "DO",
    "lat": 19.79344,
    "lng": -70.6884
  },
  {
    "name": "Punta Cana",
    "country": "DO",
    "lat": 18.58182,
    "lng": -68.40431
  },
  {
    "name": "Pueblo Viejo",
    "country": "DO",
    "lat": 18.4,
    "lng": -70.76765
  },
  {
    "name": "Puerto Libre",
    "country": "EC",
    "lat": 0.19132,
    "lng": -77.48802
  },
  {
    "name": "Puyo",
    "country": "EC",
    "lat": -1.49156,
    "lng": -78.00337
  },
  {
    "name": "Punín",
    "country": "EC",
    "lat": -1.76584,
    "lng": -78.65654
  },
  {
    "name": "Pungalá",
    "country": "EC",
    "lat": -1.81726,
    "lng": -78.59325
  },
  {
    "name": "Pujilí",
    "country": "EC",
    "lat": -0.95759,
    "lng": -78.69636
  },
  {
    "name": "Puerto Villamil",
    "country": "EC",
    "lat": -0.95542,
    "lng": -90.96654
  },
  {
    "name": "Puerto Pechiche",
    "country": "EC",
    "lat": -1.42602,
    "lng": -79.56037
  },
  {
    "name": "Puerto Napo",
    "country": "EC",
    "lat": -1.04231,
    "lng": -77.7939
  },
  {
    "name": "Puerto López",
    "country": "EC",
    "lat": -1.55873,
    "lng": -80.80931
  },
  {
    "name": "Puerto Limón",
    "country": "EC",
    "lat": -0.3881,
    "lng": -79.37325
  },
  {
    "name": "Puerto Francisco de Orellana",
    "country": "EC",
    "lat": -0.44967,
    "lng": -76.99724
  },
  {
    "name": "Puerto de Cayo",
    "country": "EC",
    "lat": -1.34858,
    "lng": -80.73908
  },
  {
    "name": "Puerto Bolívar",
    "country": "EC",
    "lat": -3.26649,
    "lng": -79.99749
  },
  {
    "name": "Puerto Baquerizo Moreno",
    "country": "EC",
    "lat": -0.90172,
    "lng": -89.61021
  },
  {
    "name": "Puerto Ayora",
    "country": "EC",
    "lat": -0.74018,
    "lng": -90.3138
  },
  {
    "name": "Puela",
    "country": "EC",
    "lat": -1.51507,
    "lng": -78.50744
  },
  {
    "name": "Pueblo Viejo",
    "country": "EC",
    "lat": -1.55069,
    "lng": -79.53362
  },
  {
    "name": "Pueblo Nuevo",
    "country": "EC",
    "lat": -1.20888,
    "lng": -80.06888
  },
  {
    "name": "Puerto Quito",
    "country": "EC",
    "lat": 0.12123,
    "lng": -79.25399
  },
  {
    "name": "Puembo",
    "country": "EC",
    "lat": -0.17755,
    "lng": -78.35876
  },
  {
    "name": "Puerto Jelí",
    "country": "EC",
    "lat": -3.41444,
    "lng": -79.99503
  },
  {
    "name": "Puhja",
    "country": "EE",
    "lat": 58.34194,
    "lng": 26.31472
  },
  {
    "name": "Puçol",
    "country": "ES",
    "lat": 39.61667,
    "lng": -0.3
  },
  {
    "name": "Purullena",
    "country": "ES",
    "lat": 37.31763,
    "lng": -3.19056
  },
  {
    "name": "Purchena",
    "country": "ES",
    "lat": 37.34744,
    "lng": -2.3608
  },
  {
    "name": "Puntallana",
    "country": "ES",
    "lat": 28.73333,
    "lng": -17.73333
  },
  {
    "name": "Puntagorda",
    "country": "ES",
    "lat": 28.7749,
    "lng": -17.97741
  },
  {
    "name": "Punta de Mujeres",
    "country": "ES",
    "lat": 29.1466,
    "lng": -13.44761
  },
  {
    "name": "Pulpí",
    "country": "ES",
    "lat": 37.41154,
    "lng": -1.74496
  },
  {
    "name": "Pulianas",
    "country": "ES",
    "lat": 37.22302,
    "lng": -3.60832
  },
  {
    "name": "Pulgar",
    "country": "ES",
    "lat": 39.69383,
    "lng": -4.15233
  },
  {
    "name": "Pujerra",
    "country": "ES",
    "lat": 36.61274,
    "lng": -5.14979
  },
  {
    "name": "Puigpunyent",
    "country": "ES",
    "lat": 39.62514,
    "lng": 2.52759
  },
  {
    "name": "Puig",
    "country": "ES",
    "lat": 39.58869,
    "lng": -0.30333
  },
  {
    "name": "Puerto Serrano",
    "country": "ES",
    "lat": 36.92209,
    "lng": -5.54304
  },
  {
    "name": "Puerto Real",
    "country": "ES",
    "lat": 36.52819,
    "lng": -6.19011
  },
  {
    "name": "Puertollano",
    "country": "ES",
    "lat": 38.68712,
    "lng": -4.10734
  },
  {
    "name": "Puerto Lápice",
    "country": "ES",
    "lat": 39.3236,
    "lng": -3.48148
  },
  {
    "name": "Puerto de San Vicente",
    "country": "ES",
    "lat": 39.52283,
    "lng": -5.11407
  },
  {
    "name": "Puerto de Santa Cruz",
    "country": "ES",
    "lat": 39.31631,
    "lng": -5.85875
  },
  {
    "name": "Puerto del Rosario",
    "country": "ES",
    "lat": 28.50038,
    "lng": -13.86272
  },
  {
    "name": "Puerto de la Cruz",
    "country": "ES",
    "lat": 28.41686,
    "lng": -16.55085
  },
  {
    "name": "Puente-Genil",
    "country": "ES",
    "lat": 37.38943,
    "lng": -4.76686
  },
  {
    "name": "Puente de Génave",
    "country": "ES",
    "lat": 38.35544,
    "lng": -2.8032
  },
  {
    "name": "Puebla de Sancho Pérez",
    "country": "ES",
    "lat": 38.4,
    "lng": -6.4
  },
  {
    "name": "Puebla de Obando",
    "country": "ES",
    "lat": 39.1763,
    "lng": -6.62764
  },
  {
    "name": "Puebla del Salvador",
    "country": "ES",
    "lat": 39.56667,
    "lng": -1.66667
  },
  {
    "name": "Puebla del Prior",
    "country": "ES",
    "lat": 38.57032,
    "lng": -6.19584
  },
  {
    "name": "Puebla del Príncipe",
    "country": "ES",
    "lat": 38.56766,
    "lng": -2.92605
  },
  {
    "name": "Puebla del Maestre",
    "country": "ES",
    "lat": 38.08333,
    "lng": -6.08333
  },
  {
    "name": "Puebla de la Reina",
    "country": "ES",
    "lat": 38.66455,
    "lng": -6.10216
  },
  {
    "name": "Puebla de la Calzada",
    "country": "ES",
    "lat": 38.89441,
    "lng": -6.62592
  },
  {
    "name": "Puebla de Guzmán",
    "country": "ES",
    "lat": 37.61427,
    "lng": -7.24878
  },
  {
    "name": "Puebla de Don Rodrigo",
    "country": "ES",
    "lat": 39.08564,
    "lng": -4.61966
  },
  {
    "name": "Puebla de Don Fadrique",
    "country": "ES",
    "lat": 37.96156,
    "lng": -2.43961
  },
  {
    "name": "Puebla de Almenara",
    "country": "ES",
    "lat": 39.7844,
    "lng": -2.81435
  },
  {
    "name": "Puebla de Alcocer",
    "country": "ES",
    "lat": 38.98648,
    "lng": -5.25633
  },
  {
    "name": "Puerto Lumbreras",
    "country": "ES",
    "lat": 37.56329,
    "lng": -1.80974
  },
  {
    "name": "Punta Umbría",
    "country": "ES",
    "lat": 37.18213,
    "lng": -6.96605
  },
  {
    "name": "Purujosa",
    "country": "ES",
    "lat": 41.68259,
    "lng": -1.76519
  },
  {
    "name": "Puras",
    "country": "ES",
    "lat": 41.18333,
    "lng": -4.65
  },
  {
    "name": "Punxín",
    "country": "ES",
    "lat": 42.37072,
    "lng": -8.01058
  },
  {
    "name": "Pujalt",
    "country": "ES",
    "lat": 41.7171,
    "lng": 1.42088
  },
  {
    "name": "Puig-reig",
    "country": "ES",
    "lat": 41.96667,
    "lng": 1.88333
  },
  {
    "name": "Puigpelat",
    "country": "ES",
    "lat": 41.27899,
    "lng": 1.29713
  },
  {
    "name": "Puigcerdà",
    "country": "ES",
    "lat": 42.4316,
    "lng": 1.92819
  },
  {
    "name": "Pueyo de Santa Cruz",
    "country": "ES",
    "lat": 41.85799,
    "lng": 0.1566
  },
  {
    "name": "Pueyo",
    "country": "ES",
    "lat": 42.56506,
    "lng": -1.64826
  },
  {
    "name": "Puerto Seguro",
    "country": "ES",
    "lat": 40.82718,
    "lng": -6.76109
  },
  {
    "name": "Puertomingalvo",
    "country": "ES",
    "lat": 40.2643,
    "lng": -0.45756
  },
  {
    "name": "Puértolas",
    "country": "ES",
    "lat": 42.54748,
    "lng": 0.13214
  },
  {
    "name": "Puerto de Béjar",
    "country": "ES",
    "lat": 40.35052,
    "lng": -5.83756
  },
  {
    "name": "Puerto Castilla",
    "country": "ES",
    "lat": 40.288,
    "lng": -5.62366
  },
  {
    "name": "Puertas",
    "country": "ES",
    "lat": 41.09681,
    "lng": -6.28752
  },
  {
    "name": "Puente Viesgo",
    "country": "ES",
    "lat": 43.29815,
    "lng": -3.96817
  },
  {
    "name": "Puente Nuevo",
    "country": "ES",
    "lat": 43.34948,
    "lng": -7.19458
  },
  {
    "name": "Puente la Reina",
    "country": "ES",
    "lat": 42.67291,
    "lng": -1.81412
  },
  {
    "name": "Puentedura",
    "country": "ES",
    "lat": 42.04134,
    "lng": -3.58227
  },
  {
    "name": "Puente de Vallecas",
    "country": "ES",
    "lat": 40.39354,
    "lng": -3.662
  },
  {
    "name": "Puente del Congosto",
    "country": "ES",
    "lat": 40.49041,
    "lng": -5.52628
  },
  {
    "name": "Puente de Domingo Flórez",
    "country": "ES",
    "lat": 42.41166,
    "lng": -6.82077
  },
  {
    "name": "Pueblica de Valverde",
    "country": "ES",
    "lat": 41.91843,
    "lng": -5.89975
  },
  {
    "name": "Puebla de Yeltes",
    "country": "ES",
    "lat": 40.62528,
    "lng": -6.1815
  },
  {
    "name": "Puebla de San Miguel",
    "country": "ES",
    "lat": 40.05,
    "lng": -1.13333
  },
  {
    "name": "Puebla de San Medel",
    "country": "ES",
    "lat": 40.51073,
    "lng": -5.73673
  },
  {
    "name": "Puebla de Sanabria",
    "country": "ES",
    "lat": 42.05401,
    "lng": -6.6335
  },
  {
    "name": "Puebla de Pedraza",
    "country": "ES",
    "lat": 41.20557,
    "lng": -3.91378
  },
  {
    "name": "Puebla de Lillo",
    "country": "ES",
    "lat": 43.00691,
    "lng": -5.27387
  },
  {
    "name": "Puebla de Beleña",
    "country": "ES",
    "lat": 40.88794,
    "lng": -3.21624
  },
  {
    "name": "Puebla de Azaba",
    "country": "ES",
    "lat": 40.44732,
    "lng": -6.74616
  },
  {
    "name": "Puebla de Arenoso",
    "country": "ES",
    "lat": 40.1,
    "lng": -0.58333
  },
  {
    "name": "Puebla de Alfindén",
    "country": "ES",
    "lat": 41.63188,
    "lng": -0.75154
  },
  {
    "name": "Puebla de Albortón",
    "country": "ES",
    "lat": 41.38517,
    "lng": -0.85558
  },
  {
    "name": "Puerto Rico",
    "country": "ES",
    "lat": 27.78943,
    "lng": -15.71045
  },
  {
    "name": "Puerto del Carmen",
    "country": "ES",
    "lat": 28.92313,
    "lng": -13.66579
  },
  {
    "name": "Pueblonuevo de Miramontes",
    "country": "ES",
    "lat": 40.0606,
    "lng": -5.37832
  },
  {
    "name": "Puerta del Angel",
    "country": "ES",
    "lat": 40.40969,
    "lng": -3.73181
  },
  {
    "name": "Pueblo Nuevo",
    "country": "ES",
    "lat": 40.42629,
    "lng": -3.63546
  },
  {
    "name": "Puerta Bonita",
    "country": "ES",
    "lat": 40.37966,
    "lng": -3.73909
  },
  {
    "name": "Puente la Reina de Jaca",
    "country": "ES",
    "lat": 42.55908,
    "lng": -0.78759
  },
  {
    "name": "Puumala",
    "country": "FI",
    "lat": 61.52728,
    "lng": 28.17495
  },
  {
    "name": "Puolanka",
    "country": "FI",
    "lat": 64.86667,
    "lng": 27.66667
  },
  {
    "name": "Punkalaidun",
    "country": "FI",
    "lat": 61.11667,
    "lng": 23.1
  },
  {
    "name": "Punkaharju",
    "country": "FI",
    "lat": 61.75883,
    "lng": 29.38843
  },
  {
    "name": "Pulkkila",
    "country": "FI",
    "lat": 64.26667,
    "lng": 25.86667
  },
  {
    "name": "Pukkila",
    "country": "FI",
    "lat": 60.644,
    "lng": 25.5821
  },
  {
    "name": "Pukinmäki",
    "country": "FI",
    "lat": 60.2448,
    "lng": 24.989
  },
  {
    "name": "Puistola",
    "country": "FI",
    "lat": 60.27115,
    "lng": 25.04703
  },
  {
    "name": "Pudasjärvi",
    "country": "FI",
    "lat": 65.38333,
    "lng": 26.91667
  },
  {
    "name": "Puotinharju",
    "country": "FI",
    "lat": 60.21283,
    "lng": 25.0787
  },
  {
    "name": "Puotila",
    "country": "FI",
    "lat": 60.21165,
    "lng": 25.10829
  },
  {
    "name": "Puolivälinkangas",
    "country": "FI",
    "lat": 65.04162,
    "lng": 25.48493
  },
  {
    "name": "Punavuori",
    "country": "FI",
    "lat": 60.16137,
    "lng": 24.93673
  },
  {
    "name": "Pulap",
    "country": "FM",
    "lat": 7.6366,
    "lng": 149.42878
  },
  {
    "name": "Puyoô",
    "country": "FR",
    "lat": 43.52586,
    "lng": -0.91201
  },
  {
    "name": "Puymoyen",
    "country": "FR",
    "lat": 45.61503,
    "lng": 0.17989
  },
  {
    "name": "Puyloubier",
    "country": "FR",
    "lat": 43.52522,
    "lng": 5.6765
  },
  {
    "name": "Puy-l'Évêque",
    "country": "FR",
    "lat": 44.50482,
    "lng": 1.1378
  },
  {
    "name": "Puylaurens",
    "country": "FR",
    "lat": 43.57222,
    "lng": 2.01113
  },
  {
    "name": "Puy-Guillaume",
    "country": "FR",
    "lat": 45.96036,
    "lng": 3.47405
  },
  {
    "name": "Puygouzon",
    "country": "FR",
    "lat": 43.89882,
    "lng": 2.1697
  },
  {
    "name": "Puteaux",
    "country": "FR",
    "lat": 48.88341,
    "lng": 2.23894
  },
  {
    "name": "Putanges-Pont-Écrepin",
    "country": "FR",
    "lat": 48.76596,
    "lng": -0.24528
  },
  {
    "name": "Pussay",
    "country": "FR",
    "lat": 48.34908,
    "lng": 1.99182
  },
  {
    "name": "Pusignan",
    "country": "FR",
    "lat": 45.75558,
    "lng": 5.06722
  },
  {
    "name": "Pusey",
    "country": "FR",
    "lat": 47.65243,
    "lng": 6.12615
  },
  {
    "name": "Pulversheim",
    "country": "FR",
    "lat": 47.83753,
    "lng": 7.30119
  },
  {
    "name": "Pulnoy",
    "country": "FR",
    "lat": 48.70343,
    "lng": 6.25765
  },
  {
    "name": "Pulligny",
    "country": "FR",
    "lat": 48.53893,
    "lng": 6.14426
  },
  {
    "name": "Pujols",
    "country": "FR",
    "lat": 44.39424,
    "lng": 0.6881
  },
  {
    "name": "Pujaut",
    "country": "FR",
    "lat": 44.00479,
    "lng": 4.77466
  },
  {
    "name": "Pujaudran",
    "country": "FR",
    "lat": 43.59087,
    "lng": 1.14911
  },
  {
    "name": "Puisserguier",
    "country": "FR",
    "lat": 43.36798,
    "lng": 3.04069
  },
  {
    "name": "Puissalicon",
    "country": "FR",
    "lat": 43.45814,
    "lng": 3.23555
  },
  {
    "name": "Puiseux-en-France",
    "country": "FR",
    "lat": 49.05552,
    "lng": 2.50035
  },
  {
    "name": "Puiseaux",
    "country": "FR",
    "lat": 48.09234,
    "lng": 2.05967
  },
  {
    "name": "Puilboreau",
    "country": "FR",
    "lat": 46.18563,
    "lng": -1.11804
  },
  {
    "name": "Puichéric",
    "country": "FR",
    "lat": 43.22405,
    "lng": 2.62404
  },
  {
    "name": "Pugnac",
    "country": "FR",
    "lat": 45.08204,
    "lng": -0.49628
  },
  {
    "name": "Puget-Ville",
    "country": "FR",
    "lat": 43.28958,
    "lng": 6.13612
  },
  {
    "name": "Puget-Théniers",
    "country": "FR",
    "lat": 43.95598,
    "lng": 6.89378
  },
  {
    "name": "Puget-sur-Argens",
    "country": "FR",
    "lat": 43.45576,
    "lng": 6.68519
  },
  {
    "name": "Publier",
    "country": "FR",
    "lat": 46.38773,
    "lng": 6.54356
  },
  {
    "name": "Putney",
    "country": "GB",
    "lat": 51.46072,
    "lng": -0.21814
  },
  {
    "name": "Purton",
    "country": "GB",
    "lat": 51.58889,
    "lng": -1.87419
  },
  {
    "name": "Purley",
    "country": "GB",
    "lat": 51.33678,
    "lng": -0.11201
  },
  {
    "name": "Puriton",
    "country": "GB",
    "lat": 51.16933,
    "lng": -2.97198
  },
  {
    "name": "Purfleet-on-Thames",
    "country": "GB",
    "lat": 51.4839,
    "lng": 0.24247
  },
  {
    "name": "Pulloxhill",
    "country": "GB",
    "lat": 51.99487,
    "lng": -0.45316
  },
  {
    "name": "Pulborough",
    "country": "GB",
    "lat": 50.95753,
    "lng": -0.5128
  },
  {
    "name": "Pudsey",
    "country": "GB",
    "lat": 53.79538,
    "lng": -1.66134
  },
  {
    "name": "Puddletown",
    "country": "GB",
    "lat": 50.75,
    "lng": -2.35
  },
  {
    "name": "Puckeridge",
    "country": "GB",
    "lat": 51.89013,
    "lng": 0.01309
  },
  {
    "name": "Publow",
    "country": "GB",
    "lat": 51.37877,
    "lng": -2.54351
  },
  {
    "name": "Pucklechurch",
    "country": "GB",
    "lat": 51.48583,
    "lng": -2.43389
  },
  {
    "name": "Purulhá",
    "country": "GT",
    "lat": 15.23566,
    "lng": -90.23571
  },
  {
    "name": "Puerto San José",
    "country": "GT",
    "lat": 13.92216,
    "lng": -90.81906
  },
  {
    "name": "Puerto Barrios",
    "country": "GT",
    "lat": 15.72724,
    "lng": -88.59787
  },
  {
    "name": "Pueblo Nuevo Viñas",
    "country": "GT",
    "lat": 14.22576,
    "lng": -90.47613
  },
  {
    "name": "Pueblo Nuevo",
    "country": "GT",
    "lat": 14.64709,
    "lng": -91.53946
  },
  {
    "name": "Pui O",
    "country": "HK",
    "lat": 22.24597,
    "lng": 113.97817
  },
  {
    "name": "Puerto Cortez",
    "country": "HN",
    "lat": 15.82562,
    "lng": -87.92968
  },
  {
    "name": "Punuare",
    "country": "HN",
    "lat": 14.73333,
    "lng": -85.96667
  },
  {
    "name": "Punta Piedra",
    "country": "HN",
    "lat": 15.9,
    "lng": -85.28333
  },
  {
    "name": "Punta Ocote",
    "country": "HN",
    "lat": 15.2,
    "lng": -87.28333
  },
  {
    "name": "Puerto Lempira",
    "country": "HN",
    "lat": 15.26566,
    "lng": -83.77436
  },
  {
    "name": "Puerto Castilla",
    "country": "HN",
    "lat": 16.01667,
    "lng": -85.96667
  },
  {
    "name": "Puerto Alto",
    "country": "HN",
    "lat": 15.7,
    "lng": -87.86667
  },
  {
    "name": "Pueblo Nuevo",
    "country": "HN",
    "lat": 15.34655,
    "lng": -87.99041
  },
  {
    "name": "Pueblo Nuevo",
    "country": "HN",
    "lat": 15.0,
    "lng": -88.75
  },
  {
    "name": "Pušćine",
    "country": "HR",
    "lat": 46.35062,
    "lng": 16.36528
  },
  {
    "name": "Punitovci",
    "country": "HR",
    "lat": 45.43306,
    "lng": 18.41639
  },
  {
    "name": "Punat",
    "country": "HR",
    "lat": 45.01472,
    "lng": 14.62889
  },
  {
    "name": "Pula",
    "country": "HR",
    "lat": 44.86833,
    "lng": 13.84806
  },
  {
    "name": "Pučišća",
    "country": "HR",
    "lat": 43.34778,
    "lng": 16.73389
  },
  {
    "name": "Pucak",
    "country": "HR",
    "lat": 45.44661,
    "lng": 14.8917
  },
  {
    "name": "Putnok",
    "country": "HU",
    "lat": 48.3,
    "lng": 20.43333
  },
  {
    "name": "Pusztaföldvár",
    "country": "HU",
    "lat": 46.53333,
    "lng": 20.8
  },
  {
    "name": "Pusztavám",
    "country": "HU",
    "lat": 47.42948,
    "lng": 18.22648
  },
  {
    "name": "Pusztaszer",
    "country": "HU",
    "lat": 46.55083,
    "lng": 19.98823
  },
  {
    "name": "Pusztaszabolcs",
    "country": "HU",
    "lat": 47.13718,
    "lng": 18.76704
  },
  {
    "name": "Putussibau",
    "country": "ID",
    "lat": 0.83333,
    "lng": 112.93333
  },
  {
    "name": "Purworejo",
    "country": "ID",
    "lat": -7.71139,
    "lng": 110.01028
  },
  {
    "name": "Purwokerto",
    "country": "ID",
    "lat": -7.42139,
    "lng": 109.23444
  },
  {
    "name": "Purwoharjo",
    "country": "ID",
    "lat": -8.501,
    "lng": 114.222
  },
  {
    "name": "Purwodadi",
    "country": "ID",
    "lat": -7.0868,
    "lng": 110.9158
  },
  {
    "name": "Purwakarta",
    "country": "ID",
    "lat": -6.55694,
    "lng": 107.44333
  },
  {
    "name": "Puruk Cahu",
    "country": "ID",
    "lat": -0.58333,
    "lng": 114.58333
  },
  {
    "name": "Purbalingga",
    "country": "ID",
    "lat": -7.38806,
    "lng": 109.36389
  },
  {
    "name": "Pundong",
    "country": "ID",
    "lat": -7.95222,
    "lng": 110.34861
  },
  {
    "name": "Pule",
    "country": "ID",
    "lat": -8.1238,
    "lng": 111.5614
  },
  {
    "name": "Pulaupinang",
    "country": "ID",
    "lat": -3.89106,
    "lng": 103.52023
  },
  {
    "name": "Pulau Kijang",
    "country": "ID",
    "lat": -0.6868,
    "lng": 103.1841
  },
  {
    "name": "Pulauberingin",
    "country": "ID",
    "lat": -4.49982,
    "lng": 103.63662
  },
  {
    "name": "Pulang Pisau",
    "country": "ID",
    "lat": -2.7671,
    "lng": 114.2406
  },
  {
    "name": "Puger",
    "country": "ID",
    "lat": -8.3702,
    "lng": 113.4752
  },
  {
    "name": "Punggur",
    "country": "ID",
    "lat": -5.04146,
    "lng": 105.27734
  },
  {
    "name": "Pule",
    "country": "ID",
    "lat": -8.0482,
    "lng": 113.1404
  },
  {
    "name": "Puncaktugu",
    "country": "ID",
    "lat": -7.2053,
    "lng": 106.8337
  },
  {
    "name": "Pulaupanggung",
    "country": "ID",
    "lat": -5.31812,
    "lng": 104.74152
  },
  {
    "name": "Pucanglaban",
    "country": "ID",
    "lat": -8.2626,
    "lng": 112.0153
  },
  {
    "name": "Pulosari",
    "country": "ID",
    "lat": -7.0091,
    "lng": 108.0174
  },
  {
    "name": "Pulau Punjung",
    "country": "ID",
    "lat": -0.959,
    "lng": 101.5002
  },
  {
    "name": "Pulo Batal",
    "country": "ID",
    "lat": 2.22532,
    "lng": 97.23413
  },
  {
    "name": "Pulopaya",
    "country": "ID",
    "lat": 2.87349,
    "lng": 97.65178
  },
  {
    "name": "Pulo Ie",
    "country": "ID",
    "lat": 3.28192,
    "lng": 97.35545
  },
  {
    "name": "Pulau Tiga",
    "country": "ID",
    "lat": 4.12685,
    "lng": 97.8776
  },
  {
    "name": "Pulau Temiang",
    "country": "ID",
    "lat": -1.22495,
    "lng": 102.24228
  },
  {
    "name": "Pudi",
    "country": "ID",
    "lat": -2.8878,
    "lng": 116.3435
  },
  {
    "name": "Putatbasiun",
    "country": "ID",
    "lat": -2.4206,
    "lng": 115.5294
  },
  {
    "name": "Pulau Pramuka",
    "country": "ID",
    "lat": -5.74583,
    "lng": 106.61389
  },
  {
    "name": "Puttūr",
    "country": "IN",
    "lat": 13.44189,
    "lng": 79.55314
  },
  {
    "name": "Puttūr",
    "country": "IN",
    "lat": 12.75975,
    "lng": 75.20169
  },
  {
    "name": "Pushkar",
    "country": "IN",
    "lat": 26.49022,
    "lng": 74.55211
  },
  {
    "name": "Pusaur",
    "country": "IN",
    "lat": 21.75386,
    "lng": 83.38231
  },
  {
    "name": "Pusad",
    "country": "IN",
    "lat": 19.91274,
    "lng": 77.57838
  },
  {
    "name": "Purwā",
    "country": "IN",
    "lat": 26.45756,
    "lng": 80.77403
  },
  {
    "name": "Purushottampur",
    "country": "IN",
    "lat": 19.52024,
    "lng": 84.88514
  },
  {
    "name": "Puruliya",
    "country": "IN",
    "lat": 23.33062,
    "lng": 86.36303
  },
  {
    "name": "Purnia",
    "country": "IN",
    "lat": 25.77895,
    "lng": 87.47422
  },
  {
    "name": "Puri",
    "country": "IN",
    "lat": 19.79825,
    "lng": 85.82494
  },
  {
    "name": "Purāini",
    "country": "IN",
    "lat": 25.14257,
    "lng": 86.97967
  },
  {
    "name": "Pupri",
    "country": "IN",
    "lat": 26.47079,
    "lng": 85.70311
  },
  {
    "name": "Punjai Puliyampatti",
    "country": "IN",
    "lat": 11.35163,
    "lng": 77.16671
  },
  {
    "name": "Punganūru",
    "country": "IN",
    "lat": 13.36672,
    "lng": 78.57186
  },
  {
    "name": "Pune",
    "country": "IN",
    "lat": 18.51957,
    "lng": 73.85535
  },
  {
    "name": "Punāsa",
    "country": "IN",
    "lat": 22.23507,
    "lng": 76.39335
  },
  {
    "name": "Punalūr",
    "country": "IN",
    "lat": 9.01956,
    "lng": 76.92261
  },
  {
    "name": "Pulwama",
    "country": "IN",
    "lat": 33.87405,
    "lng": 74.89955
  },
  {
    "name": "Pullambādi",
    "country": "IN",
    "lat": 10.9411,
    "lng": 78.91041
  },
  {
    "name": "Puliyūr",
    "country": "IN",
    "lat": 10.63375,
    "lng": 78.84139
  },
  {
    "name": "Puliyankudi",
    "country": "IN",
    "lat": 9.17489,
    "lng": 77.39799
  },
  {
    "name": "Pulivendla",
    "country": "IN",
    "lat": 14.42139,
    "lng": 78.22502
  },
  {
    "name": "Pulgaon",
    "country": "IN",
    "lat": 20.72204,
    "lng": 78.32056
  },
  {
    "name": "Pukhrāyān",
    "country": "IN",
    "lat": 26.22375,
    "lng": 79.83739
  },
  {
    "name": "Pugalūr",
    "country": "IN",
    "lat": 11.07401,
    "lng": 78.02095
  },
  {
    "name": "Puduvāyal",
    "country": "IN",
    "lat": 13.33015,
    "lng": 80.14577
  },
  {
    "name": "Pudūr",
    "country": "IN",
    "lat": 12.99801,
    "lng": 79.14352
  },
  {
    "name": "Pudūr",
    "country": "IN",
    "lat": 9.29169,
    "lng": 78.13848
  },
  {
    "name": "Puduppatti",
    "country": "IN",
    "lat": 11.15217,
    "lng": 78.21205
  },
  {
    "name": "Pudunagaram",
    "country": "IN",
    "lat": 10.68018,
    "lng": 76.68363
  },
  {
    "name": "Pudukkottai",
    "country": "IN",
    "lat": 10.38128,
    "lng": 78.82141
  },
  {
    "name": "Puducherry",
    "country": "IN",
    "lat": 11.93381,
    "lng": 79.82979
  },
  {
    "name": "Pujali",
    "country": "IN",
    "lat": 22.46787,
    "lng": 88.14524
  },
  {
    "name": "Puttaparthi",
    "country": "IN",
    "lat": 14.1652,
    "lng": 77.8117
  },
  {
    "name": "Puliyūr",
    "country": "IN",
    "lat": 10.94991,
    "lng": 78.1453
  },
  {
    "name": "Puduvayal",
    "country": "IN",
    "lat": 10.10338,
    "lng": 78.84624
  },
  {
    "name": "Pudupattanam",
    "country": "IN",
    "lat": 12.50855,
    "lng": 80.14976
  },
  {
    "name": "Pudu",
    "country": "IN",
    "lat": 12.86667,
    "lng": 74.96726
  },
  {
    "name": "Puzhathi",
    "country": "IN",
    "lat": 11.90112,
    "lng": 75.38924
  },
  {
    "name": "Punnayūr",
    "country": "IN",
    "lat": 10.65207,
    "lng": 75.99512
  },
  {
    "name": "Puthencruz",
    "country": "IN",
    "lat": 9.97734,
    "lng": 76.41047
  },
  {
    "name": "Puranattukara",
    "country": "IN",
    "lat": 10.54532,
    "lng": 76.15225
  },
  {
    "name": "Puthukkad",
    "country": "IN",
    "lat": 10.41771,
    "lng": 76.27014
  },
  {
    "name": "Puliyankannu",
    "country": "IN",
    "lat": 12.93922,
    "lng": 79.30787
  },
  {
    "name": "Puzhakkal",
    "country": "IN",
    "lat": 10.54708,
    "lng": 76.17768
  },
  {
    "name": "Puthenvelikara",
    "country": "IN",
    "lat": 10.18511,
    "lng": 76.24537
  },
  {
    "name": "Puthūr",
    "country": "IN",
    "lat": 10.4874,
    "lng": 76.27929
  },
  {
    "name": "Puthuppariyāram",
    "country": "IN",
    "lat": 10.81314,
    "lng": 76.62869
  },
  {
    "name": "Pudusseri",
    "country": "IN",
    "lat": 10.75824,
    "lng": 76.78594
  },
  {
    "name": "Puttankulam",
    "country": "IN",
    "lat": 8.8138,
    "lng": 76.71791
  },
  {
    "name": "Pudūr",
    "country": "IN",
    "lat": 11.436,
    "lng": 77.67603
  },
  {
    "name": "Puravachcheri",
    "country": "IN",
    "lat": 10.75694,
    "lng": 79.82228
  },
  {
    "name": "Puduppatti",
    "country": "IN",
    "lat": 9.61705,
    "lng": 77.63754
  },
  {
    "name": "Puttantura",
    "country": "IN",
    "lat": 8.10265,
    "lng": 77.41878
  },
  {
    "name": "Puderiyūr",
    "country": "IN",
    "lat": 8.21522,
    "lng": 77.43359
  },
  {
    "name": "Puttalam",
    "country": "IN",
    "lat": 8.09807,
    "lng": 77.464
  },
  {
    "name": "Pudūr",
    "country": "IN",
    "lat": 8.8692,
    "lng": 77.99376
  },
  {
    "name": "Pudukkottai",
    "country": "IN",
    "lat": 9.93731,
    "lng": 78.05325
  },
  {
    "name": "Pudur",
    "country": "IN",
    "lat": 9.00009,
    "lng": 77.20756
  },
  {
    "name": "Puduppatti",
    "country": "IN",
    "lat": 9.76575,
    "lng": 77.30653
  },
  {
    "name": "Pudūr",
    "country": "IN",
    "lat": 11.63275,
    "lng": 78.10511
  },
  {
    "name": "Pugalūr Agrahāram",
    "country": "IN",
    "lat": 11.08832,
    "lng": 78.00647
  },
  {
    "name": "Puduppatti",
    "country": "IN",
    "lat": 11.49649,
    "lng": 78.27062
  },
  {
    "name": "Pulāmbādi",
    "country": "IN",
    "lat": 11.41239,
    "lng": 78.71411
  },
  {
    "name": "Pub - Dhaniram Pather",
    "country": "IN",
    "lat": 26.01377,
    "lng": 92.87166
  },
  {
    "name": "Pul Pehlad",
    "country": "IN",
    "lat": 28.49938,
    "lng": 77.29104
  },
  {
    "name": "Purihasa",
    "country": "IN",
    "lat": 22.74453,
    "lng": 86.19297
  },
  {
    "name": "Pullur",
    "country": "IN",
    "lat": 10.34504,
    "lng": 76.24446
  },
  {
    "name": "Pudussery West",
    "country": "IN",
    "lat": 10.78802,
    "lng": 76.72788
  },
  {
    "name": "Puthuppally",
    "country": "IN",
    "lat": 9.55752,
    "lng": 76.57483
  },
  {
    "name": "Purne",
    "country": "IN",
    "lat": 19.25865,
    "lng": 73.0269
  },
  {
    "name": "Puliyoorsalai",
    "country": "IN",
    "lat": 8.41966,
    "lng": 77.19716
  },
  {
    "name": "Puthukkadai",
    "country": "IN",
    "lat": 8.27585,
    "lng": 77.17932
  },
  {
    "name": "Pudupalayam",
    "country": "IN",
    "lat": 12.36197,
    "lng": 78.87761
  },
  {
    "name": "Puzhal",
    "country": "IN",
    "lat": 13.16475,
    "lng": 80.20385
  },
  {
    "name": "Pula",
    "country": "IT",
    "lat": 39.00727,
    "lng": 9.00223
  },
  {
    "name": "Putignano",
    "country": "IT",
    "lat": 40.85106,
    "lng": 17.1219
  },
  {
    "name": "Putifigari",
    "country": "IT",
    "lat": 40.56145,
    "lng": 8.46063
  },
  {
    "name": "Pusiano",
    "country": "IT",
    "lat": 45.81478,
    "lng": 9.28217
  },
  {
    "name": "Puos d'Alpago",
    "country": "IT",
    "lat": 46.14154,
    "lng": 12.36176
  },
  {
    "name": "Punta Marina",
    "country": "IT",
    "lat": 44.44272,
    "lng": 12.29089
  },
  {
    "name": "Pumenengo",
    "country": "IT",
    "lat": 45.48002,
    "lng": 9.86775
  },
  {
    "name": "Pulsano",
    "country": "IT",
    "lat": 40.38109,
    "lng": 17.35612
  },
  {
    "name": "Pulfero",
    "country": "IT",
    "lat": 46.17376,
    "lng": 13.48363
  },
  {
    "name": "Puianello",
    "country": "IT",
    "lat": 44.6263,
    "lng": 10.5642
  },
  {
    "name": "Puglianello",
    "country": "IT",
    "lat": 41.22179,
    "lng": 14.45023
  },
  {
    "name": "Puia-Villanova",
    "country": "IT",
    "lat": 45.86222,
    "lng": 12.57139
  },
  {
    "name": "Puegnago sul Garda",
    "country": "IT",
    "lat": 45.56679,
    "lng": 10.50977
  },
  {
    "name": "Pulce",
    "country": "IT",
    "lat": 44.44909,
    "lng": 11.41153
  },
  {
    "name": "Puginate",
    "country": "IT",
    "lat": 45.71095,
    "lng": 9.05772
  },
  {
    "name": "Pugliano",
    "country": "IT",
    "lat": 40.67876,
    "lng": 14.94543
  },
  {
    "name": "Pumwani",
    "country": "KE",
    "lat": -1.28316,
    "lng": 36.84725
  },
  {
    "name": "Pulgon",
    "country": "KG",
    "lat": 40.14724,
    "lng": 71.72962
  },
  {
    "name": "Pursat",
    "country": "KH",
    "lat": 12.53878,
    "lng": 103.9192
  },
  {
    "name": "Puryŏng-ŭp",
    "country": "KP",
    "lat": 42.06224,
    "lng": 129.70457
  },
  {
    "name": "Pukchil-lodongjagu",
    "country": "KP",
    "lat": 40.20194,
    "lng": 125.74833
  },
  {
    "name": "Puan",
    "country": "KR",
    "lat": 35.72806,
    "lng": 126.73194
  },
  {
    "name": "Pubal",
    "country": "KR",
    "lat": 37.29167,
    "lng": 127.50778
  },
  {
    "name": "Puttalam",
    "country": "LK",
    "lat": 8.0362,
    "lng": 79.8283
  },
  {
    "name": "Putscheid",
    "country": "LU",
    "lat": 49.96083,
    "lng": 6.14306
  },
  {
    "name": "Putao",
    "country": "MM",
    "lat": 27.35264,
    "lng": 97.40038
  },
  {
    "name": "Pulei",
    "country": "MM",
    "lat": 16.06243,
    "lng": 97.8828
  },
  {
    "name": "Puxcatán",
    "country": "MX",
    "lat": 17.45075,
    "lng": -92.68686
  },
  {
    "name": "Putla Villa de Guerrero",
    "country": "MX",
    "lat": 17.0263,
    "lng": -97.92854
  },
  {
    "name": "Pustunich",
    "country": "MX",
    "lat": 20.36914,
    "lng": -89.51187
  },
  {
    "name": "Purísima de Arista",
    "country": "MX",
    "lat": 21.31174,
    "lng": -99.51196
  },
  {
    "name": "Puerto Madero",
    "country": "MX",
    "lat": 14.72076,
    "lng": -92.42146
  },
  {
    "name": "Puerto Escondido",
    "country": "MX",
    "lat": 15.86275,
    "lng": -97.06835
  },
  {
    "name": "Puerto Ángel",
    "country": "MX",
    "lat": 15.66898,
    "lng": -96.49095
  },
  {
    "name": "Puerta de Palmillas",
    "country": "MX",
    "lat": 20.31309,
    "lng": -99.91874
  },
  {
    "name": "Puente de Ixtla",
    "country": "MX",
    "lat": 18.61472,
    "lng": -99.31806
  },
  {
    "name": "Pueblo Nuevo",
    "country": "MX",
    "lat": 17.15996,
    "lng": -92.899
  },
  {
    "name": "Pueblo Nuevo",
    "country": "MX",
    "lat": 25.48409,
    "lng": -99.75987
  },
  {
    "name": "Pueblo Nuevo",
    "country": "MX",
    "lat": 19.93707,
    "lng": -99.91526
  },
  {
    "name": "Pueblo Nuevo",
    "country": "MX",
    "lat": 19.67419,
    "lng": -99.6175
  },
  {
    "name": "Pueblillo",
    "country": "MX",
    "lat": 20.25438,
    "lng": -97.25523
  },
  {
    "name": "Puebla",
    "country": "MX",
    "lat": 19.04778,
    "lng": -98.20723
  },
  {
    "name": "Pucté",
    "country": "MX",
    "lat": 18.23237,
    "lng": -88.6676
  },
  {
    "name": "Pueblo Nuevo",
    "country": "MX",
    "lat": 18.70068,
    "lng": -99.15277
  },
  {
    "name": "Puntilla Aldama",
    "country": "MX",
    "lat": 20.18915,
    "lng": -96.90693
  },
  {
    "name": "Pueblo Viejo",
    "country": "MX",
    "lat": 17.9075,
    "lng": -96.05778
  },
  {
    "name": "Puerto Ceiba",
    "country": "MX",
    "lat": 18.41084,
    "lng": -93.17856
  },
  {
    "name": "Pueblo Viejo",
    "country": "MX",
    "lat": 18.2013,
    "lng": -93.08638
  },
  {
    "name": "Pueblo Nuevo de las Raíces",
    "country": "MX",
    "lat": 17.84496,
    "lng": -92.878
  },
  {
    "name": "Pueblo Hidalgo",
    "country": "MX",
    "lat": 21.11447,
    "lng": -98.67817
  },
  {
    "name": "Pueblo Nuevo",
    "country": "MX",
    "lat": 20.45511,
    "lng": -99.16652
  },
  {
    "name": "Punta Arena",
    "country": "MX",
    "lat": 17.74601,
    "lng": -92.05871
  },
  {
    "name": "Puentecillas",
    "country": "MX",
    "lat": 20.02568,
    "lng": -99.97806
  },
  {
    "name": "Pueblo Viejo",
    "country": "MX",
    "lat": 17.09774,
    "lng": -99.98811
  },
  {
    "name": "Pueblo Hidalgo",
    "country": "MX",
    "lat": 16.9521,
    "lng": -98.65596
  },
  {
    "name": "Puente Jula",
    "country": "MX",
    "lat": 19.20018,
    "lng": -96.34828
  },
  {
    "name": "Puente de Piedra",
    "country": "MX",
    "lat": 20.6055,
    "lng": -97.19601
  },
  {
    "name": "Pueblo Nuevo de Morelos",
    "country": "MX",
    "lat": 19.76245,
    "lng": -99.05385
  },
  {
    "name": "Pueblo Nuevo",
    "country": "MX",
    "lat": 24.59359,
    "lng": -107.35295
  },
  {
    "name": "Puerto San Carlos",
    "country": "MX",
    "lat": 24.78874,
    "lng": -112.10504
  },
  {
    "name": "Puruarán",
    "country": "MX",
    "lat": 19.0963,
    "lng": -101.52234
  },
  {
    "name": "Puruándiro",
    "country": "MX",
    "lat": 20.08886,
    "lng": -101.51579
  },
  {
    "name": "Puroagua",
    "country": "MX",
    "lat": 20.07913,
    "lng": -100.45291
  },
  {
    "name": "Purísima de Bustos",
    "country": "MX",
    "lat": 21.0315,
    "lng": -101.87833
  },
  {
    "name": "Purísima de Covarrubias",
    "country": "MX",
    "lat": 20.61932,
    "lng": -101.4834
  },
  {
    "name": "Purificación",
    "country": "MX",
    "lat": 19.71738,
    "lng": -104.60534
  },
  {
    "name": "Purépero de Echáiz",
    "country": "MX",
    "lat": 19.91039,
    "lng": -102.00625
  },
  {
    "name": "Puga",
    "country": "MX",
    "lat": 21.58443,
    "lng": -104.82318
  },
  {
    "name": "Puerto Vallarta",
    "country": "MX",
    "lat": 20.617,
    "lng": -105.23018
  },
  {
    "name": "Puerto Peñasco",
    "country": "MX",
    "lat": 31.31716,
    "lng": -113.53799
  },
  {
    "name": "Puerto Palomas",
    "country": "MX",
    "lat": 31.77718,
    "lng": -107.63439
  },
  {
    "name": "Puerto de Nieto",
    "country": "MX",
    "lat": 20.88975,
    "lng": -100.53814
  },
  {
    "name": "Puerto de Carroza",
    "country": "MX",
    "lat": 20.89862,
    "lng": -100.41164
  },
  {
    "name": "Puerta de Mangos",
    "country": "MX",
    "lat": 21.71853,
    "lng": -105.33534
  },
  {
    "name": "Puente de Camotlán",
    "country": "MX",
    "lat": 21.6987,
    "lng": -104.07996
  },
  {
    "name": "Pueblo Yaqui",
    "country": "MX",
    "lat": 27.35515,
    "lng": -110.034
  },
  {
    "name": "Pueblo Viejo",
    "country": "MX",
    "lat": 25.61413,
    "lng": -108.41581
  },
  {
    "name": "Pueblo Nuevo",
    "country": "MX",
    "lat": 20.52516,
    "lng": -101.37196
  },
  {
    "name": "Pueblito de Allende",
    "country": "MX",
    "lat": 26.99065,
    "lng": -105.32686
  },
  {
    "name": "Puácuaro",
    "country": "MX",
    "lat": 19.6028,
    "lng": -101.67419
  },
  {
    "name": "Puerto Adolfo Lopez Mateos",
    "country": "MX",
    "lat": 25.19224,
    "lng": -112.1168
  },
  {
    "name": "Purísima",
    "country": "MX",
    "lat": 25.67927,
    "lng": -103.32059
  },
  {
    "name": "Puente Grande",
    "country": "MX",
    "lat": 20.56832,
    "lng": -103.15627
  },
  {
    "name": "Pueblo Juárez (La Magdalena)",
    "country": "MX",
    "lat": 19.16722,
    "lng": -103.93111
  },
  {
    "name": "Pueblo Nuevo",
    "country": "MX",
    "lat": 23.38359,
    "lng": -105.37084
  },
  {
    "name": "Purísima Concepción Mayorazgo",
    "country": "MX",
    "lat": 19.69159,
    "lng": -100.00211
  },
  {
    "name": "Puebla",
    "country": "MX",
    "lat": 32.56645,
    "lng": -115.35387
  },
  {
    "name": "Puertecito de la Virgen",
    "country": "MX",
    "lat": 21.96028,
    "lng": -102.26889
  },
  {
    "name": "Puerta del Monte",
    "country": "MX",
    "lat": 20.25853,
    "lng": -101.02597
  },
  {
    "name": "Puentecillas",
    "country": "MX",
    "lat": 20.93187,
    "lng": -101.27873
  },
  {
    "name": "Pueblo Viejo",
    "country": "MX",
    "lat": 19.77638,
    "lng": -100.81474
  },
  {
    "name": "Purechucho",
    "country": "MX",
    "lat": 18.58227,
    "lng": -100.88843
  },
  {
    "name": "Pueblo Viejo",
    "country": "MX",
    "lat": 17.53864,
    "lng": -100.11776
  },
  {
    "name": "Puerto de Aguirre",
    "country": "MX",
    "lat": 20.80694,
    "lng": -100.4329
  },
  {
    "name": "Puerto Aventuras",
    "country": "MX",
    "lat": 20.50075,
    "lng": -87.22647
  },
  {
    "name": "Pujal-Coy",
    "country": "MX",
    "lat": 22.176,
    "lng": -98.50512
  },
  {
    "name": "Puerto Escondido (Tepeolulco Puerto Escondido)",
    "country": "MX",
    "lat": 19.55194,
    "lng": -99.09806
  },
  {
    "name": "Puerto Esmeralda",
    "country": "MX",
    "lat": 18.14778,
    "lng": -94.51778
  },
  {
    "name": "Puerto de Buenavista (Lázaro Cárdenas)",
    "country": "MX",
    "lat": 19.68806,
    "lng": -101.12722
  },
  {
    "name": "Pueblo Mayo",
    "country": "MX",
    "lat": 27.20361,
    "lng": -109.555
  },
  {
    "name": "Pueblos Unidos",
    "country": "MX",
    "lat": 24.2925,
    "lng": -107.15139
  },
  {
    "name": "Purísima del Progreso",
    "country": "MX",
    "lat": 20.79333,
    "lng": -101.33028
  },
  {
    "name": "Pueblo Nuevo Tlalmimilolpan",
    "country": "MX",
    "lat": 19.39222,
    "lng": -99.50167
  },
  {
    "name": "Pueblo Nuevo",
    "country": "MX",
    "lat": 23.99111,
    "lng": -106.95639
  },
  {
    "name": "Puxtla",
    "country": "MX",
    "lat": 18.81,
    "lng": -98.9825
  },
  {
    "name": "Purísima de Cubos (La Purísima)",
    "country": "MX",
    "lat": 20.60028,
    "lng": -100.11833
  },
  {
    "name": "Pueblo Nuevo",
    "country": "MX",
    "lat": 18.94806,
    "lng": -99.58417
  },
  {
    "name": "Putlunichuchut (Vista Hermosa)",
    "country": "MX",
    "lat": 20.15593,
    "lng": -97.61557
  },
  {
    "name": "Puerto de Providencia",
    "country": "MX",
    "lat": 22.36528,
    "lng": -101.06556
  },
  {
    "name": "Puebla",
    "country": "MX",
    "lat": 16.91583,
    "lng": -92.50389
  },
  {
    "name": "Puerta del Llano",
    "country": "MX",
    "lat": 20.78528,
    "lng": -103.46139
  },
  {
    "name": "Pugchén Mumuntic",
    "country": "MX",
    "lat": 16.86389,
    "lng": -92.82361
  },
  {
    "name": "Puentecillas (Tercera Manzana de Zirahuato)",
    "country": "MX",
    "lat": 19.505,
    "lng": -100.405
  },
  {
    "name": "Pueblo Madero (El Playón)",
    "country": "MX",
    "lat": 17.12611,
    "lng": -99.6725
  },
  {
    "name": "Pueblo Benito García",
    "country": "MX",
    "lat": 30.51583,
    "lng": -115.93278
  },
  {
    "name": "Pueblo Nuevo",
    "country": "MX",
    "lat": 19.14083,
    "lng": -99.42639
  },
  {
    "name": "Puerto de Chiquihuite",
    "country": "MX",
    "lat": 20.70083,
    "lng": -99.83528
  },
  {
    "name": "Putatan",
    "country": "MY",
    "lat": 5.9258,
    "lng": 116.06094
  },
  {
    "name": "Pulai",
    "country": "MY",
    "lat": 5.65489,
    "lng": 100.89541
  },
  {
    "name": "Pusing",
    "country": "MY",
    "lat": 4.4941,
    "lng": 101.0079
  },
  {
    "name": "Pulai Chondong",
    "country": "MY",
    "lat": 5.87133,
    "lng": 102.23177
  },
  {
    "name": "Pusa",
    "country": "MY",
    "lat": 1.58333,
    "lng": 111.25
  },
  {
    "name": "Pulau Sebang",
    "country": "MY",
    "lat": 2.455,
    "lng": 102.2329
  },
  {
    "name": "Pudu",
    "country": "MY",
    "lat": 3.13333,
    "lng": 101.71667
  },
  {
    "name": "Puchong",
    "country": "MY",
    "lat": 3.0,
    "lng": 101.61667
  },
  {
    "name": "Putrajaya",
    "country": "MY",
    "lat": 2.93527,
    "lng": 101.69112
  },
  {
    "name": "Putra Heights",
    "country": "MY",
    "lat": 2.99361,
    "lng": 101.57255
  },
  {
    "name": "Puerto Morazán",
    "country": "NI",
    "lat": 12.85042,
    "lng": -87.17167
  },
  {
    "name": "Puerto Cabezas",
    "country": "NI",
    "lat": 14.03507,
    "lng": -83.38882
  },
  {
    "name": "Pueblo Nuevo",
    "country": "NI",
    "lat": 13.37984,
    "lng": -86.48075
  },
  {
    "name": "Putten",
    "country": "NL",
    "lat": 52.25917,
    "lng": 5.60694
  },
  {
    "name": "Putte",
    "country": "NL",
    "lat": 51.36,
    "lng": 4.39583
  },
  {
    "name": "Puth",
    "country": "NL",
    "lat": 50.95417,
    "lng": 5.87361
  },
  {
    "name": "Purmerend",
    "country": "NL",
    "lat": 52.505,
    "lng": 4.95972
  },
  {
    "name": "Puiflijk",
    "country": "NL",
    "lat": 51.87833,
    "lng": 5.59028
  },
  {
    "name": "Pukerua Bay",
    "country": "NZ",
    "lat": -41.03333,
    "lng": 174.9
  },
  {
    "name": "Pukekohe East",
    "country": "NZ",
    "lat": -37.2,
    "lng": 174.95
  },
  {
    "name": "Putaruru",
    "country": "NZ",
    "lat": -38.04822,
    "lng": 175.78021
  },
  {
    "name": "Pueblo Nuevo",
    "country": "PA",
    "lat": 8.15362,
    "lng": -78.24442
  },
  {
    "name": "Punta Róbalo",
    "country": "PA",
    "lat": 9.03793,
    "lng": -82.2477
  },
  {
    "name": "Punta Laurel",
    "country": "PA",
    "lat": 9.14124,
    "lng": -82.12696
  },
  {
    "name": "Punta Peña",
    "country": "PA",
    "lat": 8.91659,
    "lng": -82.18488
  },
  {
    "name": "Puerto Vidal",
    "country": "PA",
    "lat": 8.04934,
    "lng": -81.60454
  },
  {
    "name": "Puerto Pilón",
    "country": "PA",
    "lat": 9.36316,
    "lng": -79.79333
  },
  {
    "name": "Puerto Obaldía",
    "country": "PA",
    "lat": 8.66632,
    "lng": -77.41922
  },
  {
    "name": "Puerto Escondido",
    "country": "PA",
    "lat": 9.19419,
    "lng": -80.09566
  },
  {
    "name": "Puerto Caimito",
    "country": "PA",
    "lat": 8.87392,
    "lng": -79.71572
  },
  {
    "name": "Puerto Armuelles",
    "country": "PA",
    "lat": 8.27775,
    "lng": -82.86206
  },
  {
    "name": "Pueblo Viejo",
    "country": "PA",
    "lat": 8.25081,
    "lng": -81.66259
  },
  {
    "name": "Puerto Lindo",
    "country": "PA",
    "lat": 9.60539,
    "lng": -79.58564
  },
  {
    "name": "Pueblo Nuevo",
    "country": "PA",
    "lat": 8.8807,
    "lng": -82.22411
  },
  {
    "name": "Puños",
    "country": "PE",
    "lat": -9.49735,
    "lng": -76.88469
  },
  {
    "name": "Punchao",
    "country": "PE",
    "lat": -9.46221,
    "lng": -76.81953
  },
  {
    "name": "Puerto Santa",
    "country": "PE",
    "lat": -8.98979,
    "lng": -78.64603
  },
  {
    "name": "Puerto Rico",
    "country": "PE",
    "lat": -6.99222,
    "lng": -76.41917
  },
  {
    "name": "Puerto Inca",
    "country": "PE",
    "lat": -9.377,
    "lng": -74.96564
  },
  {
    "name": "Puerto Galilea",
    "country": "PE",
    "lat": -4.01512,
    "lng": -77.75835
  },
  {
    "name": "Puerto Casma",
    "country": "PE",
    "lat": -9.46129,
    "lng": -78.38328
  },
  {
    "name": "Pueblo Nuevo",
    "country": "PE",
    "lat": -7.18806,
    "lng": -79.51528
  },
  {
    "name": "Pueblo Nuevo",
    "country": "PE",
    "lat": -5.71667,
    "lng": -79.88333
  },
  {
    "name": "Pueblo Libre",
    "country": "PE",
    "lat": -9.11075,
    "lng": -77.80181
  },
  {
    "name": "Pucará",
    "country": "PE",
    "lat": -6.04184,
    "lng": -79.13012
  },
  {
    "name": "Pucallpa",
    "country": "PE",
    "lat": -8.37915,
    "lng": -74.55387
  },
  {
    "name": "Pucacaca",
    "country": "PE",
    "lat": -6.85167,
    "lng": -76.34167
  },
  {
    "name": "Puerto Callao",
    "country": "PE",
    "lat": -8.35806,
    "lng": -74.57361
  },
  {
    "name": "Putina",
    "country": "PE",
    "lat": -15.47506,
    "lng": -69.43056
  },
  {
    "name": "Putina",
    "country": "PE",
    "lat": -14.91667,
    "lng": -69.86667
  },
  {
    "name": "Pusi",
    "country": "PE",
    "lat": -15.44173,
    "lng": -69.92932
  },
  {
    "name": "Puquio",
    "country": "PE",
    "lat": -14.7,
    "lng": -74.13333
  },
  {
    "name": "Puquina",
    "country": "PE",
    "lat": -16.62416,
    "lng": -71.18436
  },
  {
    "name": "Punta Hermosa",
    "country": "PE",
    "lat": -12.33333,
    "lng": -76.81667
  },
  {
    "name": "Punta de Bombón",
    "country": "PE",
    "lat": -17.1719,
    "lng": -71.7924
  },
  {
    "name": "Puno",
    "country": "PE",
    "lat": -15.84003,
    "lng": -70.02198
  },
  {
    "name": "Pullo",
    "country": "PE",
    "lat": -15.21029,
    "lng": -73.82664
  },
  {
    "name": "Pujocucho",
    "country": "PE",
    "lat": -17.15364,
    "lng": -70.35651
  },
  {
    "name": "Puyca",
    "country": "PE",
    "lat": -15.05927,
    "lng": -72.69152
  },
  {
    "name": "Puerto Ocopa",
    "country": "PE",
    "lat": -11.14457,
    "lng": -74.30817
  },
  {
    "name": "Puerto Maldonado",
    "country": "PE",
    "lat": -12.58946,
    "lng": -69.19948
  },
  {
    "name": "Puerto de Lomas",
    "country": "PE",
    "lat": -15.56891,
    "lng": -74.85034
  },
  {
    "name": "Pueblo Nuevo",
    "country": "PE",
    "lat": -14.12806,
    "lng": -75.70667
  },
  {
    "name": "Pucyura",
    "country": "PE",
    "lat": -13.47889,
    "lng": -72.11167
  },
  {
    "name": "Pucusana",
    "country": "PE",
    "lat": -12.48333,
    "lng": -76.8
  },
  {
    "name": "Pucara",
    "country": "PE",
    "lat": -15.97993,
    "lng": -71.45988
  },
  {
    "name": "Pucará",
    "country": "PE",
    "lat": -15.03944,
    "lng": -70.36767
  },
  {
    "name": "Pucará",
    "country": "PE",
    "lat": -12.1725,
    "lng": -75.14536
  },
  {
    "name": "Pueblo Nuevo",
    "country": "PE",
    "lat": -17.615,
    "lng": -71.33833
  },
  {
    "name": "Pucayacu",
    "country": "PE",
    "lat": -8.74962,
    "lng": -76.12131
  },
  {
    "name": "Puente Viru",
    "country": "PE",
    "lat": -8.42513,
    "lng": -78.78097
  },
  {
    "name": "Puerto Rosario de Laberinto",
    "country": "PE",
    "lat": -12.71732,
    "lng": -69.58694
  },
  {
    "name": "Puerto San Antonio",
    "country": "PE",
    "lat": -12.21648,
    "lng": -74.48994
  },
  {
    "name": "Putina Punco",
    "country": "PE",
    "lat": -14.11218,
    "lng": -69.04767
  },
  {
    "name": "Punaauia",
    "country": "PF",
    "lat": -17.63333,
    "lng": -149.6
  },
  {
    "name": "Pueu",
    "country": "PF",
    "lat": -17.73831,
    "lng": -149.22376
  },
  {
    "name": "Putol",
    "country": "PH",
    "lat": 13.9922,
    "lng": 120.7275
  },
  {
    "name": "Putlod",
    "country": "PH",
    "lat": 15.3706,
    "lng": 120.8675
  },
  {
    "name": "Puting Kahoy",
    "country": "PH",
    "lat": 14.2157,
    "lng": 121.031
  },
  {
    "name": "Putingkahoy",
    "country": "PH",
    "lat": 13.83023,
    "lng": 121.32753
  },
  {
    "name": "Putiao",
    "country": "PH",
    "lat": 13.0195,
    "lng": 123.7148
  },
  {
    "name": "Putat",
    "country": "PH",
    "lat": 10.7858,
    "lng": 123.8469
  },
  {
    "name": "Puro Pinget",
    "country": "PH",
    "lat": 17.67967,
    "lng": 120.35883
  },
  {
    "name": "Puro",
    "country": "PH",
    "lat": 12.4841,
    "lng": 123.3827
  },
  {
    "name": "Puricay",
    "country": "PH",
    "lat": 6.68614,
    "lng": 124.06957
  },
  {
    "name": "Purac",
    "country": "PH",
    "lat": 15.252,
    "lng": 120.0169
  },
  {
    "name": "Pura",
    "country": "PH",
    "lat": 15.6248,
    "lng": 120.648
  },
  {
    "name": "Punta Silum",
    "country": "PH",
    "lat": 8.38167,
    "lng": 124.26944
  },
  {
    "name": "Punta",
    "country": "PH",
    "lat": 14.2914,
    "lng": 121.3074
  },
  {
    "name": "Punta",
    "country": "PH",
    "lat": 12.2441,
    "lng": 122.0097
  },
  {
    "name": "Punta",
    "country": "PH",
    "lat": 8.98972,
    "lng": 125.34
  },
  {
    "name": "Punolu",
    "country": "PH",
    "lat": 7.05,
    "lng": 124.58333
  },
  {
    "name": "Puncan",
    "country": "PH",
    "lat": 15.9071,
    "lng": 120.9907
  },
  {
    "name": "Punay",
    "country": "PH",
    "lat": 5.96139,
    "lng": 121.19806
  },
  {
    "name": "Punao",
    "country": "PH",
    "lat": 10.56516,
    "lng": 123.408
  },
  {
    "name": "Punang",
    "country": "PH",
    "lat": 9.0169,
    "lng": 118.0495
  },
  {
    "name": "Pulupandan",
    "country": "PH",
    "lat": 10.51784,
    "lng": 122.80259
  },
  {
    "name": "Pulung Santol",
    "country": "PH",
    "lat": 15.04574,
    "lng": 120.56188
  },
  {
    "name": "Pulungmasle",
    "country": "PH",
    "lat": 15.0004,
    "lng": 120.55774
  },
  {
    "name": "Pulong Santa Cruz",
    "country": "PH",
    "lat": 14.27324,
    "lng": 121.07643
  },
  {
    "name": "Pulong Sampalok",
    "country": "PH",
    "lat": 14.9611,
    "lng": 121.0609
  },
  {
    "name": "Pulong Gubat",
    "country": "PH",
    "lat": 14.85938,
    "lng": 120.90599
  },
  {
    "name": "Pulo",
    "country": "PH",
    "lat": 15.246,
    "lng": 120.9285
  },
  {
    "name": "Pulo",
    "country": "PH",
    "lat": 14.9622,
    "lng": 121.0147
  },
  {
    "name": "Pulilan",
    "country": "PH",
    "lat": 14.90167,
    "lng": 120.84917
  },
  {
    "name": "Pulangbato",
    "country": "PH",
    "lat": 13.75387,
    "lng": 121.39266
  },
  {
    "name": "Pugo",
    "country": "PH",
    "lat": 16.3221,
    "lng": 120.467
  },
  {
    "name": "Puerto Princesa",
    "country": "PH",
    "lat": 9.73917,
    "lng": 118.73528
  },
  {
    "name": "Puerto Galera",
    "country": "PH",
    "lat": 13.50223,
    "lng": 120.95166
  },
  {
    "name": "Puerto Bello",
    "country": "PH",
    "lat": 10.9733,
    "lng": 124.5351
  },
  {
    "name": "Puelay",
    "country": "PH",
    "lat": 15.88683,
    "lng": 120.57358
  },
  {
    "name": "Pudoc",
    "country": "PH",
    "lat": 16.9215,
    "lng": 120.4235
  },
  {
    "name": "Pudoc North",
    "country": "PH",
    "lat": 17.6096,
    "lng": 120.36852
  },
  {
    "name": "Pualas",
    "country": "PH",
    "lat": 8.01722,
    "lng": 123.84806
  },
  {
    "name": "Pualas",
    "country": "PH",
    "lat": 7.81624,
    "lng": 124.07105
  },
  {
    "name": "Pung-Pang",
    "country": "PH",
    "lat": 6.4975,
    "lng": 125.46333
  },
  {
    "name": "Puloypuloy",
    "country": "PH",
    "lat": 6.63517,
    "lng": 124.096
  },
  {
    "name": "Pulo",
    "country": "PH",
    "lat": 14.71462,
    "lng": 121.63293
  },
  {
    "name": "Puszcza Mariańska",
    "country": "PL",
    "lat": 51.97901,
    "lng": 20.35037
  },
  {
    "name": "Purda",
    "country": "PL",
    "lat": 53.70844,
    "lng": 20.70683
  },
  {
    "name": "Puńsk",
    "country": "PL",
    "lat": 54.25114,
    "lng": 23.18124
  },
  {
    "name": "Pułtusk",
    "country": "PL",
    "lat": 52.7025,
    "lng": 21.08276
  },
  {
    "name": "Puławy",
    "country": "PL",
    "lat": 51.41655,
    "lng": 21.96939
  },
  {
    "name": "Puchaczów",
    "country": "PL",
    "lat": 51.3105,
    "lng": 22.9737
  },
  {
    "name": "Puszczykowo",
    "country": "PL",
    "lat": 52.2857,
    "lng": 16.84925
  },
  {
    "name": "Puńców",
    "country": "PL",
    "lat": 49.71842,
    "lng": 18.66157
  },
  {
    "name": "Puck",
    "country": "PL",
    "lat": 54.7179,
    "lng": 18.40841
  },
  {
    "name": "Pueblito del Rio",
    "country": "PR",
    "lat": 18.22801,
    "lng": -65.86294
  },
  {
    "name": "Puerto Real",
    "country": "PR",
    "lat": 18.07496,
    "lng": -67.18712
  },
  {
    "name": "Punta Santiago",
    "country": "PR",
    "lat": 18.16635,
    "lng": -65.74822
  },
  {
    "name": "Puerto Rosario",
    "country": "PY",
    "lat": -24.44127,
    "lng": -57.14272
  },
  {
    "name": "Puerto Mayor Otaño",
    "country": "PY",
    "lat": -26.4,
    "lng": -54.7
  },
  {
    "name": "Puerto Bahía Negra",
    "country": "PY",
    "lat": -20.22966,
    "lng": -58.16857
  },
  {
    "name": "Puerto Vallemí",
    "country": "PY",
    "lat": -22.15755,
    "lng": -57.95125
  },
  {
    "name": "Puțuri",
    "country": "RO",
    "lat": 44.13835,
    "lng": 24.01017
  },
  {
    "name": "Putna",
    "country": "RO",
    "lat": 47.86667,
    "lng": 25.61667
  },
  {
    "name": "Putineiu",
    "country": "RO",
    "lat": 43.9,
    "lng": 25.73333
  },
  {
    "name": "Putineiu",
    "country": "RO",
    "lat": 43.9,
    "lng": 24.96667
  },
  {
    "name": "Pustiana",
    "country": "RO",
    "lat": 46.5899,
    "lng": 26.63083
  },
  {
    "name": "Pusta",
    "country": "RO",
    "lat": 47.24596,
    "lng": 22.72374
  },
  {
    "name": "Pușcași",
    "country": "RO",
    "lat": 46.62154,
    "lng": 27.64503
  },
  {
    "name": "Purcăreni",
    "country": "RO",
    "lat": 45.64476,
    "lng": 25.79129
  },
  {
    "name": "Purcăreni",
    "country": "RO",
    "lat": 44.96847,
    "lng": 24.88736
  },
  {
    "name": "Purani",
    "country": "RO",
    "lat": 44.36125,
    "lng": 25.42528
  },
  {
    "name": "Purani",
    "country": "RO",
    "lat": 43.97989,
    "lng": 25.43656
  },
  {
    "name": "Punghina",
    "country": "RO",
    "lat": 44.28194,
    "lng": 22.93472
  },
  {
    "name": "Pungeşti",
    "country": "RO",
    "lat": 46.7,
    "lng": 27.33333
  },
  {
    "name": "Puieşti",
    "country": "RO",
    "lat": 46.42867,
    "lng": 27.48976
  },
  {
    "name": "Pui",
    "country": "RO",
    "lat": 45.51667,
    "lng": 23.1
  },
  {
    "name": "Pufeşti",
    "country": "RO",
    "lat": 46.0,
    "lng": 27.2
  },
  {
    "name": "Puieștii de Jos",
    "country": "RO",
    "lat": 45.40267,
    "lng": 27.22013
  },
  {
    "name": "Puieni",
    "country": "RO",
    "lat": 44.07675,
    "lng": 26.19114
  },
  {
    "name": "Pucioasa",
    "country": "RO",
    "lat": 45.07807,
    "lng": 25.43232
  },
  {
    "name": "Puchenii Moșneni",
    "country": "RO",
    "lat": 44.81213,
    "lng": 26.08701
  },
  {
    "name": "Puchenii Mari",
    "country": "RO",
    "lat": 44.81667,
    "lng": 26.08333
  },
  {
    "name": "Pucheni",
    "country": "RO",
    "lat": 45.18333,
    "lng": 25.28333
  },
  {
    "name": "Putinci",
    "country": "RS",
    "lat": 44.99259,
    "lng": 19.97102
  },
  {
    "name": "Putyatino",
    "country": "RU",
    "lat": 54.16009,
    "lng": 41.11736
  },
  {
    "name": "Puteyets",
    "country": "RU",
    "lat": 65.17157,
    "lng": 57.09101
  },
  {
    "name": "Pustoshka",
    "country": "RU",
    "lat": 56.33535,
    "lng": 29.36891
  },
  {
    "name": "Pushkinskiye Gory",
    "country": "RU",
    "lat": 57.01712,
    "lng": 28.92488
  },
  {
    "name": "Pushkino",
    "country": "RU",
    "lat": 55.99456,
    "lng": 37.82897
  },
  {
    "name": "Pushkino",
    "country": "RU",
    "lat": 51.235,
    "lng": 46.97417
  },
  {
    "name": "Pushkin",
    "country": "RU",
    "lat": 59.71417,
    "lng": 30.39642
  },
  {
    "name": "Pushchino",
    "country": "RU",
    "lat": 54.83373,
    "lng": 37.61138
  },
  {
    "name": "Purshevo",
    "country": "RU",
    "lat": 55.72124,
    "lng": 38.03277
  },
  {
    "name": "Purekh",
    "country": "RU",
    "lat": 56.64684,
    "lng": 43.06772
  },
  {
    "name": "Puksoozero",
    "country": "RU",
    "lat": 62.5903,
    "lng": 40.6066
  },
  {
    "name": "Pugachëv",
    "country": "RU",
    "lat": 52.01664,
    "lng": 48.79895
  },
  {
    "name": "Pudozh",
    "country": "RU",
    "lat": 61.80415,
    "lng": 36.5277
  },
  {
    "name": "Pudem",
    "country": "RU",
    "lat": 58.3047,
    "lng": 52.1673
  },
  {
    "name": "Puchezh",
    "country": "RU",
    "lat": 56.9761,
    "lng": 43.16656
  },
  {
    "name": "Putëvka",
    "country": "RU",
    "lat": 53.25833,
    "lng": 34.28778
  },
  {
    "name": "Purpe",
    "country": "RU",
    "lat": 64.48028,
    "lng": 76.68972
  },
  {
    "name": "Putyatin",
    "country": "RU",
    "lat": 42.86172,
    "lng": 132.41599
  },
  {
    "name": "Punggol",
    "country": "SG",
    "lat": 1.41444,
    "lng": 103.90694
  },
  {
    "name": "Puconci",
    "country": "SI",
    "lat": 46.70465,
    "lng": 16.15726
  },
  {
    "name": "Pusté Úľany",
    "country": "SK",
    "lat": 48.23151,
    "lng": 17.57389
  },
  {
    "name": "Pujehun",
    "country": "SL",
    "lat": 7.35806,
    "lng": -11.72083
  },
  {
    "name": "Puerto El Triunfo",
    "country": "SV",
    "lat": 13.28333,
    "lng": -88.55
  },
  {
    "name": "Pueai Noi",
    "country": "TH",
    "lat": 15.86978,
    "lng": 102.90767
  },
  {
    "name": "Pua",
    "country": "TH",
    "lat": 19.17503,
    "lng": 100.91622
  },
  {
    "name": "Pulumer",
    "country": "TR",
    "lat": 39.48449,
    "lng": 39.89532
  },
  {
    "name": "Pursaklar",
    "country": "TR",
    "lat": 40.03203,
    "lng": 32.89528
  },
  {
    "name": "Puli",
    "country": "TW",
    "lat": 23.96639,
    "lng": 120.96952
  },
  {
    "name": "Puma",
    "country": "TZ",
    "lat": -5.0,
    "lng": 34.73333
  },
  {
    "name": "Puzhaykovo",
    "country": "UA",
    "lat": 48.10883,
    "lng": 29.82747
  },
  {
    "name": "Putyvl",
    "country": "UA",
    "lat": 51.33745,
    "lng": 33.87066
  },
  {
    "name": "Putyla",
    "country": "UA",
    "lat": 47.99343,
    "lng": 25.08757
  },
  {
    "name": "Pustomyty",
    "country": "UA",
    "lat": 49.71661,
    "lng": 23.90698
  },
  {
    "name": "Pushkino",
    "country": "UA",
    "lat": 45.20373,
    "lng": 34.97642
  },
  {
    "name": "Pukhivka",
    "country": "UA",
    "lat": 50.6097,
    "lng": 30.7177
  },
  {
    "name": "Pulyny",
    "country": "UA",
    "lat": 50.46784,
    "lng": 28.2713
  },
  {
    "name": "Punta Gorda",
    "country": "US",
    "lat": 26.92978,
    "lng": -82.04537
  },
  {
    "name": "Punta Gorda Isles",
    "country": "US",
    "lat": 26.91756,
    "lng": -82.07842
  },
  {
    "name": "Punta Rassa",
    "country": "US",
    "lat": 26.48786,
    "lng": -82.01231
  },
  {
    "name": "Putney",
    "country": "US",
    "lat": 31.47018,
    "lng": -84.11768
  },
  {
    "name": "Pumphrey",
    "country": "US",
    "lat": 39.21733,
    "lng": -76.63719
  },
  {
    "name": "Purdy",
    "country": "US",
    "lat": 36.81729,
    "lng": -93.92076
  },
  {
    "name": "Purvis",
    "country": "US",
    "lat": 31.14324,
    "lng": -89.40979
  },
  {
    "name": "Pumpkin Center",
    "country": "US",
    "lat": 35.5193,
    "lng": -81.14119
  },
  {
    "name": "Pumpkin Center",
    "country": "US",
    "lat": 34.79155,
    "lng": -77.37246
  },
  {
    "name": "Purcell",
    "country": "US",
    "lat": 35.01368,
    "lng": -97.36114
  },
  {
    "name": "Pulaski",
    "country": "US",
    "lat": 35.1998,
    "lng": -87.03084
  },
  {
    "name": "Pulaski",
    "country": "US",
    "lat": 37.0479,
    "lng": -80.77979
  },
  {
    "name": "Purcellville",
    "country": "US",
    "lat": 39.13677,
    "lng": -77.71472
  },
  {
    "name": "Putnam",
    "country": "US",
    "lat": 41.9151,
    "lng": -71.90896
  },
  {
    "name": "Pulaski",
    "country": "US",
    "lat": 43.56701,
    "lng": -76.1277
  },
  {
    "name": "Purchase",
    "country": "US",
    "lat": 41.04093,
    "lng": -73.71457
  },
  {
    "name": "Putnam Lake",
    "country": "US",
    "lat": 41.46204,
    "lng": -73.54624
  },
  {
    "name": "Punxsutawney",
    "country": "US",
    "lat": 40.94368,
    "lng": -78.97087
  },
  {
    "name": "Pulaski",
    "country": "US",
    "lat": 44.67222,
    "lng": -88.2426
  },
  {
    "name": "Pueblo",
    "country": "US",
    "lat": 38.25445,
    "lng": -104.60914
  },
  {
    "name": "Pueblo West",
    "country": "US",
    "lat": 38.35,
    "lng": -104.72275
  },
  {
    "name": "Pullman",
    "country": "US",
    "lat": 46.73127,
    "lng": -117.17962
  },
  {
    "name": "Purdy",
    "country": "US",
    "lat": 47.38899,
    "lng": -122.62541
  },
  {
    "name": "Puyallup",
    "country": "US",
    "lat": 47.18538,
    "lng": -122.2929
  },
  {
    "name": "Puhi",
    "country": "US",
    "lat": 21.96888,
    "lng": -159.40012
  },
  {
    "name": "Pukalani",
    "country": "US",
    "lat": 20.83667,
    "lng": -156.33667
  },
  {
    "name": "Punahou",
    "country": "US",
    "lat": 21.30023,
    "lng": -157.827
  },
  {
    "name": "Punalu‘u",
    "country": "US",
    "lat": 21.57045,
    "lng": -157.87557
  },
  {
    "name": "Pupukea",
    "country": "US",
    "lat": 21.65456,
    "lng": -158.06065
  },
  {
    "name": "Pueblo Sequeira",
    "country": "UY",
    "lat": -30.9892,
    "lng": -56.87044
  },
  {
    "name": "Punta del Este",
    "country": "UY",
    "lat": -34.94747,
    "lng": -54.93382
  },
  {
    "name": "Pueblo Centenario",
    "country": "UY",
    "lat": -32.86667,
    "lng": -56.46667
  },
  {
    "name": "Puntas de Valdéz",
    "country": "UY",
    "lat": -34.5855,
    "lng": -56.70097
  },
  {
    "name": "Puimayen",
    "country": "UY",
    "lat": -33.77411,
    "lng": -53.40925
  },
  {
    "name": "Puerto Vivas",
    "country": "VE",
    "lat": 7.50005,
    "lng": -71.84446
  },
  {
    "name": "Punto Fijo",
    "country": "VE",
    "lat": 11.69152,
    "lng": -70.19918
  },
  {
    "name": "Punta Gorda",
    "country": "VE",
    "lat": 10.33407,
    "lng": -71.41352
  },
  {
    "name": "Punta de Piedras",
    "country": "VE",
    "lat": 10.90123,
    "lng": -64.0969
  },
  {
    "name": "Punta de Piedra",
    "country": "VE",
    "lat": 7.61759,
    "lng": -71.49164
  },
  {
    "name": "Punta de Mata",
    "country": "VE",
    "lat": 9.69131,
    "lng": -63.60921
  },
  {
    "name": "Punta Cardón",
    "country": "VE",
    "lat": 11.65806,
    "lng": -70.215
  },
  {
    "name": "Puerto Píritu",
    "country": "VE",
    "lat": 10.05896,
    "lng": -65.03698
  },
  {
    "name": "Puerto La Cruz",
    "country": "VE",
    "lat": 10.21382,
    "lng": -64.6328
  },
  {
    "name": "Puerto de Nutrias",
    "country": "VE",
    "lat": 8.07281,
    "lng": -69.30246
  },
  {
    "name": "Puerto Cumarebo",
    "country": "VE",
    "lat": 11.48614,
    "lng": -69.35319
  },
  {
    "name": "Puerto Cabello",
    "country": "VE",
    "lat": 10.47306,
    "lng": -68.0125
  },
  {
    "name": "Puerto Ayacucho",
    "country": "VE",
    "lat": 5.66049,
    "lng": -67.58343
  },
  {
    "name": "Pueblo Nuevo",
    "country": "VE",
    "lat": 11.94788,
    "lng": -69.92306
  },
  {
    "name": "Pueblo Nuevo El Chivo",
    "country": "VE",
    "lat": 8.96249,
    "lng": -71.60754
  },
  {
    "name": "Pueblo Llano",
    "country": "VE",
    "lat": 8.9152,
    "lng": -70.65919
  },
  {
    "name": "Pullens Hope",
    "country": "ZA",
    "lat": -26.02036,
    "lng": 29.59486
  }
]