[
  {
    "name": "The Palm Jumeirah",
    "country": "AE",
    "lat": 25.11607,
    "lng": 55.13506
  },
  {
    "name": "The Valley",
    "country": "AI",
    "lat": 18.21704,
    "lng": -63.05783
  },
  {
    "name": "The Quarter",
    "country": "AI",
    "lat": 18.20799,
    "lng": -63.04178
  },
  {
    "name": "Thumanë",
    "country": "AL",
    "lat": 41.5475,
    "lng": 19.67778
  },
  {
    "name": "Thüringen",
    "country": "AT",
    "lat": 47.2,
    "lng": 9.76667
  },
  {
    "name": "Thumersbach",
    "country": "AT",
    "lat": 47.32952,
    "lng": 12.81675
  },
  {
    "name": "Thörl",
    "country": "AT",
    "lat": 47.51952,
    "lng": 15.22276
  },
  {
    "name": "Thomatal",
    "country": "AT",
    "lat": 47.06667,
    "lng": 13.75
  },
  {
    "name": "Thomasberg",
    "country": "AT",
    "lat": 47.56667,
    "lng": 16.13333
  },
  {
    "name": "Theresienfeld",
    "country": "AT",
    "lat": 47.85,
    "lng": 16.23333
  },
  {
    "name": "Thaya",
    "country": "AT",
    "lat": 48.85489,
    "lng": 15.28902
  },
  {
    "name": "Thaur",
    "country": "AT",
    "lat": 47.29476,
    "lng": 11.47529
  },
  {
    "name": "Thalheim bei Wels",
    "country": "AT",
    "lat": 48.15,
    "lng": 14.03333
  },
  {
    "name": "Thalgau",
    "country": "AT",
    "lat": 47.84142,
    "lng": 13.25325
  },
  {
    "name": "Thurn",
    "country": "AT",
    "lat": 46.85056,
    "lng": 12.76861
  },
  {
    "name": "Thal",
    "country": "AT",
    "lat": 47.07644,
    "lng": 15.36052
  },
  {
    "name": "Thiersee",
    "country": "AT",
    "lat": 47.59424,
    "lng": 12.11758
  },
  {
    "name": "Thebarton",
    "country": "AU",
    "lat": -34.91667,
    "lng": 138.56667
  },
  {
    "name": "Thornton",
    "country": "AU",
    "lat": -32.78333,
    "lng": 151.63333
  },
  {
    "name": "Thornleigh",
    "country": "AU",
    "lat": -33.73228,
    "lng": 151.07895
  },
  {
    "name": "Thornlands",
    "country": "AU",
    "lat": -27.55751,
    "lng": 153.26481
  },
  {
    "name": "Thornbury",
    "country": "AU",
    "lat": -37.75819,
    "lng": 145.00583
  },
  {
    "name": "Thomastown",
    "country": "AU",
    "lat": -37.68333,
    "lng": 145.01667
  },
  {
    "name": "Thirroul",
    "country": "AU",
    "lat": -34.31604,
    "lng": 150.92142
  },
  {
    "name": "Thirlmere",
    "country": "AU",
    "lat": -34.20455,
    "lng": 150.56767
  },
  {
    "name": "The Rocks",
    "country": "AU",
    "lat": -33.85923,
    "lng": 151.2081
  },
  {
    "name": "The Rock",
    "country": "AU",
    "lat": -35.27302,
    "lng": 147.11381
  },
  {
    "name": "The Patch",
    "country": "AU",
    "lat": -37.89187,
    "lng": 145.40216
  },
  {
    "name": "The Oaks",
    "country": "AU",
    "lat": -34.07995,
    "lng": 150.56998
  },
  {
    "name": "The Entrance",
    "country": "AU",
    "lat": -33.33876,
    "lng": 151.4978
  },
  {
    "name": "The Basin",
    "country": "AU",
    "lat": -37.85,
    "lng": 145.31667
  },
  {
    "name": "Thabeban",
    "country": "AU",
    "lat": -24.9,
    "lng": 152.35
  },
  {
    "name": "The Gap",
    "country": "AU",
    "lat": -27.44187,
    "lng": 152.93861
  },
  {
    "name": "The Entrance North",
    "country": "AU",
    "lat": -33.33573,
    "lng": 151.50335
  },
  {
    "name": "Thursday Island",
    "country": "AU",
    "lat": -10.58257,
    "lng": 142.21949
  },
  {
    "name": "Thurgoona",
    "country": "AU",
    "lat": -36.03626,
    "lng": 146.99609
  },
  {
    "name": "Thomson",
    "country": "AU",
    "lat": -38.16984,
    "lng": 144.3789
  },
  {
    "name": "The Range",
    "country": "AU",
    "lat": -23.392,
    "lng": 150.49624
  },
  {
    "name": "The Gap",
    "country": "AU",
    "lat": -23.71333,
    "lng": 133.87386
  },
  {
    "name": "Theodore",
    "country": "AU",
    "lat": -35.44962,
    "lng": 149.11971
  },
  {
    "name": "The Gemfields",
    "country": "AU",
    "lat": -23.53014,
    "lng": 147.79679
  },
  {
    "name": "Thornlie",
    "country": "AU",
    "lat": -32.06003,
    "lng": 115.955
  },
  {
    "name": "The Vines",
    "country": "AU",
    "lat": -31.75492,
    "lng": 116.00238
  },
  {
    "name": "The Ponds",
    "country": "AU",
    "lat": -33.70228,
    "lng": 150.91086
  },
  {
    "name": "Thorneside",
    "country": "AU",
    "lat": -27.48777,
    "lng": 153.19821
  },
  {
    "name": "The Junction",
    "country": "AU",
    "lat": -32.93822,
    "lng": 151.75909
  },
  {
    "name": "The Hill",
    "country": "AU",
    "lat": -32.93089,
    "lng": 151.77835
  },
  {
    "name": "Thākurgaon",
    "country": "BD",
    "lat": 26.03097,
    "lng": 88.46989
  },
  {
    "name": "Thy-le-Château",
    "country": "BE",
    "lat": 50.28205,
    "lng": 4.42955
  },
  {
    "name": "Thulin",
    "country": "BE",
    "lat": 50.43006,
    "lng": 3.74007
  },
  {
    "name": "Thuin",
    "country": "BE",
    "lat": 50.33933,
    "lng": 4.28604
  },
  {
    "name": "Thuillies",
    "country": "BE",
    "lat": 50.29899,
    "lng": 4.33269
  },
  {
    "name": "Thorembais-Saint-Trond",
    "country": "BE",
    "lat": 50.63485,
    "lng": 4.78406
  },
  {
    "name": "Thommen",
    "country": "BE",
    "lat": 50.21917,
    "lng": 6.07417
  },
  {
    "name": "Thisnes",
    "country": "BE",
    "lat": 50.66578,
    "lng": 5.04375
  },
  {
    "name": "Thimister",
    "country": "BE",
    "lat": 50.65539,
    "lng": 5.86421
  },
  {
    "name": "Thiméon",
    "country": "BE",
    "lat": 50.48951,
    "lng": 4.42878
  },
  {
    "name": "Thieusies",
    "country": "BE",
    "lat": 50.51525,
    "lng": 4.04931
  },
  {
    "name": "Thieu",
    "country": "BE",
    "lat": 50.47428,
    "lng": 4.09258
  },
  {
    "name": "Thiaumont",
    "country": "BE",
    "lat": 49.71523,
    "lng": 5.73056
  },
  {
    "name": "Theux",
    "country": "BE",
    "lat": 50.53323,
    "lng": 5.81245
  },
  {
    "name": "The Bottom",
    "country": "BQ",
    "lat": 17.62652,
    "lng": -63.24971
  },
  {
    "name": "Theobroma",
    "country": "BR",
    "lat": -10.23889,
    "lng": -62.35833
  },
  {
    "name": "Thimphu",
    "country": "BT",
    "lat": 27.46609,
    "lng": 89.64191
  },
  {
    "name": "Thamaga",
    "country": "BW",
    "lat": -24.67014,
    "lng": 25.53975
  },
  {
    "name": "The Beaches",
    "country": "CA",
    "lat": 43.67372,
    "lng": -79.29539
  },
  {
    "name": "The Pas",
    "country": "CA",
    "lat": 53.82159,
    "lng": -101.24488
  },
  {
    "name": "Thessalon",
    "country": "CA",
    "lat": 46.25006,
    "lng": -83.5666
  },
  {
    "name": "Thompson",
    "country": "CA",
    "lat": 55.7435,
    "lng": -97.85579
  },
  {
    "name": "Thompson",
    "country": "CA",
    "lat": 49.16667,
    "lng": -123.16667
  },
  {
    "name": "Thorold",
    "country": "CA",
    "lat": 43.11682,
    "lng": -79.19958
  },
  {
    "name": "Three Hills",
    "country": "CA",
    "lat": 51.70012,
    "lng": -113.26863
  },
  {
    "name": "Thunder Bay",
    "country": "CA",
    "lat": 48.38202,
    "lng": -89.25018
  },
  {
    "name": "Thurso",
    "country": "CA",
    "lat": 45.6001,
    "lng": -75.24931
  },
  {
    "name": "Thetford-Mines",
    "country": "CA",
    "lat": 46.09371,
    "lng": -71.30539
  },
  {
    "name": "Thamesford",
    "country": "CA",
    "lat": 43.0571,
    "lng": -80.99876
  },
  {
    "name": "Thistletown-Beaumond Heights",
    "country": "CA",
    "lat": 43.73799,
    "lng": -79.56349
  },
  {
    "name": "Thorncliffe Park",
    "country": "CA",
    "lat": 43.70775,
    "lng": -79.34998
  },
  {
    "name": "Three Rivers",
    "country": "CA",
    "lat": 46.1845,
    "lng": -62.5679
  },
  {
    "name": "Thusis",
    "country": "CH",
    "lat": 46.69724,
    "lng": 9.43938
  },
  {
    "name": "Thundorf",
    "country": "CH",
    "lat": 47.54594,
    "lng": 8.96358
  },
  {
    "name": "Thun",
    "country": "CH",
    "lat": 46.75118,
    "lng": 7.62166
  },
  {
    "name": "Thierachern",
    "country": "CH",
    "lat": 46.75319,
    "lng": 7.57442
  },
  {
    "name": "Therwil",
    "country": "CH",
    "lat": 47.49941,
    "lng": 7.55669
  },
  {
    "name": "Thayngen",
    "country": "CH",
    "lat": 47.74717,
    "lng": 8.70724
  },
  {
    "name": "Thalwil",
    "country": "CH",
    "lat": 47.29175,
    "lng": 8.56351
  },
  {
    "name": "Thônex",
    "country": "CH",
    "lat": 46.18815,
    "lng": 6.19904
  },
  {
    "name": "Thalwil / Dorfkern",
    "country": "CH",
    "lat": 47.29047,
    "lng": 8.56633
  },
  {
    "name": "Thalwil / Berg",
    "country": "CH",
    "lat": 47.29178,
    "lng": 8.55602
  },
  {
    "name": "Thalwil / Nord",
    "country": "CH",
    "lat": 47.29748,
    "lng": 8.55634
  },
  {
    "name": "Thalwil / Süd",
    "country": "CH",
    "lat": 47.28495,
    "lng": 8.56954
  },
  {
    "name": "Thalwil / See",
    "country": "CH",
    "lat": 47.29409,
    "lng": 8.56929
  },
  {
    "name": "Thal",
    "country": "CH",
    "lat": 47.46677,
    "lng": 9.56643
  },
  {
    "name": "Thyrnau",
    "country": "DE",
    "lat": 48.61667,
    "lng": 13.53333
  },
  {
    "name": "Thurnau",
    "country": "DE",
    "lat": 50.02542,
    "lng": 11.39348
  },
  {
    "name": "Thurmansbang",
    "country": "DE",
    "lat": 48.76627,
    "lng": 13.3155
  },
  {
    "name": "Thür",
    "country": "DE",
    "lat": 50.35692,
    "lng": 7.27689
  },
  {
    "name": "Thüngersheim",
    "country": "DE",
    "lat": 49.87833,
    "lng": 9.84917
  },
  {
    "name": "Thüngen",
    "country": "DE",
    "lat": 49.9414,
    "lng": 9.8586
  },
  {
    "name": "Thune",
    "country": "DE",
    "lat": 52.33261,
    "lng": 10.51048
  },
  {
    "name": "Thundorf in Unterfranken",
    "country": "DE",
    "lat": 50.20097,
    "lng": 10.31906
  },
  {
    "name": "Thum",
    "country": "DE",
    "lat": 50.67081,
    "lng": 12.95091
  },
  {
    "name": "Thuine",
    "country": "DE",
    "lat": 52.5,
    "lng": 7.48333
  },
  {
    "name": "Thomm",
    "country": "DE",
    "lat": 49.7414,
    "lng": 6.80492
  },
  {
    "name": "Thomasburg",
    "country": "DE",
    "lat": 53.23333,
    "lng": 10.66667
  },
  {
    "name": "Tholey",
    "country": "DE",
    "lat": 49.48374,
    "lng": 7.03691
  },
  {
    "name": "Thierstein",
    "country": "DE",
    "lat": 50.10643,
    "lng": 12.10203
  },
  {
    "name": "Thiersheim",
    "country": "DE",
    "lat": 50.07609,
    "lng": 12.1265
  },
  {
    "name": "Thierhaupten",
    "country": "DE",
    "lat": 48.56531,
    "lng": 10.90862
  },
  {
    "name": "Thiendorf",
    "country": "DE",
    "lat": 51.29375,
    "lng": 13.74124
  },
  {
    "name": "Theuma",
    "country": "DE",
    "lat": 50.47007,
    "lng": 12.22195
  },
  {
    "name": "Themar",
    "country": "DE",
    "lat": 50.50465,
    "lng": 10.61536
  },
  {
    "name": "Theißen",
    "country": "DE",
    "lat": 51.08748,
    "lng": 12.10659
  },
  {
    "name": "Theisseil",
    "country": "DE",
    "lat": 49.69034,
    "lng": 12.22744
  },
  {
    "name": "Theilheim",
    "country": "DE",
    "lat": 49.75403,
    "lng": 10.03056
  },
  {
    "name": "Thedinghausen",
    "country": "DE",
    "lat": 52.96667,
    "lng": 9.01667
  },
  {
    "name": "Tharandt",
    "country": "DE",
    "lat": 50.98525,
    "lng": 13.58035
  },
  {
    "name": "Thanstein",
    "country": "DE",
    "lat": 49.38333,
    "lng": 12.46667
  },
  {
    "name": "Thannhausen",
    "country": "DE",
    "lat": 48.28334,
    "lng": 10.46917
  },
  {
    "name": "Thalmässing",
    "country": "DE",
    "lat": 49.08834,
    "lng": 11.2215
  },
  {
    "name": "Thalmassing",
    "country": "DE",
    "lat": 48.91167,
    "lng": 12.155
  },
  {
    "name": "Thallwitz",
    "country": "DE",
    "lat": 51.43333,
    "lng": 12.68333
  },
  {
    "name": "Thalheim",
    "country": "DE",
    "lat": 51.65268,
    "lng": 12.22756
  },
  {
    "name": "Thalheim",
    "country": "DE",
    "lat": 50.70077,
    "lng": 12.84996
  },
  {
    "name": "Thaleischweiler-Fröschen",
    "country": "DE",
    "lat": 49.26667,
    "lng": 7.58333
  },
  {
    "name": "Thale",
    "country": "DE",
    "lat": 51.74861,
    "lng": 11.041
  },
  {
    "name": "Thal",
    "country": "DE",
    "lat": 50.91684,
    "lng": 10.39209
  },
  {
    "name": "Thalfang",
    "country": "DE",
    "lat": 49.75,
    "lng": 7.0
  },
  {
    "name": "Thyborøn",
    "country": "DK",
    "lat": 56.69846,
    "lng": 8.21238
  },
  {
    "name": "Thurø By",
    "country": "DK",
    "lat": 55.0474,
    "lng": 10.66385
  },
  {
    "name": "Thorsø",
    "country": "DK",
    "lat": 56.29953,
    "lng": 9.78916
  },
  {
    "name": "Thisted",
    "country": "DK",
    "lat": 56.95523,
    "lng": 8.69491
  },
  {
    "name": "Them",
    "country": "DK",
    "lat": 56.09426,
    "lng": 9.54866
  },
  {
    "name": "Theniet el Had",
    "country": "DZ",
    "lat": 35.87111,
    "lng": 2.02806
  },
  {
    "name": "Thenia",
    "country": "DZ",
    "lat": 36.72544,
    "lng": 3.55665
  },
  {
    "name": "Thyez",
    "country": "FR",
    "lat": 46.08249,
    "lng": 6.53777
  },
  {
    "name": "Thury-Harcourt",
    "country": "FR",
    "lat": 48.98434,
    "lng": -0.47519
  },
  {
    "name": "Thurins",
    "country": "FR",
    "lat": 45.68179,
    "lng": 4.64079
  },
  {
    "name": "Thuré",
    "country": "FR",
    "lat": 46.8317,
    "lng": 0.45938
  },
  {
    "name": "Thun-Saint-Amand",
    "country": "FR",
    "lat": 50.47276,
    "lng": 3.45115
  },
  {
    "name": "Thumeries",
    "country": "FR",
    "lat": 50.47662,
    "lng": 3.055
  },
  {
    "name": "Thuir",
    "country": "FR",
    "lat": 42.6322,
    "lng": 2.75577
  },
  {
    "name": "Thueyts",
    "country": "FR",
    "lat": 44.67628,
    "lng": 4.22146
  },
  {
    "name": "Thuellin",
    "country": "FR",
    "lat": 45.63964,
    "lng": 5.5084
  },
  {
    "name": "Thourotte",
    "country": "FR",
    "lat": 49.47591,
    "lng": 2.8821
  },
  {
    "name": "Thouars",
    "country": "FR",
    "lat": 46.9815,
    "lng": -0.21175
  },
  {
    "name": "Thouaré-sur-Loire",
    "country": "FR",
    "lat": 47.26957,
    "lng": -1.44354
  },
  {
    "name": "Thouarcé",
    "country": "FR",
    "lat": 47.26715,
    "lng": -0.50091
  },
  {
    "name": "Thorigny-sur-Oreuse",
    "country": "FR",
    "lat": 48.29297,
    "lng": 3.40128
  },
  {
    "name": "Thorigny-sur-Marne",
    "country": "FR",
    "lat": 48.88689,
    "lng": 2.71806
  },
  {
    "name": "Thorigné-sur-Dué",
    "country": "FR",
    "lat": 48.03931,
    "lng": 0.53561
  },
  {
    "name": "Thorigné",
    "country": "FR",
    "lat": 46.29149,
    "lng": -0.25122
  },
  {
    "name": "Thorens-Glières",
    "country": "FR",
    "lat": 45.9951,
    "lng": 6.24557
  },
  {
    "name": "Thonon-les-Bains",
    "country": "FR",
    "lat": 46.37049,
    "lng": 6.47985
  },
  {
    "name": "Thônes",
    "country": "FR",
    "lat": 45.88123,
    "lng": 6.32572
  },
  {
    "name": "Thomery",
    "country": "FR",
    "lat": 48.40723,
    "lng": 2.78852
  },
  {
    "name": "Thoissey",
    "country": "FR",
    "lat": 46.17222,
    "lng": 4.80251
  },
  {
    "name": "Thoiry",
    "country": "FR",
    "lat": 48.86715,
    "lng": 1.7976
  },
  {
    "name": "Thoiry",
    "country": "FR",
    "lat": 46.23762,
    "lng": 5.98111
  },
  {
    "name": "Thizy-les-Bourgs",
    "country": "FR",
    "lat": 46.02995,
    "lng": 4.31299
  },
  {
    "name": "Thiviers",
    "country": "FR",
    "lat": 45.41763,
    "lng": 0.92143
  },
  {
    "name": "Thiverval-Grignon",
    "country": "FR",
    "lat": 48.84964,
    "lng": 1.91729
  },
  {
    "name": "Thiverny",
    "country": "FR",
    "lat": 49.2518,
    "lng": 2.43609
  },
  {
    "name": "Thise",
    "country": "FR",
    "lat": 47.28486,
    "lng": 6.08127
  },
  {
    "name": "Thiron Gardais",
    "country": "FR",
    "lat": 48.31667,
    "lng": 0.98333
  },
  {
    "name": "Thionville",
    "country": "FR",
    "lat": 49.35994,
    "lng": 6.16044
  },
  {
    "name": "Thilouze",
    "country": "FR",
    "lat": 47.22415,
    "lng": 0.57963
  },
  {
    "name": "Thilay",
    "country": "FR",
    "lat": 49.87345,
    "lng": 4.80772
  },
  {
    "name": "Thil",
    "country": "FR",
    "lat": 49.473,
    "lng": 5.90821
  },
  {
    "name": "Thil",
    "country": "FR",
    "lat": 45.81368,
    "lng": 5.02323
  },
  {
    "name": "Thierville-sur-Meuse",
    "country": "FR",
    "lat": 49.1705,
    "lng": 5.35266
  },
  {
    "name": "Thiers-sur-Thève",
    "country": "FR",
    "lat": 49.15252,
    "lng": 2.57051
  },
  {
    "name": "Thiers",
    "country": "FR",
    "lat": 45.85654,
    "lng": 3.54758
  },
  {
    "name": "Thiberville",
    "country": "FR",
    "lat": 49.13768,
    "lng": 0.45502
  },
  {
    "name": "Thiant",
    "country": "FR",
    "lat": 50.3048,
    "lng": 3.44796
  },
  {
    "name": "Thiais",
    "country": "FR",
    "lat": 48.76496,
    "lng": 2.3961
  },
  {
    "name": "Thézan-lès-Béziers",
    "country": "FR",
    "lat": 43.42166,
    "lng": 3.16897
  },
  {
    "name": "Théza",
    "country": "FR",
    "lat": 42.63906,
    "lng": 2.95103
  },
  {
    "name": "Theys",
    "country": "FR",
    "lat": 45.30132,
    "lng": 5.99848
  },
  {
    "name": "Thésée",
    "country": "FR",
    "lat": 47.32345,
    "lng": 1.30882
  },
  {
    "name": "Thérouanne",
    "country": "FR",
    "lat": 50.63695,
    "lng": 2.25838
  },
  {
    "name": "Théoule-sur-Mer",
    "country": "FR",
    "lat": 43.5078,
    "lng": 6.9408
  },
  {
    "name": "Thenon",
    "country": "FR",
    "lat": 45.13739,
    "lng": 1.07086
  },
  {
    "name": "Thénezay",
    "country": "FR",
    "lat": 46.71954,
    "lng": -0.02763
  },
  {
    "name": "Thénac",
    "country": "FR",
    "lat": 45.66761,
    "lng": -0.65395
  },
  {
    "name": "Thélus",
    "country": "FR",
    "lat": 50.35441,
    "lng": 2.80146
  },
  {
    "name": "Theizé",
    "country": "FR",
    "lat": 45.93963,
    "lng": 4.61634
  },
  {
    "name": "Theix",
    "country": "FR",
    "lat": 47.62938,
    "lng": -2.65061
  },
  {
    "name": "Theillay",
    "country": "FR",
    "lat": 47.31429,
    "lng": 2.04028
  },
  {
    "name": "Théding",
    "country": "FR",
    "lat": 49.12847,
    "lng": 6.8922
  },
  {
    "name": "Thaon-les-Vosges",
    "country": "FR",
    "lat": 48.25,
    "lng": 6.41667
  },
  {
    "name": "Thaon",
    "country": "FR",
    "lat": 49.25796,
    "lng": -0.45605
  },
  {
    "name": "Thann",
    "country": "FR",
    "lat": 47.80789,
    "lng": 7.10301
  },
  {
    "name": "Thairé",
    "country": "FR",
    "lat": 46.07355,
    "lng": -1.00288
  },
  {
    "name": "Thiers",
    "country": "FR",
    "lat": 43.29748,
    "lng": 5.38198
  },
  {
    "name": "Thwing",
    "country": "GB",
    "lat": 54.11547,
    "lng": -0.3895
  },
  {
    "name": "Thurston",
    "country": "GB",
    "lat": 52.25244,
    "lng": 0.80749
  },
  {
    "name": "Thurso",
    "country": "GB",
    "lat": 58.59271,
    "lng": -3.52594
  },
  {
    "name": "Thurlton",
    "country": "GB",
    "lat": 52.52881,
    "lng": 1.55617
  },
  {
    "name": "Thurlby",
    "country": "GB",
    "lat": 52.73879,
    "lng": -0.37868
  },
  {
    "name": "Thruxton",
    "country": "GB",
    "lat": 52.0,
    "lng": -2.81667
  },
  {
    "name": "Three Legged Cross",
    "country": "GB",
    "lat": 50.85,
    "lng": -1.88333
  },
  {
    "name": "Thrapston",
    "country": "GB",
    "lat": 52.39675,
    "lng": -0.5392
  },
  {
    "name": "Thorpe le Soken",
    "country": "GB",
    "lat": 51.85603,
    "lng": 1.1658
  },
  {
    "name": "Thorpe",
    "country": "GB",
    "lat": 51.40595,
    "lng": -0.53567
  },
  {
    "name": "Thorp Arch",
    "country": "GB",
    "lat": 53.91584,
    "lng": -1.3198
  },
  {
    "name": "Thornton Heath",
    "country": "GB",
    "lat": 51.39884,
    "lng": -0.09872
  },
  {
    "name": "Thornton Dale",
    "country": "GB",
    "lat": 54.23528,
    "lng": -0.72016
  },
  {
    "name": "Thornton",
    "country": "GB",
    "lat": 56.16667,
    "lng": -3.15
  },
  {
    "name": "Thornton",
    "country": "GB",
    "lat": 53.9,
    "lng": -0.85
  },
  {
    "name": "Thornton",
    "country": "GB",
    "lat": 53.5,
    "lng": -3.0
  },
  {
    "name": "Thornley",
    "country": "GB",
    "lat": 54.75,
    "lng": -1.43333
  },
  {
    "name": "Thornhill",
    "country": "GB",
    "lat": 55.23333,
    "lng": -3.76667
  },
  {
    "name": "Thornhaugh",
    "country": "GB",
    "lat": 52.59252,
    "lng": -0.42418
  },
  {
    "name": "Thorngumbald",
    "country": "GB",
    "lat": 53.721,
    "lng": -0.17175
  },
  {
    "name": "Thorney",
    "country": "GB",
    "lat": 52.62147,
    "lng": -0.10815
  },
  {
    "name": "Thorner",
    "country": "GB",
    "lat": 53.86093,
    "lng": -1.42676
  },
  {
    "name": "Thorne",
    "country": "GB",
    "lat": 53.61122,
    "lng": -0.96308
  },
  {
    "name": "Thornbury",
    "country": "GB",
    "lat": 52.23333,
    "lng": -2.55
  },
  {
    "name": "Thornbury",
    "country": "GB",
    "lat": 51.60889,
    "lng": -2.52028
  },
  {
    "name": "Thornaby-on-Tees",
    "country": "GB",
    "lat": 54.53333,
    "lng": -1.3
  },
  {
    "name": "Thirsk",
    "country": "GB",
    "lat": 54.23298,
    "lng": -1.34411
  },
  {
    "name": "Theydon Bois",
    "country": "GB",
    "lat": 51.67426,
    "lng": 0.09781
  },
  {
    "name": "Thetford",
    "country": "GB",
    "lat": 52.41667,
    "lng": 0.75
  },
  {
    "name": "Theale",
    "country": "GB",
    "lat": 51.43694,
    "lng": -1.077
  },
  {
    "name": "Thaxted",
    "country": "GB",
    "lat": 51.95326,
    "lng": 0.34478
  },
  {
    "name": "Thatcham",
    "country": "GB",
    "lat": 51.40366,
    "lng": -1.26049
  },
  {
    "name": "Thames Ditton",
    "country": "GB",
    "lat": 51.38964,
    "lng": -0.33928
  },
  {
    "name": "Thame",
    "country": "GB",
    "lat": 51.7484,
    "lng": -0.97624
  },
  {
    "name": "The Boldons",
    "country": "GB",
    "lat": 54.9426,
    "lng": -1.45349
  },
  {
    "name": "Three Crosses",
    "country": "GB",
    "lat": 51.62865,
    "lng": -4.06263
  },
  {
    "name": "Thorpe Hamlet",
    "country": "GB",
    "lat": 52.6277,
    "lng": 1.31175
  },
  {
    "name": "Thornton-Cleveleys",
    "country": "GB",
    "lat": 53.87389,
    "lng": -3.02244
  },
  {
    "name": "Thamesmead",
    "country": "GB",
    "lat": 51.50372,
    "lng": 0.11982
  },
  {
    "name": "Thornliebank",
    "country": "GB",
    "lat": 55.80454,
    "lng": -4.31746
  },
  {
    "name": "Thornhill",
    "country": "GB",
    "lat": 51.54183,
    "lng": -3.19283
  },
  {
    "name": "Thrapsanón",
    "country": "GR",
    "lat": 35.18798,
    "lng": 25.28091
  },
  {
    "name": "Thouría",
    "country": "GR",
    "lat": 37.08356,
    "lng": 22.04891
  },
  {
    "name": "Thívai",
    "country": "GR",
    "lat": 38.325,
    "lng": 23.31889
  },
  {
    "name": "Thymianá",
    "country": "GR",
    "lat": 38.31439,
    "lng": 26.13259
  },
  {
    "name": "Thesprotikó",
    "country": "GR",
    "lat": 39.25114,
    "lng": 20.78528
  },
  {
    "name": "Thespiés",
    "country": "GR",
    "lat": 38.303,
    "lng": 23.15016
  },
  {
    "name": "Thérmo",
    "country": "GR",
    "lat": 38.57358,
    "lng": 21.66628
  },
  {
    "name": "Thessaloníki",
    "country": "GR",
    "lat": 40.64072,
    "lng": 22.93493
  },
  {
    "name": "Thérmi",
    "country": "GR",
    "lat": 40.54712,
    "lng": 23.01967
  },
  {
    "name": "Thásos",
    "country": "GR",
    "lat": 40.77806,
    "lng": 24.70944
  },
  {
    "name": "Thrakomakedónes",
    "country": "GR",
    "lat": 38.12964,
    "lng": 23.75751
  },
  {
    "name": "The Peak",
    "country": "HK",
    "lat": 22.26202,
    "lng": 114.15649
  },
  {
    "name": "The Pacifica",
    "country": "HK",
    "lat": 22.33448,
    "lng": 114.14988
  },
  {
    "name": "The Merton",
    "country": "HK",
    "lat": 22.28333,
    "lng": 114.12633
  },
  {
    "name": "The Belcher's",
    "country": "HK",
    "lat": 22.28481,
    "lng": 114.13329
  },
  {
    "name": "The Central Park",
    "country": "HK",
    "lat": 22.31715,
    "lng": 114.16182
  },
  {
    "name": "The Long Beach",
    "country": "HK",
    "lat": 22.31925,
    "lng": 114.15582
  },
  {
    "name": "The Waterfront",
    "country": "HK",
    "lat": 22.30463,
    "lng": 114.16303
  },
  {
    "name": "The Latitude",
    "country": "HK",
    "lat": 22.33339,
    "lng": 114.19664
  },
  {
    "name": "Thomonde",
    "country": "HT",
    "lat": 19.0173,
    "lng": -71.96235
  },
  {
    "name": "Thomazeau",
    "country": "HT",
    "lat": 18.65297,
    "lng": -72.09391
  },
  {
    "name": "Thomassique",
    "country": "HT",
    "lat": 19.08209,
    "lng": -71.83855
  },
  {
    "name": "Thiotte",
    "country": "HT",
    "lat": 18.24384,
    "lng": -71.84157
  },
  {
    "name": "Thurles",
    "country": "IE",
    "lat": 52.68194,
    "lng": -7.80222
  },
  {
    "name": "Thomastown",
    "country": "IE",
    "lat": 52.52667,
    "lng": -7.13722
  },
  {
    "name": "Thang",
    "country": "IN",
    "lat": 34.9274,
    "lng": 76.79336
  },
  {
    "name": "Thiruvananthapuram",
    "country": "IN",
    "lat": 8.4855,
    "lng": 76.94924
  },
  {
    "name": "Thrissur",
    "country": "IN",
    "lat": 10.51667,
    "lng": 76.21667
  },
  {
    "name": "Thiruvidaimaruthur",
    "country": "IN",
    "lat": 10.99857,
    "lng": 79.45227
  },
  {
    "name": "Thiruthuraipoondi",
    "country": "IN",
    "lat": 10.52819,
    "lng": 79.63268
  },
  {
    "name": "Thiruthani",
    "country": "IN",
    "lat": 13.17594,
    "lng": 79.61637
  },
  {
    "name": "Thirukattupalli",
    "country": "IN",
    "lat": 10.84431,
    "lng": 78.95647
  },
  {
    "name": "Thoubāl",
    "country": "IN",
    "lat": 24.63881,
    "lng": 93.99639
  },
  {
    "name": "Thiruvarur",
    "country": "IN",
    "lat": 10.77269,
    "lng": 79.6368
  },
  {
    "name": "Thiruvaiyaru",
    "country": "IN",
    "lat": 10.88405,
    "lng": 79.10362
  },
  {
    "name": "Theog",
    "country": "IN",
    "lat": 31.12155,
    "lng": 77.35838
  },
  {
    "name": "Thenzawl",
    "country": "IN",
    "lat": 23.31667,
    "lng": 92.75
  },
  {
    "name": "Thāsra",
    "country": "IN",
    "lat": 22.79831,
    "lng": 73.21174
  },
  {
    "name": "Tharād",
    "country": "IN",
    "lat": 24.39597,
    "lng": 71.62577
  },
  {
    "name": "Thara",
    "country": "IN",
    "lat": 23.97345,
    "lng": 71.81922
  },
  {
    "name": "Thanniyam",
    "country": "IN",
    "lat": 10.41667,
    "lng": 76.13333
  },
  {
    "name": "Thanna Mandi",
    "country": "IN",
    "lat": 33.54204,
    "lng": 74.381
  },
  {
    "name": "Thanjavur",
    "country": "IN",
    "lat": 10.78523,
    "lng": 79.13909
  },
  {
    "name": "Thānesar",
    "country": "IN",
    "lat": 29.97323,
    "lng": 76.83214
  },
  {
    "name": "Thāne",
    "country": "IN",
    "lat": 19.19704,
    "lng": 72.96355
  },
  {
    "name": "Thandla",
    "country": "IN",
    "lat": 23.00959,
    "lng": 74.57747
  },
  {
    "name": "Thāna Bhawan",
    "country": "IN",
    "lat": 29.58605,
    "lng": 77.41811
  },
  {
    "name": "Thān",
    "country": "IN",
    "lat": 22.57422,
    "lng": 71.19942
  },
  {
    "name": "Thākurganj",
    "country": "IN",
    "lat": 26.42742,
    "lng": 88.13112
  },
  {
    "name": "Thakurdwara",
    "country": "IN",
    "lat": 29.19203,
    "lng": 78.86145
  },
  {
    "name": "Thenkasi",
    "country": "IN",
    "lat": 8.96003,
    "lng": 77.31525
  },
  {
    "name": "Thenali",
    "country": "IN",
    "lat": 16.24253,
    "lng": 80.63982
  },
  {
    "name": "Tharangambadi",
    "country": "IN",
    "lat": 11.02764,
    "lng": 79.85425
  },
  {
    "name": "Thanneermukkom",
    "country": "IN",
    "lat": 9.66337,
    "lng": 76.38073
  },
  {
    "name": "Thottada",
    "country": "IN",
    "lat": 11.83851,
    "lng": 75.4208
  },
  {
    "name": "Thondamuthur",
    "country": "IN",
    "lat": 10.99082,
    "lng": 76.84181
  },
  {
    "name": "Thottiyam",
    "country": "IN",
    "lat": 10.98998,
    "lng": 78.33411
  },
  {
    "name": "Thuraiyur",
    "country": "IN",
    "lat": 11.14805,
    "lng": 78.59911
  },
  {
    "name": "Thimiri",
    "country": "IN",
    "lat": 12.82828,
    "lng": 79.30792
  },
  {
    "name": "Thoothukudi",
    "country": "IN",
    "lat": 8.76735,
    "lng": 78.13425
  },
  {
    "name": "Thodupuzha",
    "country": "IN",
    "lat": 9.89394,
    "lng": 76.72216
  },
  {
    "name": "Tharīke",
    "country": "IN",
    "lat": 30.86669,
    "lng": 75.78163
  },
  {
    "name": "Thariāl",
    "country": "IN",
    "lat": 32.3544,
    "lng": 75.60668
  },
  {
    "name": "Thirunavaya",
    "country": "IN",
    "lat": 10.87459,
    "lng": 75.98546
  },
  {
    "name": "Thazhakara",
    "country": "IN",
    "lat": 9.25021,
    "lng": 76.56741
  },
  {
    "name": "Thanganellūr",
    "country": "IN",
    "lat": 10.62434,
    "lng": 76.186
  },
  {
    "name": "Thevūr",
    "country": "IN",
    "lat": 11.52396,
    "lng": 77.7539
  },
  {
    "name": "Thaikkattussery",
    "country": "IN",
    "lat": 9.77147,
    "lng": 76.34385
  },
  {
    "name": "Thaikattussery",
    "country": "IN",
    "lat": 10.46011,
    "lng": 76.24357
  },
  {
    "name": "Thummalamenta",
    "country": "IN",
    "lat": 15.02765,
    "lng": 78.02347
  },
  {
    "name": "Thekashu Pt-I",
    "country": "IN",
    "lat": 25.98355,
    "lng": 90.77896
  },
  {
    "name": "Thekashu Pt.-II",
    "country": "IN",
    "lat": 25.98174,
    "lng": 90.78758
  },
  {
    "name": "Than-Khamharia",
    "country": "IN",
    "lat": 21.80049,
    "lng": 81.33812
  },
  {
    "name": "Tholur",
    "country": "IN",
    "lat": 10.57177,
    "lng": 76.12909
  },
  {
    "name": "Thirumittacode-II",
    "country": "IN",
    "lat": 10.73174,
    "lng": 76.16074
  },
  {
    "name": "Thurayur",
    "country": "IN",
    "lat": 11.52802,
    "lng": 75.67089
  },
  {
    "name": "Thekkumkara",
    "country": "IN",
    "lat": 10.28194,
    "lng": 76.21322
  },
  {
    "name": "Thiruvankulam",
    "country": "IN",
    "lat": 9.94679,
    "lng": 76.36662
  },
  {
    "name": "Thazhecode",
    "country": "IN",
    "lat": 11.32258,
    "lng": 75.97579
  },
  {
    "name": "Thodiyoor",
    "country": "IN",
    "lat": 9.07797,
    "lng": 76.57772
  },
  {
    "name": "Thenhippalam",
    "country": "IN",
    "lat": 11.13232,
    "lng": 75.88224
  },
  {
    "name": "Thongju",
    "country": "IN",
    "lat": 24.75762,
    "lng": 93.93738
  },
  {
    "name": "Thorapadi",
    "country": "IN",
    "lat": 12.89154,
    "lng": 79.12381
  },
  {
    "name": "Thiesi",
    "country": "IT",
    "lat": 40.52398,
    "lng": 8.72001
  },
  {
    "name": "Thiene",
    "country": "IT",
    "lat": 45.7088,
    "lng": 11.47959
  },
  {
    "name": "Thika",
    "country": "KE",
    "lat": -1.03326,
    "lng": 37.06933
  },
  {
    "name": "Thma Puok",
    "country": "KH",
    "lat": 13.93987,
    "lng": 103.05307
  },
  {
    "name": "Thma Bang",
    "country": "KH",
    "lat": 11.62925,
    "lng": 103.52958
  },
  {
    "name": "Thpong",
    "country": "KH",
    "lat": 11.75375,
    "lng": 104.42743
  },
  {
    "name": "The Mountain",
    "country": "KY",
    "lat": 19.3309,
    "lng": -81.19905
  },
  {
    "name": "The Moorings",
    "country": "KY",
    "lat": 19.73333,
    "lng": -79.78333
  },
  {
    "name": "The Common",
    "country": "KY",
    "lat": 19.3793,
    "lng": -81.40102
  },
  {
    "name": "Thakhèk",
    "country": "LA",
    "lat": 17.41027,
    "lng": 104.83068
  },
  {
    "name": "Thabana Morena",
    "country": "LS",
    "lat": -29.96008,
    "lng": 27.42044
  },
  {
    "name": "Thaba-Tseka",
    "country": "LS",
    "lat": -29.52204,
    "lng": 28.6084
  },
  {
    "name": "Thongwa",
    "country": "MM",
    "lat": 16.75998,
    "lng": 96.52498
  },
  {
    "name": "Thayetmyo",
    "country": "MM",
    "lat": 19.32076,
    "lng": 95.18272
  },
  {
    "name": "Thaton",
    "country": "MM",
    "lat": 16.91867,
    "lng": 97.37001
  },
  {
    "name": "Tharyarwady",
    "country": "MM",
    "lat": 17.65399,
    "lng": 95.78813
  },
  {
    "name": "Thanbyuzayat",
    "country": "MM",
    "lat": 15.96893,
    "lng": 97.72745
  },
  {
    "name": "Thanatpin",
    "country": "MM",
    "lat": 17.29136,
    "lng": 96.57523
  },
  {
    "name": "Thanlyin",
    "country": "MM",
    "lat": 16.76887,
    "lng": 96.24503
  },
  {
    "name": "Tha Yet Kone",
    "country": "MM",
    "lat": 24.82763,
    "lng": 96.36492
  },
  {
    "name": "The Vale",
    "country": "MU",
    "lat": -20.03018,
    "lng": 57.60219
  },
  {
    "name": "Thinadhoo",
    "country": "MV",
    "lat": 0.5306,
    "lng": 72.99969
  },
  {
    "name": "Thyolo",
    "country": "MW",
    "lat": -16.06775,
    "lng": 35.14046
  },
  {
    "name": "Thio",
    "country": "NC",
    "lat": -21.61667,
    "lng": 166.21667
  },
  {
    "name": "Thorn",
    "country": "NL",
    "lat": 51.16167,
    "lng": 5.84167
  },
  {
    "name": "Tholen",
    "country": "NL",
    "lat": 51.53167,
    "lng": 4.22083
  },
  {
    "name": "Theereheide",
    "country": "NL",
    "lat": 51.63843,
    "lng": 5.33729
  },
  {
    "name": "The Hague",
    "country": "NL",
    "lat": 52.07667,
    "lng": 4.29861
  },
  {
    "name": "Thames",
    "country": "NZ",
    "lat": -37.13832,
    "lng": 175.54011
  },
  {
    "name": "Three Kings",
    "country": "NZ",
    "lat": -36.8982,
    "lng": 174.75019
  },
  {
    "name": "Thul",
    "country": "PK",
    "lat": 28.2403,
    "lng": 68.7755
  },
  {
    "name": "Thatta",
    "country": "PK",
    "lat": 24.74745,
    "lng": 67.92353
  },
  {
    "name": "Tharu Shah",
    "country": "PK",
    "lat": 26.9423,
    "lng": 68.11759
  },
  {
    "name": "Thamewali",
    "country": "PK",
    "lat": 32.78357,
    "lng": 71.7808
  },
  {
    "name": "Thal",
    "country": "PK",
    "lat": 35.47836,
    "lng": 72.24383
  },
  {
    "name": "Thuqbah",
    "country": "SA",
    "lat": 26.26022,
    "lng": 50.20486
  },
  {
    "name": "Thuwal",
    "country": "SA",
    "lat": 22.28272,
    "lng": 39.11245
  },
  {
    "name": "Thomson",
    "country": "SG",
    "lat": 1.34917,
    "lng": 103.84361
  },
  {
    "name": "Thiadiaye",
    "country": "SN",
    "lat": 14.42038,
    "lng": -16.70258
  },
  {
    "name": "Thilogne",
    "country": "SN",
    "lat": 15.92389,
    "lng": -13.65778
  },
  {
    "name": "Thiès Nones",
    "country": "SN",
    "lat": 14.78333,
    "lng": -16.96667
  },
  {
    "name": "Thiès",
    "country": "SN",
    "lat": 14.78944,
    "lng": -16.92602
  },
  {
    "name": "Thunzini",
    "country": "SZ",
    "lat": -25.95764,
    "lng": 31.7274
  },
  {
    "name": "Thung Sai",
    "country": "TH",
    "lat": 16.31489,
    "lng": 99.83267
  },
  {
    "name": "Tham Phannara",
    "country": "TH",
    "lat": 8.42045,
    "lng": 99.39517
  },
  {
    "name": "Thung Yai",
    "country": "TH",
    "lat": 8.30119,
    "lng": 99.36611
  },
  {
    "name": "Thung Tako",
    "country": "TH",
    "lat": 10.11022,
    "lng": 99.08306
  },
  {
    "name": "Thung Song",
    "country": "TH",
    "lat": 8.16453,
    "lng": 99.68039
  },
  {
    "name": "Thung Saliam",
    "country": "TH",
    "lat": 17.32106,
    "lng": 99.56092
  },
  {
    "name": "Thong Pha Phum",
    "country": "TH",
    "lat": 14.74345,
    "lng": 98.63101
  },
  {
    "name": "Thoen",
    "country": "TH",
    "lat": 17.61289,
    "lng": 99.21612
  },
  {
    "name": "Tha Song Yang",
    "country": "TH",
    "lat": 17.22708,
    "lng": 98.22572
  },
  {
    "name": "Tha Sala",
    "country": "TH",
    "lat": 8.66733,
    "lng": 99.93078
  },
  {
    "name": "Tha Sae",
    "country": "TH",
    "lat": 10.66461,
    "lng": 99.17281
  },
  {
    "name": "Thap Than",
    "country": "TH",
    "lat": 15.46063,
    "lng": 99.89166
  },
  {
    "name": "Thap Sakae",
    "country": "TH",
    "lat": 11.49964,
    "lng": 99.6217
  },
  {
    "name": "Thap Put",
    "country": "TH",
    "lat": 8.51625,
    "lng": 98.63972
  },
  {
    "name": "Tha Phae",
    "country": "TH",
    "lat": 6.79014,
    "lng": 99.97005
  },
  {
    "name": "Tha Muang",
    "country": "TH",
    "lat": 13.96118,
    "lng": 99.64122
  },
  {
    "name": "Tha Maka",
    "country": "TH",
    "lat": 13.9,
    "lng": 99.76667
  },
  {
    "name": "Thalang",
    "country": "TH",
    "lat": 8.03169,
    "lng": 98.33408
  },
  {
    "name": "Thai Mueang",
    "country": "TH",
    "lat": 8.39914,
    "lng": 98.26061
  },
  {
    "name": "Tha Chang",
    "country": "TH",
    "lat": 9.26418,
    "lng": 99.19218
  },
  {
    "name": "Tha Chana",
    "country": "TH",
    "lat": 9.57203,
    "lng": 99.16586
  },
  {
    "name": "Tha Kham",
    "country": "TH",
    "lat": 9.11072,
    "lng": 99.23208
  },
  {
    "name": "Tha Khanon",
    "country": "TH",
    "lat": 9.0302,
    "lng": 98.95286
  },
  {
    "name": "Thung Wa",
    "country": "TH",
    "lat": 7.10957,
    "lng": 99.75586
  },
  {
    "name": "Thung Hua Chang",
    "country": "TH",
    "lat": 18.00301,
    "lng": 99.0278
  },
  {
    "name": "Tha Maka",
    "country": "TH",
    "lat": 13.92081,
    "lng": 99.76553
  },
  {
    "name": "Thepharak",
    "country": "TH",
    "lat": 15.30868,
    "lng": 101.55045
  },
  {
    "name": "Thepha",
    "country": "TH",
    "lat": 6.82936,
    "lng": 100.96431
  },
  {
    "name": "Thung Fon",
    "country": "TH",
    "lat": 17.47167,
    "lng": 103.26033
  },
  {
    "name": "Thon Buri",
    "country": "TH",
    "lat": 13.725,
    "lng": 100.48511
  },
  {
    "name": "Thoeng",
    "country": "TH",
    "lat": 19.68508,
    "lng": 100.19456
  },
  {
    "name": "Thep Sathit",
    "country": "TH",
    "lat": 15.39247,
    "lng": 101.45061
  },
  {
    "name": "Tha Yang",
    "country": "TH",
    "lat": 12.95772,
    "lng": 99.90555
  },
  {
    "name": "Tha Wung",
    "country": "TH",
    "lat": 14.811,
    "lng": 100.50333
  },
  {
    "name": "Thawat Buri",
    "country": "TH",
    "lat": 16.0385,
    "lng": 103.74647
  },
  {
    "name": "Tha Wang Pha",
    "country": "TH",
    "lat": 19.12189,
    "lng": 100.81106
  },
  {
    "name": "Tha Uthen",
    "country": "TH",
    "lat": 17.57605,
    "lng": 104.59906
  },
  {
    "name": "Tha Tum",
    "country": "TH",
    "lat": 15.3195,
    "lng": 103.67542
  },
  {
    "name": "That Phanom",
    "country": "TH",
    "lat": 16.93636,
    "lng": 104.71039
  },
  {
    "name": "Tha Tako",
    "country": "TH",
    "lat": 15.64218,
    "lng": 100.47839
  },
  {
    "name": "Tha Ruea",
    "country": "TH",
    "lat": 14.56739,
    "lng": 100.72598
  },
  {
    "name": "Tha Pla",
    "country": "TH",
    "lat": 17.79112,
    "lng": 100.37611
  },
  {
    "name": "Thap Khlo",
    "country": "TH",
    "lat": 16.16003,
    "lng": 100.59656
  },
  {
    "name": "Thanyaburi",
    "country": "TH",
    "lat": 14.02114,
    "lng": 100.73433
  },
  {
    "name": "Than To",
    "country": "TH",
    "lat": 6.16739,
    "lng": 101.18008
  },
  {
    "name": "Tha Mai",
    "country": "TH",
    "lat": 12.62137,
    "lng": 102.00481
  },
  {
    "name": "Tha Luang",
    "country": "TH",
    "lat": 15.07124,
    "lng": 101.09801
  },
  {
    "name": "Tha Li",
    "country": "TH",
    "lat": 17.62355,
    "lng": 101.42099
  },
  {
    "name": "Tha Khantho",
    "country": "TH",
    "lat": 16.93953,
    "lng": 103.24586
  },
  {
    "name": "Tha Chang",
    "country": "TH",
    "lat": 14.76142,
    "lng": 100.38989
  },
  {
    "name": "Tha Bo",
    "country": "TH",
    "lat": 17.85003,
    "lng": 102.58139
  },
  {
    "name": "Thambon Na Mueang",
    "country": "TH",
    "lat": 14.05603,
    "lng": 101.37218
  },
  {
    "name": "Thung Yang Daeng",
    "country": "TH",
    "lat": 6.61822,
    "lng": 101.4265
  },
  {
    "name": "Thung Chang",
    "country": "TH",
    "lat": 19.38786,
    "lng": 100.87619
  },
  {
    "name": "Thawi Watthana",
    "country": "TH",
    "lat": 13.78316,
    "lng": 100.37805
  },
  {
    "name": "Thung Khru",
    "country": "TH",
    "lat": 13.62875,
    "lng": 100.50964
  },
  {
    "name": "Thong Saen Khan",
    "country": "TH",
    "lat": 17.47065,
    "lng": 100.33146
  },
  {
    "name": "Tha Takiap",
    "country": "TH",
    "lat": 13.44547,
    "lng": 101.61133
  },
  {
    "name": "Thung Khao Luang",
    "country": "TH",
    "lat": 15.99397,
    "lng": 103.86264
  },
  {
    "name": "Thai Charoen",
    "country": "TH",
    "lat": 16.06645,
    "lng": 104.44018
  },
  {
    "name": "Thung Si Udom",
    "country": "TH",
    "lat": 14.73303,
    "lng": 104.90897
  },
  {
    "name": "Tha Raeng",
    "country": "TH",
    "lat": 13.86849,
    "lng": 100.64534
  },
  {
    "name": "Thelepte",
    "country": "TN",
    "lat": 34.97776,
    "lng": 8.59264
  },
  {
    "name": "Thala",
    "country": "TN",
    "lat": 35.57244,
    "lng": 8.67031
  },
  {
    "name": "Theodore",
    "country": "US",
    "lat": 30.54769,
    "lng": -88.17528
  },
  {
    "name": "Thomasville",
    "country": "US",
    "lat": 31.91349,
    "lng": -87.73584
  },
  {
    "name": "Thorsby",
    "country": "US",
    "lat": 32.91568,
    "lng": -86.71582
  },
  {
    "name": "The Crossings",
    "country": "US",
    "lat": 25.67066,
    "lng": -80.40117
  },
  {
    "name": "The Hammocks",
    "country": "US",
    "lat": 25.67149,
    "lng": -80.4445
  },
  {
    "name": "The Meadows",
    "country": "US",
    "lat": 27.36171,
    "lng": -82.46898
  },
  {
    "name": "The Villages",
    "country": "US",
    "lat": 28.93408,
    "lng": -81.95994
  },
  {
    "name": "Thonotosassa",
    "country": "US",
    "lat": 28.06141,
    "lng": -82.30231
  },
  {
    "name": "Three Lakes",
    "country": "US",
    "lat": 25.64205,
    "lng": -80.39839
  },
  {
    "name": "Three Oaks",
    "country": "US",
    "lat": 26.47008,
    "lng": -81.79397
  },
  {
    "name": "Thomasville",
    "country": "US",
    "lat": 30.83658,
    "lng": -83.97878
  },
  {
    "name": "Thomaston",
    "country": "US",
    "lat": 32.88819,
    "lng": -84.32659
  },
  {
    "name": "Thomson",
    "country": "US",
    "lat": 33.47069,
    "lng": -82.50457
  },
  {
    "name": "Thunderbolt",
    "country": "US",
    "lat": 32.03354,
    "lng": -81.04983
  },
  {
    "name": "Thibodaux",
    "country": "US",
    "lat": 29.79576,
    "lng": -90.82287
  },
  {
    "name": "Thurmont",
    "country": "US",
    "lat": 39.62371,
    "lng": -77.41082
  },
  {
    "name": "Thayer",
    "country": "US",
    "lat": 36.52451,
    "lng": -91.5382
  },
  {
    "name": "Thomasville",
    "country": "US",
    "lat": 35.88264,
    "lng": -80.08199
  },
  {
    "name": "Thurmond",
    "country": "US",
    "lat": 36.36652,
    "lng": -80.92841
  },
  {
    "name": "The Plains",
    "country": "US",
    "lat": 39.36896,
    "lng": -82.13237
  },
  {
    "name": "The Village of Indian Hill",
    "country": "US",
    "lat": 39.17949,
    "lng": -84.33517
  },
  {
    "name": "Thornport",
    "country": "US",
    "lat": 39.91312,
    "lng": -82.41099
  },
  {
    "name": "The Village",
    "country": "US",
    "lat": 35.56089,
    "lng": -97.55143
  },
  {
    "name": "Thomas",
    "country": "US",
    "lat": 35.74422,
    "lng": -98.74758
  },
  {
    "name": "Thorndale",
    "country": "US",
    "lat": 39.99288,
    "lng": -75.74522
  },
  {
    "name": "Thompson's Station",
    "country": "US",
    "lat": 35.80201,
    "lng": -86.91139
  },
  {
    "name": "Three Way",
    "country": "US",
    "lat": 35.7759,
    "lng": -88.8595
  },
  {
    "name": "The Colony",
    "country": "US",
    "lat": 33.08901,
    "lng": -96.88639
  },
  {
    "name": "The Hills",
    "country": "US",
    "lat": 30.34798,
    "lng": -97.98501
  },
  {
    "name": "The Woodlands",
    "country": "US",
    "lat": 30.15799,
    "lng": -95.48938
  },
  {
    "name": "Thorndale",
    "country": "US",
    "lat": 30.61381,
    "lng": -97.20555
  },
  {
    "name": "Three Rivers",
    "country": "US",
    "lat": 28.46027,
    "lng": -98.18251
  },
  {
    "name": "Throckmorton",
    "country": "US",
    "lat": 33.17872,
    "lng": -99.17758
  },
  {
    "name": "Thomaston",
    "country": "US",
    "lat": 41.67399,
    "lng": -73.07316
  },
  {
    "name": "Thompson",
    "country": "US",
    "lat": 41.95871,
    "lng": -71.86257
  },
  {
    "name": "Thompsonville",
    "country": "US",
    "lat": 41.99704,
    "lng": -72.59898
  },
  {
    "name": "Third Lake",
    "country": "US",
    "lat": 42.37391,
    "lng": -88.01091
  },
  {
    "name": "Thomasboro",
    "country": "US",
    "lat": 40.2417,
    "lng": -88.18421
  },
  {
    "name": "Thornton",
    "country": "US",
    "lat": 41.56809,
    "lng": -87.6081
  },
  {
    "name": "Thorntown",
    "country": "US",
    "lat": 40.12948,
    "lng": -86.60667
  },
  {
    "name": "Thompsonville",
    "country": "US",
    "lat": 42.31538,
    "lng": -71.18422
  },
  {
    "name": "Thomaston",
    "country": "US",
    "lat": 44.07897,
    "lng": -69.18171
  },
  {
    "name": "Three Rivers",
    "country": "US",
    "lat": 41.94394,
    "lng": -85.63249
  },
  {
    "name": "Three Oaks",
    "country": "US",
    "lat": 41.79865,
    "lng": -86.61058
  },
  {
    "name": "Thief River Falls",
    "country": "US",
    "lat": 48.11914,
    "lng": -96.18115
  },
  {
    "name": "Thompson",
    "country": "US",
    "lat": 47.77359,
    "lng": -97.1098
  },
  {
    "name": "Thornton",
    "country": "US",
    "lat": 43.89285,
    "lng": -71.67591
  },
  {
    "name": "The Bronx",
    "country": "US",
    "lat": 40.84985,
    "lng": -73.86641
  },
  {
    "name": "Thiells",
    "country": "US",
    "lat": 41.21065,
    "lng": -74.01764
  },
  {
    "name": "Thomaston",
    "country": "US",
    "lat": 40.78621,
    "lng": -73.71374
  },
  {
    "name": "Thornwood",
    "country": "US",
    "lat": 41.12343,
    "lng": -73.77902
  },
  {
    "name": "Throgs Neck",
    "country": "US",
    "lat": 40.8226,
    "lng": -73.81958
  },
  {
    "name": "Thompsonville",
    "country": "US",
    "lat": 40.2909,
    "lng": -80.10811
  },
  {
    "name": "Throop",
    "country": "US",
    "lat": 41.45147,
    "lng": -75.61185
  },
  {
    "name": "Theresa",
    "country": "US",
    "lat": 43.51722,
    "lng": -88.45121
  },
  {
    "name": "Thiensville",
    "country": "US",
    "lat": 43.23751,
    "lng": -87.9787
  },
  {
    "name": "Thorp",
    "country": "US",
    "lat": 44.96108,
    "lng": -90.79986
  },
  {
    "name": "Three Rivers",
    "country": "US",
    "lat": 42.1812,
    "lng": -72.36064
  },
  {
    "name": "Thatcher",
    "country": "US",
    "lat": 32.84923,
    "lng": -109.75925
  },
  {
    "name": "Three Points",
    "country": "US",
    "lat": 32.07675,
    "lng": -111.31371
  },
  {
    "name": "Thermal",
    "country": "US",
    "lat": 33.6403,
    "lng": -116.13945
  },
  {
    "name": "Thermalito",
    "country": "US",
    "lat": 39.51128,
    "lng": -121.58692
  },
  {
    "name": "Thornton",
    "country": "US",
    "lat": 38.22603,
    "lng": -121.42467
  },
  {
    "name": "Thousand Oaks",
    "country": "US",
    "lat": 34.17056,
    "lng": -118.83759
  },
  {
    "name": "Thousand Palms",
    "country": "US",
    "lat": 33.82002,
    "lng": -116.39029
  },
  {
    "name": "The Pinery",
    "country": "US",
    "lat": 39.45527,
    "lng": -104.73442
  },
  {
    "name": "Thornton",
    "country": "US",
    "lat": 39.86804,
    "lng": -104.97192
  },
  {
    "name": "Thoreau",
    "country": "US",
    "lat": 35.40253,
    "lng": -108.2234
  },
  {
    "name": "Three Rivers",
    "country": "US",
    "lat": 36.43884,
    "lng": -118.90454
  },
  {
    "name": "Thompson Falls",
    "country": "US",
    "lat": 47.59489,
    "lng": -115.33834
  },
  {
    "name": "Three Forks",
    "country": "US",
    "lat": 45.89243,
    "lng": -111.55219
  },
  {
    "name": "Thedford",
    "country": "US",
    "lat": 41.97833,
    "lng": -100.57625
  },
  {
    "name": "The Dalles",
    "country": "US",
    "lat": 45.59456,
    "lng": -121.17868
  },
  {
    "name": "Three Rivers",
    "country": "US",
    "lat": 43.82012,
    "lng": -121.46919
  },
  {
    "name": "Three Lakes",
    "country": "US",
    "lat": 47.94482,
    "lng": -122.01152
  },
  {
    "name": "Thermopolis",
    "country": "US",
    "lat": 43.64607,
    "lng": -108.21204
  },
  {
    "name": "The Galena Territory",
    "country": "US",
    "lat": 42.39343,
    "lng": -90.32582
  },
  {
    "name": "The Hideout",
    "country": "US",
    "lat": 41.42736,
    "lng": -75.35255
  },
  {
    "name": "The Acreage",
    "country": "US",
    "lat": 26.79404,
    "lng": -80.26749
  },
  {
    "name": "The Villas at Aeloa",
    "country": "US",
    "lat": 21.33933,
    "lng": -158.06726
  },
  {
    "name": "The Parks At Walter Reed",
    "country": "US",
    "lat": 38.97399,
    "lng": -77.02956
  },
  {
    "name": "The Wharf",
    "country": "US",
    "lat": 38.87913,
    "lng": -77.02491
  },
  {
    "name": "Thị Trấn Yên Minh",
    "country": "VN",
    "lat": 23.11792,
    "lng": 105.14159
  },
  {
    "name": "Thị Trấn Vĩnh Tuy",
    "country": "VN",
    "lat": 22.27441,
    "lng": 104.89091
  },
  {
    "name": "Thành Phố Uông Bí",
    "country": "VN",
    "lat": 21.03433,
    "lng": 106.77049
  },
  {
    "name": "Thị Trấn Trùng Khánh",
    "country": "VN",
    "lat": 22.83514,
    "lng": 106.52496
  },
  {
    "name": "Thành phố Trà Vinh",
    "country": "VN",
    "lat": 9.94719,
    "lng": 106.34225
  },
  {
    "name": "Thị Trấn Trạm Tấu",
    "country": "VN",
    "lat": 21.46659,
    "lng": 104.37966
  },
  {
    "name": "Thụy Phương",
    "country": "VN",
    "lat": 21.08333,
    "lng": 105.78333
  },
  {
    "name": "Thủ Thừa",
    "country": "VN",
    "lat": 10.60232,
    "lng": 106.40207
  },
  {
    "name": "Thường Xuân",
    "country": "VN",
    "lat": 19.90294,
    "lng": 105.34723
  },
  {
    "name": "Thường Nga",
    "country": "VN",
    "lat": 18.45,
    "lng": 105.66667
  },
  {
    "name": "Thượng Cát",
    "country": "VN",
    "lat": 21.09342,
    "lng": 105.73188
  },
  {
    "name": "Thủ Đức",
    "country": "VN",
    "lat": 10.84863,
    "lng": 106.77209
  },
  {
    "name": "Thủ Dầu Một",
    "country": "VN",
    "lat": 10.9804,
    "lng": 106.6519
  },
  {
    "name": "Thuan Thiện",
    "country": "VN",
    "lat": 18.45,
    "lng": 105.78333
  },
  {
    "name": "Thuận Thanh",
    "country": "VN",
    "lat": 21.046,
    "lng": 106.079
  },
  {
    "name": "Thọ Xuân",
    "country": "VN",
    "lat": 19.93133,
    "lng": 105.52179
  },
  {
    "name": "Thốt Nốt",
    "country": "VN",
    "lat": 10.27213,
    "lng": 105.5338
  },
  {
    "name": "Thới Lai",
    "country": "VN",
    "lat": 10.06522,
    "lng": 105.55863
  },
  {
    "name": "Thới Bình",
    "country": "VN",
    "lat": 9.35584,
    "lng": 105.09929
  },
  {
    "name": "Thôn La Vang Chinh",
    "country": "VN",
    "lat": 16.71667,
    "lng": 107.23333
  },
  {
    "name": "Thị Trấn Thất Khê",
    "country": "VN",
    "lat": 22.25525,
    "lng": 106.47359
  },
  {
    "name": "Than Uyên",
    "country": "VN",
    "lat": 21.95907,
    "lng": 103.88001
  },
  {
    "name": "Thanh Sơn",
    "country": "VN",
    "lat": 21.19867,
    "lng": 105.17892
  },
  {
    "name": "Thạnh Phú",
    "country": "VN",
    "lat": 9.94827,
    "lng": 106.51629
  },
  {
    "name": "Thanh Nê",
    "country": "VN",
    "lat": 20.3881,
    "lng": 106.43834
  },
  {
    "name": "Thanh Liệt",
    "country": "VN",
    "lat": 20.96667,
    "lng": 105.81667
  },
  {
    "name": "Thanh Hóa",
    "country": "VN",
    "lat": 19.8,
    "lng": 105.76667
  },
  {
    "name": "Thanh Chương",
    "country": "VN",
    "lat": 18.77877,
    "lng": 105.33356
  },
  {
    "name": "Thanh Bình",
    "country": "VN",
    "lat": 10.5619,
    "lng": 105.48411
  },
  {
    "name": "Thái Nguyên",
    "country": "VN",
    "lat": 21.59422,
    "lng": 105.84817
  },
  {
    "name": "Thái Bình",
    "country": "VN",
    "lat": 20.45,
    "lng": 106.34002
  },
  {
    "name": "Thạch Hà",
    "country": "VN",
    "lat": 18.36788,
    "lng": 105.86122
  },
  {
    "name": "Thị Trấn Tà Lùng",
    "country": "VN",
    "lat": 22.4979,
    "lng": 106.5669
  },
  {
    "name": "Thị Trấn Sìn Hồ",
    "country": "VN",
    "lat": 22.36647,
    "lng": 103.23438
  },
  {
    "name": "Thị Trấn Quảng Uyên",
    "country": "VN",
    "lat": 22.69499,
    "lng": 106.44235
  },
  {
    "name": "Thị Trấn Phố Lu",
    "country": "VN",
    "lat": 22.31918,
    "lng": 104.18719
  },
  {
    "name": "Thị Trấn Phố Bảng",
    "country": "VN",
    "lat": 23.25432,
    "lng": 105.18448
  },
  {
    "name": "Thị Trấn Nước Hai",
    "country": "VN",
    "lat": 22.73738,
    "lng": 106.15216
  },
  {
    "name": "Thị Trấn Nguyên Bình",
    "country": "VN",
    "lat": 22.64995,
    "lng": 105.95985
  },
  {
    "name": "Thị Trấn Ngải Giao",
    "country": "VN",
    "lat": 10.6471,
    "lng": 107.24577
  },
  {
    "name": "Thị Trấn Na Sầm",
    "country": "VN",
    "lat": 22.05639,
    "lng": 106.6151
  },
  {
    "name": "Thạnh Mỹ",
    "country": "VN",
    "lat": 15.74889,
    "lng": 107.83678
  },
  {
    "name": "Thị Trấn Mường Khương",
    "country": "VN",
    "lat": 22.76141,
    "lng": 104.12156
  },
  {
    "name": "Thị Trấn Mèo Vạc",
    "country": "VN",
    "lat": 23.16411,
    "lng": 105.40993
  },
  {
    "name": "Thị Trấn Phước Bửu",
    "country": "VN",
    "lat": 10.53472,
    "lng": 107.40202
  },
  {
    "name": "Thị Trấn Lai Vung",
    "country": "VN",
    "lat": 10.28701,
    "lng": 105.6617
  },
  {
    "name": "Thị Trấn Khánh Yên",
    "country": "VN",
    "lat": 22.08935,
    "lng": 104.25149
  },
  {
    "name": "Thị Trấn Thanh Nhật",
    "country": "VN",
    "lat": 22.68749,
    "lng": 106.67004
  },
  {
    "name": "Thị Trấn Đồng Văn",
    "country": "VN",
    "lat": 23.27841,
    "lng": 105.36291
  },
  {
    "name": "Thị Trấn Đông Triều",
    "country": "VN",
    "lat": 21.08242,
    "lng": 106.5138
  },
  {
    "name": "Thị Trấn Đông Khê",
    "country": "VN",
    "lat": 22.42939,
    "lng": 106.43194
  },
  {
    "name": "Thị Trấn Đồng Đăng",
    "country": "VN",
    "lat": 21.9511,
    "lng": 106.69767
  },
  {
    "name": "Thị Trấn Đất Đỏ",
    "country": "VN",
    "lat": 10.49093,
    "lng": 107.27014
  },
  {
    "name": "Thị Trấn Phố Ràng",
    "country": "VN",
    "lat": 22.23429,
    "lng": 104.47643
  },
  {
    "name": "Thị Trấn Bảo Lạc",
    "country": "VN",
    "lat": 22.94924,
    "lng": 105.68046
  },
  {
    "name": "Thị Trấn Thuận Châu",
    "country": "VN",
    "lat": 21.43849,
    "lng": 103.69
  },
  {
    "name": "Thanh Ba",
    "country": "VN",
    "lat": 21.49881,
    "lng": 105.14104
  },
  {
    "name": "Thị Trấn Tân Yên",
    "country": "VN",
    "lat": 22.0655,
    "lng": 105.0345
  },
  {
    "name": "Thứa",
    "country": "VN",
    "lat": 21.01937,
    "lng": 106.20044
  },
  {
    "name": "Thị Trấn Gành Hào",
    "country": "VN",
    "lat": 9.03183,
    "lng": 105.42115
  },
  {
    "name": "Thị Trấn Ngan Dừa",
    "country": "VN",
    "lat": 9.56703,
    "lng": 105.45019
  },
  {
    "name": "Thị Trấn Phước Long",
    "country": "VN",
    "lat": 9.43753,
    "lng": 105.46217
  },
  {
    "name": "Thị Trấn Giá Rai",
    "country": "VN",
    "lat": 9.23789,
    "lng": 105.45524
  },
  {
    "name": "Thị Trấn Hòa Bình",
    "country": "VN",
    "lat": 9.28471,
    "lng": 105.62916
  },
  {
    "name": "Thắng",
    "country": "VN",
    "lat": 21.35505,
    "lng": 105.98344
  },
  {
    "name": "Thị Trấn Long Điền",
    "country": "VN",
    "lat": 10.48557,
    "lng": 107.21226
  },
  {
    "name": "Thị Trấn Tủa Chùa",
    "country": "VN",
    "lat": 21.85771,
    "lng": 103.3426
  },
  {
    "name": "Thị Trấn Điện Biên",
    "country": "VN",
    "lat": 21.2596,
    "lng": 103.0344
  },
  {
    "name": "Thị Trấn Mường Tè",
    "country": "VN",
    "lat": 22.38067,
    "lng": 102.82011
  },
  {
    "name": "Thị Trấn Tam Sơn",
    "country": "VN",
    "lat": 23.0674,
    "lng": 104.98926
  },
  {
    "name": "Thị Trấn Vị Xuyên",
    "country": "VN",
    "lat": 22.66762,
    "lng": 104.98191
  },
  {
    "name": "Thị Trấn Việt Lâm",
    "country": "VN",
    "lat": 22.62486,
    "lng": 104.95988
  },
  {
    "name": "Thị Trấn Việt Quang",
    "country": "VN",
    "lat": 22.41509,
    "lng": 104.80682
  },
  {
    "name": "Thị Trấn Vinh Quang",
    "country": "VN",
    "lat": 22.74085,
    "lng": 104.67956
  },
  {
    "name": "Thị Trấn Thông Nông",
    "country": "VN",
    "lat": 22.7841,
    "lng": 105.9832
  },
  {
    "name": "Thị Trấn Xuân Hoà",
    "country": "VN",
    "lat": 22.90243,
    "lng": 106.07737
  },
  {
    "name": "Thị Trấn Hùng Quốc",
    "country": "VN",
    "lat": 22.82898,
    "lng": 106.32335
  },
  {
    "name": "Thị Trấn Cao Lộc",
    "country": "VN",
    "lat": 21.8665,
    "lng": 106.76833
  },
  {
    "name": "Thị Trấn Vĩnh Lộc",
    "country": "VN",
    "lat": 22.1436,
    "lng": 105.27192
  },
  {
    "name": "Thị Trấn Yên Thế",
    "country": "VN",
    "lat": 22.11075,
    "lng": 104.76748
  },
  {
    "name": "Thị Trấn Na Hang",
    "country": "VN",
    "lat": 22.34917,
    "lng": 105.38241
  },
  {
    "name": "Thị Trấn Phú Mỹ",
    "country": "VN",
    "lat": 10.6036,
    "lng": 107.054
  },
  {
    "name": "Thiên Tồn",
    "country": "VN",
    "lat": 20.29905,
    "lng": 105.95198
  },
  {
    "name": "Thanh Lưu",
    "country": "VN",
    "lat": 20.47398,
    "lng": 105.95268
  },
  {
    "name": "Thành Phố Bà Rịa",
    "country": "VN",
    "lat": 10.49626,
    "lng": 107.1685
  },
  {
    "name": "Thị Trấn Tuần Giáo",
    "country": "VN",
    "lat": 21.58992,
    "lng": 103.42179
  },
  {
    "name": "Thanh Miện",
    "country": "VN",
    "lat": 20.78714,
    "lng": 106.24623
  },
  {
    "name": "Thanh Hà",
    "country": "VN",
    "lat": 20.89816,
    "lng": 106.42612
  },
  {
    "name": "Thanh Thủy",
    "country": "VN",
    "lat": 21.17548,
    "lng": 105.28388
  },
  {
    "name": "Thường Tín",
    "country": "VN",
    "lat": 20.86874,
    "lng": 105.86125
  },
  {
    "name": "Thanh Xuân",
    "country": "VN",
    "lat": 20.99472,
    "lng": 105.79977
  },
  {
    "name": "Thái Hòa",
    "country": "VN",
    "lat": 18.92031,
    "lng": 104.97441
  },
  {
    "name": "Thanh Khê",
    "country": "VN",
    "lat": 16.0706,
    "lng": 108.19102
  },
  {
    "name": "Thạnh Mỹ",
    "country": "VN",
    "lat": 11.76165,
    "lng": 108.49473
  },
  {
    "name": "Thuận Nam",
    "country": "VN",
    "lat": 10.85004,
    "lng": 107.87864
  },
  {
    "name": "Thống Nhất",
    "country": "VN",
    "lat": 10.95055,
    "lng": 107.14571
  },
  {
    "name": "Thạnh Hóa",
    "country": "VN",
    "lat": 10.65744,
    "lng": 106.18081
  },
  {
    "name": "Thứ Mười Một",
    "country": "VN",
    "lat": 9.61144,
    "lng": 104.9465
  },
  {
    "name": "Thuần Thiện",
    "country": "VN",
    "lat": 18.47422,
    "lng": 105.78691
  },
  {
    "name": "thị xã Quảng Trị",
    "country": "VN",
    "lat": 16.75083,
    "lng": 107.18278
  },
  {
    "name": "Thuận An",
    "country": "VN",
    "lat": 10.9239,
    "lng": 106.71428
  },
  {
    "name": "Thổ Châu",
    "country": "VN",
    "lat": 9.30313,
    "lng": 103.4755
  },
  {
    "name": "Thành phố Sông Công",
    "country": "VN",
    "lat": 21.4772,
    "lng": 105.84137
  },
  {
    "name": "Thamūd",
    "country": "YE",
    "lat": 17.29245,
    "lng": 49.91947
  },
  {
    "name": "Thulani",
    "country": "ZA",
    "lat": -24.63847,
    "lng": 31.41237
  },
  {
    "name": "Thulamahashi",
    "country": "ZA",
    "lat": -24.72459,
    "lng": 31.19939
  },
  {
    "name": "Thohoyandou",
    "country": "ZA",
    "lat": -22.94564,
    "lng": 30.48497
  },
  {
    "name": "Theunissen",
    "country": "ZA",
    "lat": -28.41098,
    "lng": 26.70107
  },
  {
    "name": "Thabazimbi",
    "country": "ZA",
    "lat": -24.59165,
    "lng": 27.41155
  },
  {
    "name": "Thaba Nchu",
    "country": "ZA",
    "lat": -29.20932,
    "lng": 26.83898
  },
  {
    "name": "Thembisa",
    "country": "ZA",
    "lat": -25.99636,
    "lng": 28.2268
  },
  {
    "name": "Thuli",
    "country": "ZA",
    "lat": -26.37087,
    "lng": 28.91521
  },
  {
    "name": "Thornhill",
    "country": "ZA",
    "lat": -33.89511,
    "lng": 25.13914
  },
  {
    "name": "Thembisile",
    "country": "ZA",
    "lat": -25.60362,
    "lng": 28.88795
  },
  {
    "name": "Thembalethu",
    "country": "ZA",
    "lat": -27.61748,
    "lng": 32.02791
  },
  {
    "name": "Thusang",
    "country": "ZA",
    "lat": -24.62123,
    "lng": 29.04054
  },
  {
    "name": "Thabo Mbeki",
    "country": "ZA",
    "lat": -23.34099,
    "lng": 28.01422
  },
  {
    "name": "Thubelihle",
    "country": "ZA",
    "lat": -26.21551,
    "lng": 29.29164
  },
  {
    "name": "Thulamahashe",
    "country": "ZA",
    "lat": -24.72455,
    "lng": 31.21181
  },
  {
    "name": "Thabakgolo",
    "country": "ZA",
    "lat": -24.8005,
    "lng": 31.03186
  }
]