[
  {
    "name": "Tirana",
    "country": "AL",
    "lat": 41.32744,
    "lng": 19.81866
  },
  {
    "name": "Tigre",
    "country": "AR",
    "lat": -34.42603,
    "lng": -58.57962
  },
  {
    "name": "Tintina",
    "country": "AR",
    "lat": -27.02687,
    "lng": -62.70643
  },
  {
    "name": "Tinogasta",
    "country": "AR",
    "lat": -28.06556,
    "lng": -67.56437
  },
  {
    "name": "Tilisarao",
    "country": "AR",
    "lat": -32.73125,
    "lng": -65.29138
  },
  {
    "name": "Tilcara",
    "country": "AR",
    "lat": -23.57817,
    "lng": -65.39516
  },
  {
    "name": "Ticino",
    "country": "AR",
    "lat": -32.69328,
    "lng": -63.43646
  },
  {
    "name": "Timelkam",
    "country": "AT",
    "lat": 48.00394,
    "lng": 13.6076
  },
  {
    "name": "Tieschen",
    "country": "AT",
    "lat": 46.78611,
    "lng": 15.94222
  },
  {
    "name": "Tiefgraben",
    "country": "AT",
    "lat": 47.87385,
    "lng": 13.30591
  },
  {
    "name": "Tillmitsch Links der Laßnitz",
    "country": "AT",
    "lat": 46.80955,
    "lng": 15.52394
  },
  {
    "name": "Tiefenbach",
    "country": "AT",
    "lat": 47.5354,
    "lng": 16.21346
  },
  {
    "name": "Tillmitsch",
    "country": "AT",
    "lat": 46.81195,
    "lng": 15.51679
  },
  {
    "name": "Tinonee",
    "country": "AU",
    "lat": -31.93634,
    "lng": 152.41425
  },
  {
    "name": "Tin Can Bay",
    "country": "AU",
    "lat": -25.91914,
    "lng": 153.0032
  },
  {
    "name": "Timboon",
    "country": "AU",
    "lat": -38.48434,
    "lng": 142.98033
  },
  {
    "name": "Tieri",
    "country": "AU",
    "lat": -23.03829,
    "lng": 148.34463
  },
  {
    "name": "Tighes Hill",
    "country": "AU",
    "lat": -32.90732,
    "lng": 151.7509
  },
  {
    "name": "Tiwi",
    "country": "AU",
    "lat": -12.35876,
    "lng": 130.878
  },
  {
    "name": "Tinana",
    "country": "AU",
    "lat": -25.55196,
    "lng": 152.6659
  },
  {
    "name": "Tingalpa",
    "country": "AU",
    "lat": -27.4736,
    "lng": 153.12704
  },
  {
    "name": "Tivoli",
    "country": "AU",
    "lat": -27.59278,
    "lng": 152.76798
  },
  {
    "name": "Tingira Heights",
    "country": "AU",
    "lat": -32.99725,
    "lng": 151.67021
  },
  {
    "name": "Tisselt",
    "country": "BE",
    "lat": 51.03398,
    "lng": 4.35947
  },
  {
    "name": "Tintigny",
    "country": "BE",
    "lat": 49.68326,
    "lng": 5.51349
  },
  {
    "name": "Tinlot",
    "country": "BE",
    "lat": 50.47493,
    "lng": 5.37755
  },
  {
    "name": "Tilly",
    "country": "BE",
    "lat": 50.56078,
    "lng": 4.55495
  },
  {
    "name": "Tilleur",
    "country": "BE",
    "lat": 50.61805,
    "lng": 5.54277
  },
  {
    "name": "Tilff",
    "country": "BE",
    "lat": 50.56432,
    "lng": 5.57642
  },
  {
    "name": "Tildonk",
    "country": "BE",
    "lat": 50.94383,
    "lng": 4.64481
  },
  {
    "name": "Tihange",
    "country": "BE",
    "lat": 50.52974,
    "lng": 5.26176
  },
  {
    "name": "Tienen",
    "country": "BE",
    "lat": 50.80745,
    "lng": 4.9378
  },
  {
    "name": "Tielt",
    "country": "BE",
    "lat": 50.99931,
    "lng": 3.32707
  },
  {
    "name": "Tielt",
    "country": "BE",
    "lat": 50.9421,
    "lng": 4.90505
  },
  {
    "name": "Tielrode",
    "country": "BE",
    "lat": 51.11303,
    "lng": 4.17707
  },
  {
    "name": "Tielen",
    "country": "BE",
    "lat": 51.24295,
    "lng": 4.89956
  },
  {
    "name": "Tiegem",
    "country": "BE",
    "lat": 50.80901,
    "lng": 3.47479
  },
  {
    "name": "Tielt-Winge",
    "country": "BE",
    "lat": 50.91743,
    "lng": 4.88368
  },
  {
    "name": "Titao",
    "country": "BF",
    "lat": 13.76667,
    "lng": -2.06667
  },
  {
    "name": "Tita",
    "country": "BF",
    "lat": 11.92092,
    "lng": -2.51536
  },
  {
    "name": "Tin-Akoff",
    "country": "BF",
    "lat": 14.96549,
    "lng": -0.16335
  },
  {
    "name": "Tiquipaya",
    "country": "BO",
    "lat": -17.33801,
    "lng": -66.21579
  },
  {
    "name": "Tiahuanaco",
    "country": "BO",
    "lat": -16.55228,
    "lng": -68.67953
  },
  {
    "name": "Timon",
    "country": "BR",
    "lat": -5.09417,
    "lng": -42.83667
  },
  {
    "name": "Timbiras",
    "country": "BR",
    "lat": -4.25528,
    "lng": -43.94056
  },
  {
    "name": "Timbaúba dos Batistas",
    "country": "BR",
    "lat": -6.465,
    "lng": -37.27444
  },
  {
    "name": "Timbaúba",
    "country": "BR",
    "lat": -7.50528,
    "lng": -35.31833
  },
  {
    "name": "Tibau do Sul",
    "country": "BR",
    "lat": -6.18667,
    "lng": -35.09194
  },
  {
    "name": "Tibau",
    "country": "BR",
    "lat": -4.83722,
    "lng": -37.2525
  },
  {
    "name": "Tianguá",
    "country": "BR",
    "lat": -3.73222,
    "lng": -40.99167
  },
  {
    "name": "Tiros",
    "country": "BR",
    "lat": -19.00389,
    "lng": -45.96444
  },
  {
    "name": "Tiradentes do Sul",
    "country": "BR",
    "lat": -27.39439,
    "lng": -54.08654
  },
  {
    "name": "Tiradentes",
    "country": "BR",
    "lat": -21.11028,
    "lng": -44.17806
  },
  {
    "name": "Timóteo",
    "country": "BR",
    "lat": -19.58106,
    "lng": -42.64953
  },
  {
    "name": "Timburi",
    "country": "BR",
    "lat": -23.20528,
    "lng": -49.60667
  },
  {
    "name": "Timbó",
    "country": "BR",
    "lat": -26.82333,
    "lng": -49.27167
  },
  {
    "name": "Timbé do Sul",
    "country": "BR",
    "lat": -28.83161,
    "lng": -49.84575
  },
  {
    "name": "Tijucas do Sul",
    "country": "BR",
    "lat": -25.92842,
    "lng": -49.18008
  },
  {
    "name": "Tijucas",
    "country": "BR",
    "lat": -27.24139,
    "lng": -48.63361
  },
  {
    "name": "Tietê",
    "country": "BR",
    "lat": -23.10194,
    "lng": -47.71472
  },
  {
    "name": "Tibagi",
    "country": "BR",
    "lat": -24.50944,
    "lng": -50.41361
  },
  {
    "name": "Tigrinhos",
    "country": "BR",
    "lat": -26.68778,
    "lng": -53.15806
  },
  {
    "name": "Timbó Grande",
    "country": "BR",
    "lat": -26.615,
    "lng": -50.67417
  },
  {
    "name": "Tio Hugo",
    "country": "BR",
    "lat": -28.57972,
    "lng": -52.59917
  },
  {
    "name": "Tillicum",
    "country": "CA",
    "lat": 48.45,
    "lng": -123.4
  },
  {
    "name": "Tillsonburg",
    "country": "CA",
    "lat": 42.85986,
    "lng": -80.72617
  },
  {
    "name": "Timberlea",
    "country": "CA",
    "lat": 44.66239,
    "lng": -63.74625
  },
  {
    "name": "Timmins",
    "country": "CA",
    "lat": 48.46686,
    "lng": -81.33312
  },
  {
    "name": "Tisdale",
    "country": "CA",
    "lat": 52.85002,
    "lng": -104.05096
  },
  {
    "name": "Tingwick",
    "country": "CA",
    "lat": 45.88007,
    "lng": -71.94221
  },
  {
    "name": "Tiefencastel",
    "country": "CH",
    "lat": 46.66014,
    "lng": 9.57883
  },
  {
    "name": "Tioroniaradougou",
    "country": "CI",
    "lat": 9.35446,
    "lng": -5.63766
  },
  {
    "name": "Tiéme",
    "country": "CI",
    "lat": 9.54452,
    "lng": -7.31778
  },
  {
    "name": "Tiéma",
    "country": "CI",
    "lat": 8.02044,
    "lng": -6.10892
  },
  {
    "name": "Tiébila",
    "country": "CI",
    "lat": 9.74425,
    "lng": -5.82722
  },
  {
    "name": "Tiahouo",
    "country": "CI",
    "lat": 7.48796,
    "lng": -6.50595
  },
  {
    "name": "Tiorotiérie",
    "country": "CI",
    "lat": 10.08971,
    "lng": -6.20916
  },
  {
    "name": "Tirikoro",
    "country": "CI",
    "lat": 8.25551,
    "lng": -7.87246
  },
  {
    "name": "Tipadipa",
    "country": "CI",
    "lat": 6.08669,
    "lng": -5.86188
  },
  {
    "name": "Tioumoukro",
    "country": "CI",
    "lat": 6.89701,
    "lng": -4.42811
  },
  {
    "name": "Tioro",
    "country": "CI",
    "lat": 9.88985,
    "lng": -6.30274
  },
  {
    "name": "Tiongoli",
    "country": "CI",
    "lat": 10.57073,
    "lng": -6.29196
  },
  {
    "name": "Tiolo",
    "country": "CI",
    "lat": 9.94773,
    "lng": -6.08269
  },
  {
    "name": "Tiolasso",
    "country": "CI",
    "lat": 9.78687,
    "lng": -6.82841
  },
  {
    "name": "Tiokonou",
    "country": "CI",
    "lat": 7.42689,
    "lng": -3.91733
  },
  {
    "name": "Tiogo",
    "country": "CI",
    "lat": 10.1681,
    "lng": -6.30499
  },
  {
    "name": "Tinhou",
    "country": "CI",
    "lat": 6.43832,
    "lng": -8.1561
  },
  {
    "name": "Tindikan-Dioulasso",
    "country": "CI",
    "lat": 8.338,
    "lng": -4.38405
  },
  {
    "name": "Tindara",
    "country": "CI",
    "lat": 10.00959,
    "lng": -6.47599
  },
  {
    "name": "Tindéné",
    "country": "CI",
    "lat": 8.46991,
    "lng": -4.2401
  },
  {
    "name": "Tindala",
    "country": "CI",
    "lat": 9.55081,
    "lng": -4.74417
  },
  {
    "name": "Timbé",
    "country": "CI",
    "lat": 8.17009,
    "lng": -4.94663
  },
  {
    "name": "Tinasso",
    "country": "CI",
    "lat": 9.91667,
    "lng": -6.65
  },
  {
    "name": "Timorossié",
    "country": "CI",
    "lat": 8.03046,
    "lng": -2.69703
  },
  {
    "name": "Timboroni",
    "country": "CI",
    "lat": 9.93877,
    "lng": -6.36844
  },
  {
    "name": "Timan",
    "country": "CI",
    "lat": 8.17533,
    "lng": -6.73934
  },
  {
    "name": "Tikakro",
    "country": "CI",
    "lat": 7.84246,
    "lng": -5.16909
  },
  {
    "name": "Tiinba",
    "country": "CI",
    "lat": 9.48893,
    "lng": -7.19808
  },
  {
    "name": "Tiévopleu I",
    "country": "CI",
    "lat": 7.0802,
    "lng": -8.13699
  },
  {
    "name": "Tiéssou",
    "country": "CI",
    "lat": 7.51764,
    "lng": -5.65598
  },
  {
    "name": "Tiérouma",
    "country": "CI",
    "lat": 7.88644,
    "lng": -5.97115
  },
  {
    "name": "Tiépli",
    "country": "CI",
    "lat": 7.54151,
    "lng": -5.0055
  },
  {
    "name": "Tieupleu",
    "country": "CI",
    "lat": 7.04069,
    "lng": -8.15318
  },
  {
    "name": "Tiépa",
    "country": "CI",
    "lat": 6.23694,
    "lng": -5.92107
  },
  {
    "name": "Tiéouléoula",
    "country": "CI",
    "lat": 5.73615,
    "lng": -7.4018
  },
  {
    "name": "Tién Oula",
    "country": "CI",
    "lat": 6.74177,
    "lng": -7.04076
  },
  {
    "name": "Tienkouakrou",
    "country": "CI",
    "lat": 7.21892,
    "lng": -3.06483
  },
  {
    "name": "Tienko",
    "country": "CI",
    "lat": 10.22472,
    "lng": -7.4825
  },
  {
    "name": "Tiéningboué",
    "country": "CI",
    "lat": 8.17838,
    "lng": -5.72147
  },
  {
    "name": "Tienguédougou",
    "country": "CI",
    "lat": 8.39199,
    "lng": -4.74843
  },
  {
    "name": "Tiémélékro",
    "country": "CI",
    "lat": 6.49214,
    "lng": -4.61985
  },
  {
    "name": "Tiégbayo",
    "country": "CI",
    "lat": 6.46946,
    "lng": -5.97681
  },
  {
    "name": "Tiégba",
    "country": "CI",
    "lat": 6.2328,
    "lng": -5.65306
  },
  {
    "name": "Tiefinzo",
    "country": "CI",
    "lat": 10.3986,
    "lng": -7.48291
  },
  {
    "name": "Tiédio",
    "country": "CI",
    "lat": 7.88338,
    "lng": -3.28255
  },
  {
    "name": "Tiobly",
    "country": "CI",
    "lat": 6.5332,
    "lng": -8.50041
  },
  {
    "name": "Tiébissou",
    "country": "CI",
    "lat": 7.15772,
    "lng": -5.2248
  },
  {
    "name": "Tibéita",
    "country": "CI",
    "lat": 7.18271,
    "lng": -5.82323
  },
  {
    "name": "Tiasso",
    "country": "CI",
    "lat": 9.71112,
    "lng": -6.25528
  },
  {
    "name": "Tiassalé",
    "country": "CI",
    "lat": 5.89839,
    "lng": -4.82293
  },
  {
    "name": "Tiaha",
    "country": "CI",
    "lat": 5.29427,
    "lng": -4.48319
  },
  {
    "name": "Tiagba",
    "country": "CI",
    "lat": 5.26028,
    "lng": -4.72333
  },
  {
    "name": "Tiébiéssou",
    "country": "CI",
    "lat": 5.3525,
    "lng": -4.89056
  },
  {
    "name": "Tindikoro",
    "country": "CI",
    "lat": 9.20693,
    "lng": -7.17692
  },
  {
    "name": "Tièkpoloupleu",
    "country": "CI",
    "lat": 7.23555,
    "lng": -8.16404
  },
  {
    "name": "Tiapoum",
    "country": "CI",
    "lat": 5.13622,
    "lng": -3.02308
  },
  {
    "name": "Tiébi",
    "country": "CI",
    "lat": 10.34391,
    "lng": -6.4023
  },
  {
    "name": "Tié-N'Diékro",
    "country": "CI",
    "lat": 7.42775,
    "lng": -4.76586
  },
  {
    "name": "Tiékou-Carrefour",
    "country": "CI",
    "lat": 6.35872,
    "lng": -4.28598
  },
  {
    "name": "Tiédrou",
    "country": "CI",
    "lat": 7.41002,
    "lng": -7.39767
  },
  {
    "name": "Tiény-Séably",
    "country": "CI",
    "lat": 7.37758,
    "lng": -7.4544
  },
  {
    "name": "Tiébly",
    "country": "CI",
    "lat": 7.49445,
    "lng": -7.20816
  },
  {
    "name": "Tié-Iné",
    "country": "CI",
    "lat": 6.90141,
    "lng": -7.59785
  },
  {
    "name": "Tiaplé",
    "country": "CI",
    "lat": 10.098,
    "lng": -5.38939
  },
  {
    "name": "Tienvolokaha",
    "country": "CI",
    "lat": 8.76177,
    "lng": -6.38725
  },
  {
    "name": "Tiltil",
    "country": "CL",
    "lat": -33.0831,
    "lng": -70.92924
  },
  {
    "name": "Tiko",
    "country": "CM",
    "lat": 4.075,
    "lng": 9.36005
  },
  {
    "name": "Tignère",
    "country": "CM",
    "lat": 7.36667,
    "lng": 12.65
  },
  {
    "name": "Tibati",
    "country": "CM",
    "lat": 6.46504,
    "lng": 12.62843
  },
  {
    "name": "Tianfu",
    "country": "CN",
    "lat": 37.26366,
    "lng": 122.05228
  },
  {
    "name": "Tingjiang",
    "country": "CN",
    "lat": 26.07401,
    "lng": 119.50574
  },
  {
    "name": "Tingdong",
    "country": "CN",
    "lat": 25.82444,
    "lng": 108.6125
  },
  {
    "name": "Tieqiao",
    "country": "CN",
    "lat": 31.04001,
    "lng": 108.13362
  },
  {
    "name": "Tiefu",
    "country": "CN",
    "lat": 34.53333,
    "lng": 118.03333
  },
  {
    "name": "Tiaoshi",
    "country": "CN",
    "lat": 29.27722,
    "lng": 106.6425
  },
  {
    "name": "Tianzhuang",
    "country": "CN",
    "lat": 36.79583,
    "lng": 119.73667
  },
  {
    "name": "Tianzhou",
    "country": "CN",
    "lat": 23.74137,
    "lng": 106.91311
  },
  {
    "name": "Tiantang",
    "country": "CN",
    "lat": 30.85,
    "lng": 116.35
  },
  {
    "name": "Tiantai Chengguanzhen",
    "country": "CN",
    "lat": 29.13633,
    "lng": 121.02958
  },
  {
    "name": "Tianshui",
    "country": "CN",
    "lat": 34.57952,
    "lng": 105.74238
  },
  {
    "name": "Tianpeng",
    "country": "CN",
    "lat": 30.98664,
    "lng": 103.93933
  },
  {
    "name": "Tianliu",
    "country": "CN",
    "lat": 37.0,
    "lng": 118.78333
  },
  {
    "name": "Tianjin",
    "country": "CN",
    "lat": 39.14222,
    "lng": 117.17667
  },
  {
    "name": "Tiandiba",
    "country": "CN",
    "lat": 27.70178,
    "lng": 103.24806
  },
  {
    "name": "Tiandeng",
    "country": "CN",
    "lat": 23.08409,
    "lng": 107.13946
  },
  {
    "name": "Tianchi",
    "country": "CN",
    "lat": 30.28112,
    "lng": 105.02346
  },
  {
    "name": "Tiancheng",
    "country": "CN",
    "lat": 29.54022,
    "lng": 114.04155
  },
  {
    "name": "Tianchang",
    "country": "CN",
    "lat": 32.68497,
    "lng": 119.00932
  },
  {
    "name": "Tiandong",
    "country": "CN",
    "lat": 23.59985,
    "lng": 107.12255
  },
  {
    "name": "Tian’e",
    "country": "CN",
    "lat": 24.9933,
    "lng": 107.1691
  },
  {
    "name": "Tianlin",
    "country": "CN",
    "lat": 24.2973,
    "lng": 106.22484
  },
  {
    "name": "Tianchang",
    "country": "CN",
    "lat": 37.99806,
    "lng": 114.01556
  },
  {
    "name": "Tianning",
    "country": "CN",
    "lat": 37.54722,
    "lng": 112.16053
  },
  {
    "name": "Tiantan",
    "country": "CN",
    "lat": 35.96611,
    "lng": 111.84167
  },
  {
    "name": "Tielou",
    "country": "CN",
    "lat": 32.90665,
    "lng": 104.46445
  },
  {
    "name": "Tieshan",
    "country": "CN",
    "lat": 29.68947,
    "lng": 105.501
  },
  {
    "name": "Tieling",
    "country": "CN",
    "lat": 42.29306,
    "lng": 123.84139
  },
  {
    "name": "Tieli",
    "country": "CN",
    "lat": 46.97544,
    "lng": 128.04804
  },
  {
    "name": "Tianyi",
    "country": "CN",
    "lat": 41.56667,
    "lng": 119.33333
  },
  {
    "name": "Tianshan",
    "country": "CN",
    "lat": 43.88737,
    "lng": 120.09336
  },
  {
    "name": "Tiegang",
    "country": "CN",
    "lat": 22.60391,
    "lng": 113.88241
  },
  {
    "name": "Tianchi",
    "country": "CN",
    "lat": 33.22442,
    "lng": 104.75163
  },
  {
    "name": "Tianjiao",
    "country": "CN",
    "lat": 39.82553,
    "lng": 109.99953
  },
  {
    "name": "Tianxing",
    "country": "CN",
    "lat": 31.47085,
    "lng": 109.5399
  },
  {
    "name": "Tianba",
    "country": "CN",
    "lat": 31.40108,
    "lng": 108.86312
  },
  {
    "name": "Tianhe",
    "country": "CN",
    "lat": 31.28761,
    "lng": 108.19341
  },
  {
    "name": "Tiefeng",
    "country": "CN",
    "lat": 30.96768,
    "lng": 108.39532
  },
  {
    "name": "Tiancheng",
    "country": "CN",
    "lat": 30.86761,
    "lng": 108.36969
  },
  {
    "name": "Tiemen",
    "country": "CN",
    "lat": 30.50249,
    "lng": 107.71074
  },
  {
    "name": "Tianguan",
    "country": "CN",
    "lat": 28.83882,
    "lng": 108.46026
  },
  {
    "name": "Tiekuang",
    "country": "CN",
    "lat": 29.23969,
    "lng": 107.43815
  },
  {
    "name": "Tianfu",
    "country": "CN",
    "lat": 29.87405,
    "lng": 106.49816
  },
  {
    "name": "Tiefeng",
    "country": "CN",
    "lat": 47.33717,
    "lng": 124.00493
  },
  {
    "name": "Tieganlike",
    "country": "CN",
    "lat": 39.02909,
    "lng": 88.1903
  },
  {
    "name": "Tianmen",
    "country": "CN",
    "lat": 30.65888,
    "lng": 113.15369
  },
  {
    "name": "Tieshangang",
    "country": "CN",
    "lat": 21.53305,
    "lng": 109.4168
  },
  {
    "name": "Tianxingsi",
    "country": "CN",
    "lat": 29.35151,
    "lng": 106.76093
  },
  {
    "name": "Tiedong",
    "country": "CN",
    "lat": 43.16228,
    "lng": 124.40967
  },
  {
    "name": "Tiexi",
    "country": "CN",
    "lat": 43.14569,
    "lng": 124.3448
  },
  {
    "name": "Tianjia",
    "country": "CN",
    "lat": 30.08963,
    "lng": 105.85665
  },
  {
    "name": "Tianyuan",
    "country": "CN",
    "lat": 31.58832,
    "lng": 109.20576
  },
  {
    "name": "Titiribí",
    "country": "CO",
    "lat": 6.06276,
    "lng": -75.7937
  },
  {
    "name": "Tipacoque",
    "country": "CO",
    "lat": 6.42031,
    "lng": -72.69184
  },
  {
    "name": "Tinjacá",
    "country": "CO",
    "lat": 5.57916,
    "lng": -73.64486
  },
  {
    "name": "Timbiquí",
    "country": "CO",
    "lat": 2.7717,
    "lng": -77.66536
  },
  {
    "name": "Timbío",
    "country": "CO",
    "lat": 2.35017,
    "lng": -76.68341
  },
  {
    "name": "Timaná",
    "country": "CO",
    "lat": 1.97136,
    "lng": -75.93123
  },
  {
    "name": "Tierralta",
    "country": "CO",
    "lat": 8.17361,
    "lng": -76.05917
  },
  {
    "name": "Tibú",
    "country": "CO",
    "lat": 8.63895,
    "lng": -72.73583
  },
  {
    "name": "Tibirita",
    "country": "CO",
    "lat": 5.05227,
    "lng": -73.50459
  },
  {
    "name": "Tibasosa",
    "country": "CO",
    "lat": 5.75,
    "lng": -73.0
  },
  {
    "name": "Tibaná",
    "country": "CO",
    "lat": 5.31728,
    "lng": -73.39655
  },
  {
    "name": "Tibacuy",
    "country": "CO",
    "lat": 4.35,
    "lng": -74.45179
  },
  {
    "name": "Tiquisio",
    "country": "CO",
    "lat": 8.55666,
    "lng": -74.26355
  },
  {
    "name": "Tibacuy",
    "country": "CO",
    "lat": 4.35111,
    "lng": -72.45639
  },
  {
    "name": "Tilarán",
    "country": "CR",
    "lat": 10.46701,
    "lng": -84.96775
  },
  {
    "name": "Tišnov",
    "country": "CZ",
    "lat": 49.34872,
    "lng": 16.42438
  },
  {
    "name": "Tišice",
    "country": "CZ",
    "lat": 50.2698,
    "lng": 14.55411
  },
  {
    "name": "Tichá",
    "country": "CZ",
    "lat": 49.56999,
    "lng": 18.22148
  },
  {
    "name": "Titz",
    "country": "DE",
    "lat": 51.00619,
    "lng": 6.42477
  },
  {
    "name": "Tittmoning",
    "country": "DE",
    "lat": 48.06164,
    "lng": 12.7676
  },
  {
    "name": "Tittling",
    "country": "DE",
    "lat": 48.72619,
    "lng": 13.38221
  },
  {
    "name": "Titisee-Neustadt",
    "country": "DE",
    "lat": 47.92104,
    "lng": 8.19063
  },
  {
    "name": "Tirschenreuth",
    "country": "DE",
    "lat": 49.88263,
    "lng": 12.33112
  },
  {
    "name": "Tirpersdorf",
    "country": "DE",
    "lat": 50.43333,
    "lng": 12.25
  },
  {
    "name": "Tinnum",
    "country": "DE",
    "lat": 54.89932,
    "lng": 8.33476
  },
  {
    "name": "Timmerlah",
    "country": "DE",
    "lat": 52.23936,
    "lng": 10.45027
  },
  {
    "name": "Timmenrode",
    "country": "DE",
    "lat": 51.77113,
    "lng": 11.00624
  },
  {
    "name": "Timmendorfer Strand",
    "country": "DE",
    "lat": 53.9953,
    "lng": 10.77676
  },
  {
    "name": "Timmaspe",
    "country": "DE",
    "lat": 54.13967,
    "lng": 9.8943
  },
  {
    "name": "Tiergarten",
    "country": "DE",
    "lat": 52.51667,
    "lng": 13.36667
  },
  {
    "name": "Tiefenort",
    "country": "DE",
    "lat": 50.83946,
    "lng": 10.16604
  },
  {
    "name": "Tiefenbronn",
    "country": "DE",
    "lat": 48.82398,
    "lng": 8.80129
  },
  {
    "name": "Tiefenbach",
    "country": "DE",
    "lat": 49.18525,
    "lng": 12.32337
  },
  {
    "name": "Tiefenbach",
    "country": "DE",
    "lat": 48.5,
    "lng": 12.1
  },
  {
    "name": "Tiddische",
    "country": "DE",
    "lat": 52.51667,
    "lng": 10.8
  },
  {
    "name": "Tisvilde",
    "country": "DK",
    "lat": 56.05743,
    "lng": 12.09752
  },
  {
    "name": "Tistrup",
    "country": "DK",
    "lat": 55.72363,
    "lng": 8.61028
  },
  {
    "name": "Tinglev",
    "country": "DK",
    "lat": 54.93788,
    "lng": 9.25547
  },
  {
    "name": "Tilst",
    "country": "DK",
    "lat": 56.19376,
    "lng": 10.11283
  },
  {
    "name": "Tireo Arriba",
    "country": "DO",
    "lat": 18.93537,
    "lng": -70.6885
  },
  {
    "name": "Tizi Rached",
    "country": "DZ",
    "lat": 36.67176,
    "lng": 4.19176
  },
  {
    "name": "Tizi Ouzou",
    "country": "DZ",
    "lat": 36.71182,
    "lng": 4.04591
  },
  {
    "name": "Tizi-n-Tleta",
    "country": "DZ",
    "lat": 36.54569,
    "lng": 4.05712
  },
  {
    "name": "Tizi Gheniff",
    "country": "DZ",
    "lat": 36.58839,
    "lng": 3.77445
  },
  {
    "name": "Tit",
    "country": "DZ",
    "lat": 26.93602,
    "lng": 1.49214
  },
  {
    "name": "Tissemsilt",
    "country": "DZ",
    "lat": 35.60722,
    "lng": 1.81081
  },
  {
    "name": "Tirmitine",
    "country": "DZ",
    "lat": 36.65393,
    "lng": 3.98143
  },
  {
    "name": "Tipasa",
    "country": "DZ",
    "lat": 36.58972,
    "lng": 2.44889
  },
  {
    "name": "Tilouline",
    "country": "DZ",
    "lat": 27.0391,
    "lng": -0.09396
  },
  {
    "name": "Tindouf",
    "country": "DZ",
    "lat": 27.67111,
    "lng": -8.14743
  },
  {
    "name": "Timokten",
    "country": "DZ",
    "lat": 27.01685,
    "lng": 1.00654
  },
  {
    "name": "Timizart",
    "country": "DZ",
    "lat": 36.8,
    "lng": 4.26667
  },
  {
    "name": "Timimoun",
    "country": "DZ",
    "lat": 29.26417,
    "lng": 0.23583
  },
  {
    "name": "Tighenif",
    "country": "DZ",
    "lat": 35.41722,
    "lng": 0.32982
  },
  {
    "name": "Tidmaine",
    "country": "DZ",
    "lat": 27.08272,
    "lng": -0.10861
  },
  {
    "name": "Tiaret",
    "country": "DZ",
    "lat": 35.37103,
    "lng": 1.31699
  },
  {
    "name": "Timiaouine",
    "country": "DZ",
    "lat": 20.4408,
    "lng": 1.80551
  },
  {
    "name": "Tinerkouk",
    "country": "DZ",
    "lat": 29.71583,
    "lng": 0.71131
  },
  {
    "name": "Tixán",
    "country": "EC",
    "lat": -2.15196,
    "lng": -78.80322
  },
  {
    "name": "Tisaleo",
    "country": "EC",
    "lat": -1.34891,
    "lng": -78.66931
  },
  {
    "name": "Tiputini",
    "country": "EC",
    "lat": -0.78774,
    "lng": -75.5293
  },
  {
    "name": "Timbiré",
    "country": "EC",
    "lat": 0.95905,
    "lng": -78.86516
  },
  {
    "name": "Timayy al Imdīd",
    "country": "EG",
    "lat": 30.94384,
    "lng": 31.52926
  },
  {
    "name": "Tifariti",
    "country": "EH",
    "lat": 26.1579,
    "lng": -10.55889
  },
  {
    "name": "Tichla",
    "country": "EH",
    "lat": 21.5837,
    "lng": -14.97222
  },
  {
    "name": "Titaguas",
    "country": "ES",
    "lat": 39.86667,
    "lng": -1.08333
  },
  {
    "name": "Tinajo",
    "country": "ES",
    "lat": 29.06326,
    "lng": -13.67647
  },
  {
    "name": "Tijarafe",
    "country": "ES",
    "lat": 28.7,
    "lng": -17.95
  },
  {
    "name": "Tibi",
    "country": "ES",
    "lat": 38.53072,
    "lng": -0.57776
  },
  {
    "name": "Tivissa",
    "country": "ES",
    "lat": 41.03333,
    "lng": 0.73333
  },
  {
    "name": "Tivenys",
    "country": "ES",
    "lat": 40.90787,
    "lng": 0.51236
  },
  {
    "name": "Tiurana",
    "country": "ES",
    "lat": 41.97527,
    "lng": 1.25608
  },
  {
    "name": "Titulcia",
    "country": "ES",
    "lat": 40.13537,
    "lng": -3.56763
  },
  {
    "name": "Tirgo",
    "country": "ES",
    "lat": 42.54587,
    "lng": -2.9494
  },
  {
    "name": "Tirapu",
    "country": "ES",
    "lat": 42.6574,
    "lng": -1.70263
  },
  {
    "name": "Tiñosillos",
    "country": "ES",
    "lat": 40.934,
    "lng": -4.72767
  },
  {
    "name": "Tineo",
    "country": "ES",
    "lat": 43.33765,
    "lng": -6.41452
  },
  {
    "name": "Tinajas",
    "country": "ES",
    "lat": 40.32547,
    "lng": -2.58228
  },
  {
    "name": "Tierzo",
    "country": "ES",
    "lat": 40.74925,
    "lng": -1.93069
  },
  {
    "name": "Tierz",
    "country": "ES",
    "lat": 42.13356,
    "lng": -0.35489
  },
  {
    "name": "Tielmes",
    "country": "ES",
    "lat": 40.24652,
    "lng": -3.31461
  },
  {
    "name": "Tiedra",
    "country": "ES",
    "lat": 41.65239,
    "lng": -5.26688
  },
  {
    "name": "Tiana",
    "country": "ES",
    "lat": 41.48201,
    "lng": 2.26702
  },
  {
    "name": "Tiétar",
    "country": "ES",
    "lat": 40.02945,
    "lng": -5.48192
  },
  {
    "name": "Timón",
    "country": "ES",
    "lat": 40.4844,
    "lng": -3.59732
  },
  {
    "name": "Tikil Dingay",
    "country": "ET",
    "lat": 12.98417,
    "lng": 37.04417
  },
  {
    "name": "Tirilä",
    "country": "FI",
    "lat": 61.05766,
    "lng": 28.2443
  },
  {
    "name": "Tikkurila",
    "country": "FI",
    "lat": 60.29349,
    "lng": 25.03758
  },
  {
    "name": "Tinténiac",
    "country": "FR",
    "lat": 48.32908,
    "lng": -1.83545
  },
  {
    "name": "Tinqueux",
    "country": "FR",
    "lat": 49.25,
    "lng": 3.98333
  },
  {
    "name": "Tinchebray",
    "country": "FR",
    "lat": 48.76437,
    "lng": -0.73333
  },
  {
    "name": "Tilques",
    "country": "FR",
    "lat": 50.77712,
    "lng": 2.19948
  },
  {
    "name": "Tilly-sur-Seulles",
    "country": "FR",
    "lat": 49.17598,
    "lng": -0.62605
  },
  {
    "name": "Tilloy-lès-Mofflaines",
    "country": "FR",
    "lat": 50.27519,
    "lng": 2.81456
  },
  {
    "name": "Tillières-sur-Avre",
    "country": "FR",
    "lat": 48.75585,
    "lng": 1.05388
  },
  {
    "name": "Tillières",
    "country": "FR",
    "lat": 47.14397,
    "lng": -1.16334
  },
  {
    "name": "Tillé",
    "country": "FR",
    "lat": 49.46415,
    "lng": 2.11038
  },
  {
    "name": "Tigy",
    "country": "FR",
    "lat": 47.79365,
    "lng": 2.19767
  },
  {
    "name": "Tignieu",
    "country": "FR",
    "lat": 45.75164,
    "lng": 5.18911
  },
  {
    "name": "Tignes",
    "country": "FR",
    "lat": 45.49604,
    "lng": 6.92463
  },
  {
    "name": "Tigery",
    "country": "FR",
    "lat": 48.64257,
    "lng": 2.50779
  },
  {
    "name": "Tiffauges",
    "country": "FR",
    "lat": 47.01288,
    "lng": -1.11173
  },
  {
    "name": "Tiercé",
    "country": "FR",
    "lat": 47.6157,
    "lng": -0.46787
  },
  {
    "name": "Tiverton",
    "country": "GB",
    "lat": 53.13333,
    "lng": -2.66667
  },
  {
    "name": "Tiverton",
    "country": "GB",
    "lat": 50.90241,
    "lng": -3.49232
  },
  {
    "name": "Titchfield",
    "country": "GB",
    "lat": 50.85115,
    "lng": -1.23716
  },
  {
    "name": "Tisbury",
    "country": "GB",
    "lat": 51.06283,
    "lng": -2.08058
  },
  {
    "name": "Tiptree",
    "country": "GB",
    "lat": 51.8123,
    "lng": 0.7454
  },
  {
    "name": "Tipton",
    "country": "GB",
    "lat": 52.52956,
    "lng": -2.06773
  },
  {
    "name": "Tinwell",
    "country": "GB",
    "lat": 52.64629,
    "lng": -0.51498
  },
  {
    "name": "Tingewick",
    "country": "GB",
    "lat": 51.99031,
    "lng": -1.04804
  },
  {
    "name": "Timsbury",
    "country": "GB",
    "lat": 51.32444,
    "lng": -2.47917
  },
  {
    "name": "Timperley",
    "country": "GB",
    "lat": 53.4,
    "lng": -2.33333
  },
  {
    "name": "Tillicoultry",
    "country": "GB",
    "lat": 56.15251,
    "lng": -3.74015
  },
  {
    "name": "Tilehurst",
    "country": "GB",
    "lat": 51.45647,
    "lng": -1.0437
  },
  {
    "name": "Tilbury",
    "country": "GB",
    "lat": 51.46248,
    "lng": 0.35856
  },
  {
    "name": "Tideswell",
    "country": "GB",
    "lat": 53.27807,
    "lng": -1.77292
  },
  {
    "name": "Tickton",
    "country": "GB",
    "lat": 53.86233,
    "lng": -0.3833
  },
  {
    "name": "Tickhill",
    "country": "GB",
    "lat": 53.43194,
    "lng": -1.10859
  },
  {
    "name": "Tickencote",
    "country": "GB",
    "lat": 52.67503,
    "lng": -0.53696
  },
  {
    "name": "Ticehurst",
    "country": "GB",
    "lat": 51.04652,
    "lng": 0.4086
  },
  {
    "name": "Tibshelf",
    "country": "GB",
    "lat": 53.14436,
    "lng": -1.34056
  },
  {
    "name": "Tidworth",
    "country": "GB",
    "lat": 51.23142,
    "lng": -1.66324
  },
  {
    "name": "Tintern",
    "country": "GB",
    "lat": 51.69677,
    "lng": -2.68142
  },
  {
    "name": "Tintagel",
    "country": "GB",
    "lat": 50.66317,
    "lng": -4.75047
  },
  {
    "name": "Tidbury Green",
    "country": "GB",
    "lat": 52.38092,
    "lng": -1.85617
  },
  {
    "name": "Tianeti",
    "country": "GE",
    "lat": 42.10987,
    "lng": 44.96784
  },
  {
    "name": "Tiquisate",
    "country": "GT",
    "lat": 14.28356,
    "lng": -91.36063
  },
  {
    "name": "Tite",
    "country": "GW",
    "lat": 11.78333,
    "lng": -15.4
  },
  {
    "name": "Tiu Keng Leng",
    "country": "HK",
    "lat": 22.29853,
    "lng": 114.25115
  },
  {
    "name": "Tin Wan",
    "country": "HK",
    "lat": 22.25113,
    "lng": 114.14726
  },
  {
    "name": "Tin Shui Wai",
    "country": "HK",
    "lat": 22.45679,
    "lng": 114.00234
  },
  {
    "name": "Ting Kok",
    "country": "HK",
    "lat": 22.47285,
    "lng": 114.21995
  },
  {
    "name": "Ting Kau",
    "country": "HK",
    "lat": 22.36956,
    "lng": 114.07907
  },
  {
    "name": "Tin Hau",
    "country": "HK",
    "lat": 22.28093,
    "lng": 114.1924
  },
  {
    "name": "Tin Wan Estate",
    "country": "HK",
    "lat": 22.25073,
    "lng": 114.1487
  },
  {
    "name": "Tin Ma Court",
    "country": "HK",
    "lat": 22.34321,
    "lng": 114.18691
  },
  {
    "name": "Tinjan",
    "country": "HR",
    "lat": 45.21806,
    "lng": 13.83944
  },
  {
    "name": "Tisno",
    "country": "HR",
    "lat": 43.80417,
    "lng": 15.64333
  },
  {
    "name": "Tiburon",
    "country": "HT",
    "lat": 18.32589,
    "lng": -74.39598
  },
  {
    "name": "Tigwav",
    "country": "HT",
    "lat": 18.43117,
    "lng": -72.86521
  },
  {
    "name": "Ti Port-de-Paix",
    "country": "HT",
    "lat": 19.93333,
    "lng": -72.83333
  },
  {
    "name": "Tiszavasvári",
    "country": "HU",
    "lat": 47.96667,
    "lng": 21.35
  },
  {
    "name": "Tiszaújváros",
    "country": "HU",
    "lat": 47.93333,
    "lng": 21.08333
  },
  {
    "name": "Tiszaszentimre",
    "country": "HU",
    "lat": 47.48333,
    "lng": 20.73333
  },
  {
    "name": "Tiszasüly",
    "country": "HU",
    "lat": 47.38333,
    "lng": 20.4
  },
  {
    "name": "Tiszaroff",
    "country": "HU",
    "lat": 47.4,
    "lng": 20.45
  },
  {
    "name": "Tiszapüspöki",
    "country": "HU",
    "lat": 47.21667,
    "lng": 20.31667
  },
  {
    "name": "Tiszanána",
    "country": "HU",
    "lat": 47.56667,
    "lng": 20.53333
  },
  {
    "name": "Tiszanagyfalu",
    "country": "HU",
    "lat": 48.09208,
    "lng": 21.4728
  },
  {
    "name": "Tiszalúc",
    "country": "HU",
    "lat": 48.03774,
    "lng": 21.07261
  },
  {
    "name": "Tiszalök",
    "country": "HU",
    "lat": 48.01667,
    "lng": 21.38333
  },
  {
    "name": "Tiszakeszi",
    "country": "HU",
    "lat": 47.78333,
    "lng": 21.0
  },
  {
    "name": "Tiszakécske",
    "country": "HU",
    "lat": 46.93261,
    "lng": 20.10349
  },
  {
    "name": "Tiszakarád",
    "country": "HU",
    "lat": 48.2,
    "lng": 21.71667
  },
  {
    "name": "Tiszafüred",
    "country": "HU",
    "lat": 47.61667,
    "lng": 20.76667
  },
  {
    "name": "Tiszaföldvár",
    "country": "HU",
    "lat": 46.98333,
    "lng": 20.25
  },
  {
    "name": "Tiszaeszlár",
    "country": "HU",
    "lat": 48.05,
    "lng": 21.46667
  },
  {
    "name": "Tiszadob",
    "country": "HU",
    "lat": 48.01667,
    "lng": 21.16667
  },
  {
    "name": "Tiszadada",
    "country": "HU",
    "lat": 48.03333,
    "lng": 21.25
  },
  {
    "name": "Tiszacsege",
    "country": "HU",
    "lat": 47.7,
    "lng": 21.0
  },
  {
    "name": "Tiszabura",
    "country": "HU",
    "lat": 47.45,
    "lng": 20.46667
  },
  {
    "name": "Tiszabő",
    "country": "HU",
    "lat": 47.3,
    "lng": 20.48333
  },
  {
    "name": "Tiszabezdéd",
    "country": "HU",
    "lat": 48.36667,
    "lng": 22.15
  },
  {
    "name": "Tiszabercel",
    "country": "HU",
    "lat": 48.15,
    "lng": 21.65
  },
  {
    "name": "Tihany",
    "country": "HU",
    "lat": 46.91369,
    "lng": 17.88918
  },
  {
    "name": "Tiszaalpár",
    "country": "HU",
    "lat": 46.81279,
    "lng": 19.99841
  },
  {
    "name": "Tiszaszőlős",
    "country": "HU",
    "lat": 47.55707,
    "lng": 20.71949
  },
  {
    "name": "Tisztviselőtelep",
    "country": "HU",
    "lat": 47.48077,
    "lng": 19.0966
  },
  {
    "name": "Tiku",
    "country": "ID",
    "lat": -0.3958,
    "lng": 99.92307
  },
  {
    "name": "Tiris",
    "country": "ID",
    "lat": -7.96332,
    "lng": 113.40198
  },
  {
    "name": "Tiom",
    "country": "ID",
    "lat": -3.92361,
    "lng": 138.45472
  },
  {
    "name": "Tinabogan",
    "country": "ID",
    "lat": 0.7823,
    "lng": 120.5264
  },
  {
    "name": "Timika",
    "country": "ID",
    "lat": -4.61407,
    "lng": 136.67679
  },
  {
    "name": "Tilamuta",
    "country": "ID",
    "lat": 0.5273,
    "lng": 122.3463
  },
  {
    "name": "Tigi",
    "country": "ID",
    "lat": -3.96667,
    "lng": 136.26667
  },
  {
    "name": "Tideng Pale",
    "country": "ID",
    "lat": 3.60815,
    "lng": 116.90668
  },
  {
    "name": "Tirtopuro",
    "country": "ID",
    "lat": -8.1805,
    "lng": 114.357
  },
  {
    "name": "Tigarunggu",
    "country": "ID",
    "lat": 2.8965,
    "lng": 98.7226
  },
  {
    "name": "Tiro",
    "country": "ID",
    "lat": 5.19196,
    "lng": 95.93666
  },
  {
    "name": "Tigaraksa",
    "country": "ID",
    "lat": -6.22806,
    "lng": 106.51389
  },
  {
    "name": "Tiakur",
    "country": "ID",
    "lat": -8.15,
    "lng": 127.795
  },
  {
    "name": "Tipperary",
    "country": "IE",
    "lat": 52.47333,
    "lng": -8.15583
  },
  {
    "name": "Tirat Yehuda",
    "country": "IL",
    "lat": 32.01392,
    "lng": 34.9342
  },
  {
    "name": "Tirat Karmel",
    "country": "IL",
    "lat": 32.76021,
    "lng": 34.97183
  },
  {
    "name": "Timrat",
    "country": "IL",
    "lat": 32.70302,
    "lng": 35.22359
  },
  {
    "name": "Tifraẖ",
    "country": "IL",
    "lat": 31.32657,
    "lng": 34.67689
  },
  {
    "name": "Tiberias",
    "country": "IL",
    "lat": 32.79221,
    "lng": 35.53124
  },
  {
    "name": "Tirabin al-Sana",
    "country": "IL",
    "lat": 31.34479,
    "lng": 34.73867
  },
  {
    "name": "Tittagudi",
    "country": "IN",
    "lat": 11.40717,
    "lng": 79.12216
  },
  {
    "name": "Tittachcheri",
    "country": "IN",
    "lat": 10.86738,
    "lng": 79.78932
  },
  {
    "name": "Titron",
    "country": "IN",
    "lat": 29.66824,
    "lng": 77.32391
  },
  {
    "name": "Titlāgarh",
    "country": "IN",
    "lat": 20.28961,
    "lng": 83.15233
  },
  {
    "name": "Titāgarh",
    "country": "IN",
    "lat": 22.74252,
    "lng": 88.37326
  },
  {
    "name": "Titābar",
    "country": "IN",
    "lat": 26.6014,
    "lng": 94.20386
  },
  {
    "name": "Tisaiyanvilai",
    "country": "IN",
    "lat": 8.33702,
    "lng": 77.86776
  },
  {
    "name": "Tiruvottiyūr",
    "country": "IN",
    "lat": 13.15823,
    "lng": 80.30181
  },
  {
    "name": "Tiruvennanallūr",
    "country": "IN",
    "lat": 11.85892,
    "lng": 79.36645
  },
  {
    "name": "Tiruvengadam",
    "country": "IN",
    "lat": 9.25859,
    "lng": 77.6748
  },
  {
    "name": "Tiruvannamalai",
    "country": "IN",
    "lat": 12.22662,
    "lng": 79.07461
  },
  {
    "name": "Tiruvankod",
    "country": "IN",
    "lat": 8.24521,
    "lng": 77.301
  },
  {
    "name": "Tiruvallur",
    "country": "IN",
    "lat": 13.14376,
    "lng": 79.90889
  },
  {
    "name": "Tiruvalam",
    "country": "IN",
    "lat": 12.98247,
    "lng": 79.26612
  },
  {
    "name": "Tiruvalla",
    "country": "IN",
    "lat": 9.3816,
    "lng": 76.57489
  },
  {
    "name": "Tiruttangal",
    "country": "IN",
    "lat": 9.48333,
    "lng": 77.83333
  },
  {
    "name": "Tirūrangādi",
    "country": "IN",
    "lat": 11.04316,
    "lng": 75.92337
  },
  {
    "name": "Tirur",
    "country": "IN",
    "lat": 10.91368,
    "lng": 75.92118
  },
  {
    "name": "Tiruppuvanam",
    "country": "IN",
    "lat": 9.82564,
    "lng": 78.25795
  },
  {
    "name": "Tiruppur",
    "country": "IN",
    "lat": 11.11541,
    "lng": 77.35456
  },
  {
    "name": "Tirupporūr",
    "country": "IN",
    "lat": 12.7259,
    "lng": 80.18954
  },
  {
    "name": "Tirupattur",
    "country": "IN",
    "lat": 12.49239,
    "lng": 78.56804
  },
  {
    "name": "Tirupparangunram",
    "country": "IN",
    "lat": 9.88151,
    "lng": 78.07306
  },
  {
    "name": "Tirupananthal",
    "country": "IN",
    "lat": 11.09233,
    "lng": 79.45252
  },
  {
    "name": "Tiruppālaikudi",
    "country": "IN",
    "lat": 9.54606,
    "lng": 78.91721
  },
  {
    "name": "Tirupati",
    "country": "IN",
    "lat": 13.63551,
    "lng": 79.41989
  },
  {
    "name": "Tirunelveli",
    "country": "IN",
    "lat": 8.72742,
    "lng": 77.6838
  },
  {
    "name": "Tirumullaivāsal",
    "country": "IN",
    "lat": 11.23996,
    "lng": 79.83705
  },
  {
    "name": "Tirumangalam",
    "country": "IN",
    "lat": 9.82307,
    "lng": 77.98381
  },
  {
    "name": "Tirumala",
    "country": "IN",
    "lat": 13.68333,
    "lng": 79.35
  },
  {
    "name": "Tirumakūdal Narsipur",
    "country": "IN",
    "lat": 12.21207,
    "lng": 76.9018
  },
  {
    "name": "Tirukurangudi",
    "country": "IN",
    "lat": 8.43646,
    "lng": 77.56569
  },
  {
    "name": "Tirukkoyilur",
    "country": "IN",
    "lat": 11.9662,
    "lng": 79.20259
  },
  {
    "name": "Tirukkalikkunram",
    "country": "IN",
    "lat": 12.60799,
    "lng": 80.0555
  },
  {
    "name": "Tiruchengode",
    "country": "IN",
    "lat": 11.38016,
    "lng": 77.89444
  },
  {
    "name": "Tiruchirappalli",
    "country": "IN",
    "lat": 10.8155,
    "lng": 78.69651
  },
  {
    "name": "Tiruchchendur",
    "country": "IN",
    "lat": 8.49725,
    "lng": 78.11906
  },
  {
    "name": "Tirodi",
    "country": "IN",
    "lat": 21.68522,
    "lng": 79.71906
  },
  {
    "name": "Tirāwari",
    "country": "IN",
    "lat": 29.80147,
    "lng": 76.92825
  },
  {
    "name": "Tiptūr",
    "country": "IN",
    "lat": 13.2563,
    "lng": 76.47768
  },
  {
    "name": "Tinsukia",
    "country": "IN",
    "lat": 27.48905,
    "lng": 95.35992
  },
  {
    "name": "Tinpahār",
    "country": "IN",
    "lat": 24.98333,
    "lng": 87.73333
  },
  {
    "name": "Tinnanūr",
    "country": "IN",
    "lat": 13.11448,
    "lng": 80.02713
  },
  {
    "name": "Tindwāri",
    "country": "IN",
    "lat": 25.61739,
    "lng": 80.52718
  },
  {
    "name": "Tindivanam",
    "country": "IN",
    "lat": 12.234,
    "lng": 79.65551
  },
  {
    "name": "Timurni",
    "country": "IN",
    "lat": 22.37115,
    "lng": 77.2274
  },
  {
    "name": "Tilhar",
    "country": "IN",
    "lat": 27.96282,
    "lng": 79.73827
  },
  {
    "name": "Tikkotti",
    "country": "IN",
    "lat": 11.48333,
    "lng": 75.61667
  },
  {
    "name": "Tikaitnagar",
    "country": "IN",
    "lat": 26.94612,
    "lng": 81.56583
  },
  {
    "name": "Tijāra",
    "country": "IN",
    "lat": 27.93411,
    "lng": 76.85541
  },
  {
    "name": "Tirurāgeswaram",
    "country": "IN",
    "lat": 13.00917,
    "lng": 80.1475
  },
  {
    "name": "Tirumeshi",
    "country": "IN",
    "lat": 13.05339,
    "lng": 80.05998
  },
  {
    "name": "Tikarapāra",
    "country": "IN",
    "lat": 19.62392,
    "lng": 83.49543
  },
  {
    "name": "Tikkanbankad",
    "country": "IN",
    "lat": 8.2216,
    "lng": 77.27335
  },
  {
    "name": "Tighri",
    "country": "IN",
    "lat": 28.51225,
    "lng": 77.24083
  },
  {
    "name": "Tilpat",
    "country": "IN",
    "lat": 28.46513,
    "lng": 77.33285
  },
  {
    "name": "Tisaulī",
    "country": "IN",
    "lat": 27.34364,
    "lng": 79.03014
  },
  {
    "name": "Timmāpur",
    "country": "IN",
    "lat": 19.0484,
    "lng": 78.64143
  },
  {
    "name": "Tikādi",
    "country": "IN",
    "lat": 21.25765,
    "lng": 79.22605
  },
  {
    "name": "Tikri Kalān",
    "country": "IN",
    "lat": 28.68355,
    "lng": 76.97007
  },
  {
    "name": "Tirorā",
    "country": "IN",
    "lat": 21.40409,
    "lng": 79.92617
  },
  {
    "name": "Tibri",
    "country": "IN",
    "lat": 32.00312,
    "lng": 75.45052
  },
  {
    "name": "Tifrā",
    "country": "IN",
    "lat": 22.06312,
    "lng": 82.13129
  },
  {
    "name": "Tirumalpur",
    "country": "IN",
    "lat": 12.95354,
    "lng": 79.67744
  },
  {
    "name": "Tihu",
    "country": "IN",
    "lat": 26.47584,
    "lng": 91.26686
  },
  {
    "name": "Tirumalaiyampālaiyam",
    "country": "IN",
    "lat": 10.87901,
    "lng": 76.92954
  },
  {
    "name": "Tirkadavūr",
    "country": "IN",
    "lat": 8.92398,
    "lng": 76.59101
  },
  {
    "name": "Tirumuruganpūndi",
    "country": "IN",
    "lat": 11.16493,
    "lng": 77.30838
  },
  {
    "name": "Tindal",
    "country": "IN",
    "lat": 11.31691,
    "lng": 77.67422
  },
  {
    "name": "Tirunāgeswaram",
    "country": "IN",
    "lat": 10.96464,
    "lng": 79.4293
  },
  {
    "name": "Tiruppūndurutti",
    "country": "IN",
    "lat": 10.86208,
    "lng": 79.08149
  },
  {
    "name": "Tirumalarājanpatnam",
    "country": "IN",
    "lat": 10.87206,
    "lng": 79.83019
  },
  {
    "name": "Tiruvattār",
    "country": "IN",
    "lat": 8.33069,
    "lng": 77.26732
  },
  {
    "name": "Tingalāchi",
    "country": "IN",
    "lat": 8.20101,
    "lng": 77.30359
  },
  {
    "name": "Tiruverumbūr",
    "country": "IN",
    "lat": 10.79366,
    "lng": 78.76898
  },
  {
    "name": "Tiruppālai",
    "country": "IN",
    "lat": 9.97792,
    "lng": 78.13294
  },
  {
    "name": "Tirumalagiri",
    "country": "IN",
    "lat": 11.65535,
    "lng": 78.07604
  },
  {
    "name": "Tipo",
    "country": "IN",
    "lat": 21.06811,
    "lng": 85.13279
  },
  {
    "name": "Tidāvūr",
    "country": "IN",
    "lat": 11.49399,
    "lng": 78.69745
  },
  {
    "name": "Tilodih",
    "country": "IN",
    "lat": 24.21181,
    "lng": 86.24736
  },
  {
    "name": "Tiruchanur",
    "country": "IN",
    "lat": 13.60727,
    "lng": 79.44864
  },
  {
    "name": "Tirupati NMA",
    "country": "IN",
    "lat": 13.63229,
    "lng": 79.48568
  },
  {
    "name": "Titabor Town",
    "country": "IN",
    "lat": 26.59185,
    "lng": 94.19445
  },
  {
    "name": "Tilda Newra",
    "country": "IN",
    "lat": 21.55324,
    "lng": 81.80187
  },
  {
    "name": "Tilang Pur Kotla",
    "country": "IN",
    "lat": 28.64956,
    "lng": 77.02724
  },
  {
    "name": "Tittangulam",
    "country": "IN",
    "lat": 9.1706,
    "lng": 77.89835
  },
  {
    "name": "Tikrīt",
    "country": "IQ",
    "lat": 34.61581,
    "lng": 43.67861
  },
  {
    "name": "Tiriolo",
    "country": "IT",
    "lat": 38.94069,
    "lng": 16.51046
  },
  {
    "name": "Tiggiano",
    "country": "IT",
    "lat": 39.90284,
    "lng": 18.36501
  },
  {
    "name": "Tizzano Val Parma",
    "country": "IT",
    "lat": 44.51931,
    "lng": 10.19819
  },
  {
    "name": "Tivoli",
    "country": "IT",
    "lat": 41.95952,
    "lng": 12.8016
  },
  {
    "name": "Tito",
    "country": "IT",
    "lat": 40.5837,
    "lng": 15.67621
  },
  {
    "name": "Tissi",
    "country": "IT",
    "lat": 40.67832,
    "lng": 8.56127
  },
  {
    "name": "Tirrenia",
    "country": "IT",
    "lat": 43.62719,
    "lng": 10.29204
  },
  {
    "name": "Tires",
    "country": "IT",
    "lat": 46.46817,
    "lng": 11.52704
  },
  {
    "name": "Tirano",
    "country": "IT",
    "lat": 46.21482,
    "lng": 10.16335
  },
  {
    "name": "Tione di Trento",
    "country": "IT",
    "lat": 46.0355,
    "lng": 10.72679
  },
  {
    "name": "Tione degli Abruzzi",
    "country": "IT",
    "lat": 42.20393,
    "lng": 13.6357
  },
  {
    "name": "Tinnura",
    "country": "IT",
    "lat": 40.26916,
    "lng": 8.54815
  },
  {
    "name": "Tiglieto",
    "country": "IT",
    "lat": 44.52324,
    "lng": 8.61925
  },
  {
    "name": "Ticineto",
    "country": "IT",
    "lat": 45.09627,
    "lng": 8.55315
  },
  {
    "name": "Ticengo",
    "country": "IT",
    "lat": 45.36927,
    "lng": 9.82766
  },
  {
    "name": "Tiana",
    "country": "IT",
    "lat": 40.06746,
    "lng": 9.14817
  },
  {
    "name": "Tirolo",
    "country": "IT",
    "lat": 46.69102,
    "lng": 11.15427
  },
  {
    "name": "Tigliole",
    "country": "IT",
    "lat": 44.88625,
    "lng": 8.07663
  },
  {
    "name": "Tivolille Pasquali-Merenzata",
    "country": "IT",
    "lat": 39.27953,
    "lng": 16.20738
  },
  {
    "name": "Tibnah",
    "country": "JO",
    "lat": 32.47521,
    "lng": 35.73056
  },
  {
    "name": "Tinganga",
    "country": "KE",
    "lat": -1.13033,
    "lng": 36.81358
  },
  {
    "name": "Timau",
    "country": "KE",
    "lat": 0.0835,
    "lng": 37.23925
  },
  {
    "name": "Timboroa",
    "country": "KE",
    "lat": 0.0855,
    "lng": 35.53021
  },
  {
    "name": "Tien",
    "country": "KH",
    "lat": 11.44015,
    "lng": 104.84615
  },
  {
    "name": "Tibbetts Turn",
    "country": "KY",
    "lat": 19.73345,
    "lng": -79.78374
  },
  {
    "name": "Timiryazevo",
    "country": "KZ",
    "lat": 53.74947,
    "lng": 66.48852
  },
  {
    "name": "Ti Rocher",
    "country": "LC",
    "lat": 13.81661,
    "lng": -60.93019
  },
  {
    "name": "Tiztoutine",
    "country": "MA",
    "lat": 34.97159,
    "lng": -3.15273
  },
  {
    "name": "Tiznit",
    "country": "MA",
    "lat": 29.69742,
    "lng": -9.73162
  },
  {
    "name": "Tizi Ouzli",
    "country": "MA",
    "lat": 34.76214,
    "lng": -3.79582
  },
  {
    "name": "Tizguine",
    "country": "MA",
    "lat": 31.22836,
    "lng": -8.31611
  },
  {
    "name": "Tit Mellil",
    "country": "MA",
    "lat": 33.55808,
    "lng": -7.48647
  },
  {
    "name": "Tissa",
    "country": "MA",
    "lat": 34.28791,
    "lng": -4.66372
  },
  {
    "name": "Tirhassaline",
    "country": "MA",
    "lat": 32.7822,
    "lng": -5.65282
  },
  {
    "name": "Tirhanimîne",
    "country": "MA",
    "lat": 35.23619,
    "lng": -3.95453
  },
  {
    "name": "Tiout",
    "country": "MA",
    "lat": 30.3887,
    "lng": -8.69572
  },
  {
    "name": "Tiouli",
    "country": "MA",
    "lat": 34.36679,
    "lng": -1.83705
  },
  {
    "name": "Tinghir",
    "country": "MA",
    "lat": 31.51472,
    "lng": -5.53278
  },
  {
    "name": "Tinajdad",
    "country": "MA",
    "lat": 31.50764,
    "lng": -5.03293
  },
  {
    "name": "Timoulilt",
    "country": "MA",
    "lat": 32.20368,
    "lng": -6.4666
  },
  {
    "name": "Timahdit",
    "country": "MA",
    "lat": 33.23654,
    "lng": -5.05954
  },
  {
    "name": "Timezgana",
    "country": "MA",
    "lat": 34.58,
    "lng": -4.73
  },
  {
    "name": "Timezgadiouine",
    "country": "MA",
    "lat": 30.88366,
    "lng": -9.04548
  },
  {
    "name": "Tilmi",
    "country": "MA",
    "lat": 31.81794,
    "lng": -5.76812
  },
  {
    "name": "Tifni",
    "country": "MA",
    "lat": 31.62777,
    "lng": -6.94093
  },
  {
    "name": "Tiflet",
    "country": "MA",
    "lat": 33.89469,
    "lng": -6.30649
  },
  {
    "name": "Tiddas",
    "country": "MA",
    "lat": 33.56955,
    "lng": -6.26594
  },
  {
    "name": "Tidili Mesfioua",
    "country": "MA",
    "lat": 31.46586,
    "lng": -7.61199
  },
  {
    "name": "Tizgane",
    "country": "MA",
    "lat": 35.41211,
    "lng": -5.06836
  },
  {
    "name": "Tine Biougra",
    "country": "MA",
    "lat": 30.20942,
    "lng": -9.37922
  },
  {
    "name": "Tighza",
    "country": "MA",
    "lat": 33.18739,
    "lng": -5.62436
  },
  {
    "name": "Tiraspolul Nou",
    "country": "MD",
    "lat": 46.83,
    "lng": 29.564
  },
  {
    "name": "Tiraspol",
    "country": "MD",
    "lat": 46.84275,
    "lng": 29.6284
  },
  {
    "name": "Tivat",
    "country": "ME",
    "lat": 42.43623,
    "lng": 18.69361
  },
  {
    "name": "Timbuktu",
    "country": "ML",
    "lat": 16.77348,
    "lng": -3.00742
  },
  {
    "name": "Ti-n-Essako",
    "country": "ML",
    "lat": 18.45059,
    "lng": 2.48795
  },
  {
    "name": "Tidjikja",
    "country": "MR",
    "lat": 18.55644,
    "lng": -11.42715
  },
  {
    "name": "Tizimín",
    "country": "MX",
    "lat": 21.14268,
    "lng": -88.15101
  },
  {
    "name": "Tizayuca",
    "country": "MX",
    "lat": 19.83721,
    "lng": -98.97607
  },
  {
    "name": "Tixtla de Guerrero",
    "country": "MX",
    "lat": 17.56732,
    "lng": -99.39799
  },
  {
    "name": "Tixpéhual",
    "country": "MX",
    "lat": 20.97739,
    "lng": -89.44203
  },
  {
    "name": "Tixmehuac",
    "country": "MX",
    "lat": 20.23609,
    "lng": -89.10827
  },
  {
    "name": "Tixkokob",
    "country": "MX",
    "lat": 21.0027,
    "lng": -89.39517
  },
  {
    "name": "Tixcancal",
    "country": "MX",
    "lat": 21.03588,
    "lng": -87.85047
  },
  {
    "name": "Tixcacaltuyub",
    "country": "MX",
    "lat": 20.49316,
    "lng": -88.91637
  },
  {
    "name": "Tixcacalcupul",
    "country": "MX",
    "lat": 20.53603,
    "lng": -88.27042
  },
  {
    "name": "Tinum",
    "country": "MX",
    "lat": 20.76779,
    "lng": -88.39164
  },
  {
    "name": "Timucuy",
    "country": "MX",
    "lat": 20.81091,
    "lng": -89.51354
  },
  {
    "name": "Tilzapotla",
    "country": "MX",
    "lat": 18.48916,
    "lng": -99.27442
  },
  {
    "name": "Tiltepec",
    "country": "MX",
    "lat": 20.31394,
    "lng": -98.68288
  },
  {
    "name": "Tilapa",
    "country": "MX",
    "lat": 18.59717,
    "lng": -98.55156
  },
  {
    "name": "Tila",
    "country": "MX",
    "lat": 17.30032,
    "lng": -92.42595
  },
  {
    "name": "Tikuch",
    "country": "MX",
    "lat": 20.70301,
    "lng": -88.11272
  },
  {
    "name": "Tihuatlan",
    "country": "MX",
    "lat": 20.71449,
    "lng": -97.53335
  },
  {
    "name": "Tiholop",
    "country": "MX",
    "lat": 20.33234,
    "lng": -88.68958
  },
  {
    "name": "Tierra Nueva",
    "country": "MX",
    "lat": 18.2082,
    "lng": -95.02201
  },
  {
    "name": "Tierra Colorada",
    "country": "MX",
    "lat": 17.16571,
    "lng": -99.52791
  },
  {
    "name": "Tierra Blanca Booxter",
    "country": "MX",
    "lat": 20.99479,
    "lng": -97.71681
  },
  {
    "name": "Tierra Blanca",
    "country": "MX",
    "lat": 21.15943,
    "lng": -97.91993
  },
  {
    "name": "Ticumán",
    "country": "MX",
    "lat": 18.75671,
    "lng": -99.11991
  },
  {
    "name": "Ticul",
    "country": "MX",
    "lat": 20.39833,
    "lng": -89.53541
  },
  {
    "name": "Ticopó",
    "country": "MX",
    "lat": 20.88947,
    "lng": -89.44121
  },
  {
    "name": "Tibolón",
    "country": "MX",
    "lat": 20.66541,
    "lng": -88.93929
  },
  {
    "name": "Tianguistengo",
    "country": "MX",
    "lat": 20.72796,
    "lng": -98.63209
  },
  {
    "name": "Tianguismanalco",
    "country": "MX",
    "lat": 18.97624,
    "lng": -98.44861
  },
  {
    "name": "Tierra Blanca",
    "country": "MX",
    "lat": 18.44771,
    "lng": -96.35912
  },
  {
    "name": "Tinajas",
    "country": "MX",
    "lat": 19.89739,
    "lng": -99.36662
  },
  {
    "name": "Tierra y Libertad",
    "country": "MX",
    "lat": 16.37889,
    "lng": -93.86056
  },
  {
    "name": "Tiltepec",
    "country": "MX",
    "lat": 16.39389,
    "lng": -93.86972
  },
  {
    "name": "Tianguistongo",
    "country": "MX",
    "lat": 20.00612,
    "lng": -99.03845
  },
  {
    "name": "Tierra Colorada",
    "country": "MX",
    "lat": 18.2695,
    "lng": -99.47783
  },
  {
    "name": "Tixhualactún",
    "country": "MX",
    "lat": 20.64403,
    "lng": -88.14308
  },
  {
    "name": "Tihosuco",
    "country": "MX",
    "lat": 20.19642,
    "lng": -88.37361
  },
  {
    "name": "Tierra Colorada",
    "country": "MX",
    "lat": 19.22544,
    "lng": -96.36929
  },
  {
    "name": "Tincontlán",
    "country": "MX",
    "lat": 20.82141,
    "lng": -97.69083
  },
  {
    "name": "Tierra Nueva",
    "country": "MX",
    "lat": 19.93925,
    "lng": -97.01644
  },
  {
    "name": "Tilapan",
    "country": "MX",
    "lat": 18.34917,
    "lng": -95.32806
  },
  {
    "name": "Tixmadeje Chiquito",
    "country": "MX",
    "lat": 19.96556,
    "lng": -99.91444
  },
  {
    "name": "Tizapán el Alto",
    "country": "MX",
    "lat": 20.15942,
    "lng": -103.0447
  },
  {
    "name": "Tixtlancingo",
    "country": "MX",
    "lat": 17.0578,
    "lng": -99.96177
  },
  {
    "name": "Tirípetio",
    "country": "MX",
    "lat": 19.54897,
    "lng": -101.34667
  },
  {
    "name": "Tiríndaro",
    "country": "MX",
    "lat": 19.77121,
    "lng": -101.7435
  },
  {
    "name": "Tiquicheo",
    "country": "MX",
    "lat": 18.90301,
    "lng": -100.73731
  },
  {
    "name": "Tingüindín",
    "country": "MX",
    "lat": 19.73921,
    "lng": -102.4812
  },
  {
    "name": "Tingambato",
    "country": "MX",
    "lat": 19.50109,
    "lng": -101.85327
  },
  {
    "name": "Tijuana",
    "country": "MX",
    "lat": 32.5027,
    "lng": -117.00371
  },
  {
    "name": "Tierra Nueva",
    "country": "MX",
    "lat": 21.66904,
    "lng": -100.57287
  },
  {
    "name": "Tierra Fría",
    "country": "MX",
    "lat": 20.46145,
    "lng": -101.03927
  },
  {
    "name": "Tierra Blanca",
    "country": "MX",
    "lat": 27.18773,
    "lng": -109.34514
  },
  {
    "name": "Tierra Blanca",
    "country": "MX",
    "lat": 22.34904,
    "lng": -102.06498
  },
  {
    "name": "Tierra Blanca",
    "country": "MX",
    "lat": 21.10006,
    "lng": -100.15931
  },
  {
    "name": "Tierra Blanca",
    "country": "MX",
    "lat": 20.7795,
    "lng": -100.37956
  },
  {
    "name": "Tianguistengo (La Romera)",
    "country": "MX",
    "lat": 19.91417,
    "lng": -99.32583
  },
  {
    "name": "Tinajitas",
    "country": "MX",
    "lat": 19.61806,
    "lng": -96.4425
  },
  {
    "name": "Tikinmul",
    "country": "MX",
    "lat": 19.76611,
    "lng": -90.22306
  },
  {
    "name": "Tierras Coloradas",
    "country": "MX",
    "lat": 20.72889,
    "lng": -102.86083
  },
  {
    "name": "Tierra Blanca",
    "country": "MX",
    "lat": 19.50667,
    "lng": -99.58389
  },
  {
    "name": "Tierra Blanca",
    "country": "MX",
    "lat": 23.82722,
    "lng": -103.07667
  },
  {
    "name": "Tierra Blanca",
    "country": "MX",
    "lat": 18.97222,
    "lng": -99.59194
  },
  {
    "name": "Tierra Blanca",
    "country": "MX",
    "lat": 20.875,
    "lng": -97.46
  },
  {
    "name": "Tierras Coloradas (San Pedro)",
    "country": "MX",
    "lat": 19.71889,
    "lng": -100.64639
  },
  {
    "name": "Tierra Negra",
    "country": "MX",
    "lat": 20.24333,
    "lng": -97.95667
  },
  {
    "name": "Tinajas 1ra. Sección",
    "country": "MX",
    "lat": 14.7175,
    "lng": -92.32861
  },
  {
    "name": "Tierra Larga (Campo Nuevo)",
    "country": "MX",
    "lat": 18.86444,
    "lng": -98.94806
  },
  {
    "name": "Tianguismanalco",
    "country": "MX",
    "lat": 19.24124,
    "lng": -98.42288
  },
  {
    "name": "Titi",
    "country": "MY",
    "lat": 2.9983,
    "lng": 102.0765
  },
  {
    "name": "Titi Gajah",
    "country": "MY",
    "lat": 6.20189,
    "lng": 100.39326
  },
  {
    "name": "Tikam Batu",
    "country": "MY",
    "lat": 5.58718,
    "lng": 100.44018
  },
  {
    "name": "Titiwangsa",
    "country": "MY",
    "lat": 3.17822,
    "lng": 101.70312
  },
  {
    "name": "Tindu",
    "country": "NC",
    "lat": -22.23119,
    "lng": 166.42004
  },
  {
    "name": "Tina",
    "country": "NC",
    "lat": -22.23437,
    "lng": 166.49631
  },
  {
    "name": "Tillia",
    "country": "NE",
    "lat": 16.12333,
    "lng": 4.78972
  },
  {
    "name": "Tillabéri",
    "country": "NE",
    "lat": 14.20711,
    "lng": 1.45418
  },
  {
    "name": "Tibiri",
    "country": "NE",
    "lat": 13.56271,
    "lng": 7.04848
  },
  {
    "name": "Tibiri",
    "country": "NE",
    "lat": 13.10575,
    "lng": 3.99774
  },
  {
    "name": "Tisma",
    "country": "NI",
    "lat": 12.08194,
    "lng": -86.01739
  },
  {
    "name": "Tipitapa",
    "country": "NI",
    "lat": 12.19732,
    "lng": -86.09706
  },
  {
    "name": "Ticuantepe",
    "country": "NI",
    "lat": 12.02263,
    "lng": -86.20493
  },
  {
    "name": "Tivoli",
    "country": "NL",
    "lat": 51.42069,
    "lng": 5.50818
  },
  {
    "name": "Tinga",
    "country": "NL",
    "lat": 53.02064,
    "lng": 5.64575
  },
  {
    "name": "Tilburg",
    "country": "NL",
    "lat": 51.55551,
    "lng": 5.0913
  },
  {
    "name": "Tijnje",
    "country": "NL",
    "lat": 53.03058,
    "lng": 5.99193
  },
  {
    "name": "Tienray",
    "country": "NL",
    "lat": 51.495,
    "lng": 6.09306
  },
  {
    "name": "Tiel",
    "country": "NL",
    "lat": 51.88667,
    "lng": 5.42917
  },
  {
    "name": "Tingvatn",
    "country": "NO",
    "lat": 58.3757,
    "lng": 7.2197
  },
  {
    "name": "Time",
    "country": "NO",
    "lat": 58.73333,
    "lng": 5.7
  },
  {
    "name": "Tingvoll",
    "country": "NO",
    "lat": 62.91318,
    "lng": 8.20526
  },
  {
    "name": "Titahi Bay",
    "country": "NZ",
    "lat": -41.1,
    "lng": 174.83333
  },
  {
    "name": "Tinwald",
    "country": "NZ",
    "lat": -43.91667,
    "lng": 171.71667
  },
  {
    "name": "Tiniroto",
    "country": "NZ",
    "lat": -38.76667,
    "lng": 177.56667
  },
  {
    "name": "Timaru",
    "country": "NZ",
    "lat": -44.39672,
    "lng": 171.25364
  },
  {
    "name": "Tikipunga",
    "country": "NZ",
    "lat": -35.68818,
    "lng": 174.32018
  },
  {
    "name": "Titirangi",
    "country": "NZ",
    "lat": -36.93754,
    "lng": 174.65584
  },
  {
    "name": "Tinajas",
    "country": "PA",
    "lat": 8.5592,
    "lng": -82.46217
  },
  {
    "name": "Tijeras",
    "country": "PA",
    "lat": 8.46926,
    "lng": -82.54838
  },
  {
    "name": "Tingo María",
    "country": "PE",
    "lat": -9.29532,
    "lng": -75.99574
  },
  {
    "name": "Tingo",
    "country": "PE",
    "lat": -6.37167,
    "lng": -77.91194
  },
  {
    "name": "Tinco",
    "country": "PE",
    "lat": -9.27071,
    "lng": -77.67783
  },
  {
    "name": "Ticapampa",
    "country": "PE",
    "lat": -9.75661,
    "lng": -77.44534
  },
  {
    "name": "Tibillo",
    "country": "PE",
    "lat": -14.09306,
    "lng": -75.17194
  },
  {
    "name": "Tisco",
    "country": "PE",
    "lat": -15.34723,
    "lng": -71.44659
  },
  {
    "name": "Tirapata",
    "country": "PE",
    "lat": -14.95474,
    "lng": -70.40323
  },
  {
    "name": "Tiquillaca",
    "country": "PE",
    "lat": -15.79738,
    "lng": -70.18687
  },
  {
    "name": "Tipán",
    "country": "PE",
    "lat": -15.72313,
    "lng": -72.50197
  },
  {
    "name": "Tinyahuarco",
    "country": "PE",
    "lat": -10.76771,
    "lng": -76.27523
  },
  {
    "name": "Tintay",
    "country": "PE",
    "lat": -13.95964,
    "lng": -73.18518
  },
  {
    "name": "Tintay",
    "country": "PE",
    "lat": -12.15183,
    "lng": -74.54461
  },
  {
    "name": "Tinta",
    "country": "PE",
    "lat": -14.145,
    "lng": -71.40694
  },
  {
    "name": "Titili",
    "country": "PE",
    "lat": -15.51469,
    "lng": -69.34815
  },
  {
    "name": "Ticrapo",
    "country": "PE",
    "lat": -13.3818,
    "lng": -75.43255
  },
  {
    "name": "Ticllos",
    "country": "PE",
    "lat": -10.25237,
    "lng": -77.19115
  },
  {
    "name": "Ticllas",
    "country": "PE",
    "lat": -13.1325,
    "lng": -74.33278
  },
  {
    "name": "Ticaco",
    "country": "PE",
    "lat": -17.44828,
    "lng": -70.0466
  },
  {
    "name": "Tiabaya",
    "country": "PE",
    "lat": -16.45,
    "lng": -71.59
  },
  {
    "name": "Tinicachi",
    "country": "PE",
    "lat": -16.19862,
    "lng": -68.96202
  },
  {
    "name": "Tiarei",
    "country": "PF",
    "lat": -17.53333,
    "lng": -149.33333
  },
  {
    "name": "Tibigan",
    "country": "PH",
    "lat": 9.9518,
    "lng": 123.9622
  },
  {
    "name": "Tiwi",
    "country": "PH",
    "lat": 13.4585,
    "lng": 123.6805
  },
  {
    "name": "Tiwi",
    "country": "PH",
    "lat": 10.92972,
    "lng": 122.73417
  },
  {
    "name": "Titay",
    "country": "PH",
    "lat": 7.8125,
    "lng": 122.53444
  },
  {
    "name": "Tiring",
    "country": "PH",
    "lat": 10.85,
    "lng": 122.5067
  },
  {
    "name": "Tipo-Tipo",
    "country": "PH",
    "lat": 6.58139,
    "lng": 122.17944
  },
  {
    "name": "Tipolo",
    "country": "PH",
    "lat": 10.0196,
    "lng": 124.5144
  },
  {
    "name": "Tipaz",
    "country": "PH",
    "lat": 13.8285,
    "lng": 121.42506
  },
  {
    "name": "Tiparak",
    "country": "PH",
    "lat": 8.0341,
    "lng": 123.5288
  },
  {
    "name": "Tinutulan",
    "country": "PH",
    "lat": 7.1,
    "lng": 124.65
  },
  {
    "name": "Tinongan",
    "country": "PH",
    "lat": 10.215,
    "lng": 123.03528
  },
  {
    "name": "Tinubuan",
    "country": "PH",
    "lat": 11.186,
    "lng": 124.0078
  },
  {
    "name": "Tinoto",
    "country": "PH",
    "lat": 5.88667,
    "lng": 125.07056
  },
  {
    "name": "Tinogboc",
    "country": "PH",
    "lat": 12.00737,
    "lng": 121.41221
  },
  {
    "name": "Tiniguiban",
    "country": "PH",
    "lat": 11.3574,
    "lng": 119.5049
  },
  {
    "name": "Tingloy",
    "country": "PH",
    "lat": 13.66091,
    "lng": 120.8711
  },
  {
    "name": "Tinglayan",
    "country": "PH",
    "lat": 17.27611,
    "lng": 121.1625
  },
  {
    "name": "Tindog",
    "country": "PH",
    "lat": 11.1247,
    "lng": 124.0118
  },
  {
    "name": "Tinawagan",
    "country": "PH",
    "lat": 13.65,
    "lng": 123.48333
  },
  {
    "name": "Tinaogan",
    "country": "PH",
    "lat": 9.7791,
    "lng": 123.1503
  },
  {
    "name": "Tinang",
    "country": "PH",
    "lat": 15.37626,
    "lng": 120.65343
  },
  {
    "name": "Tinampo",
    "country": "PH",
    "lat": 13.22825,
    "lng": 123.50723
  },
  {
    "name": "Tinambacan",
    "country": "PH",
    "lat": 12.0943,
    "lng": 124.5025
  },
  {
    "name": "Tinambac",
    "country": "PH",
    "lat": 13.8164,
    "lng": 123.3261
  },
  {
    "name": "Tinalmud",
    "country": "PH",
    "lat": 13.5941,
    "lng": 122.878
  },
  {
    "name": "Tinago",
    "country": "PH",
    "lat": 13.18333,
    "lng": 123.65
  },
  {
    "name": "Tinagacan",
    "country": "PH",
    "lat": 6.19917,
    "lng": 125.22944
  },
  {
    "name": "Tinaan",
    "country": "PH",
    "lat": 11.26667,
    "lng": 123.75
  },
  {
    "name": "Timpas",
    "country": "PH",
    "lat": 11.479,
    "lng": 122.7324
  },
  {
    "name": "Timonan",
    "country": "PH",
    "lat": 8.2117,
    "lng": 123.0682
  },
  {
    "name": "Tiling",
    "country": "PH",
    "lat": 9.9736,
    "lng": 122.6544
  },
  {
    "name": "Tilik",
    "country": "PH",
    "lat": 13.81436,
    "lng": 120.20022
  },
  {
    "name": "Tikiw",
    "country": "PH",
    "lat": 15.31193,
    "lng": 120.86116
  },
  {
    "name": "Ticala-an",
    "country": "PH",
    "lat": 8.03528,
    "lng": 124.62083
  },
  {
    "name": "Tigum",
    "country": "PH",
    "lat": 10.78333,
    "lng": 122.56667
  },
  {
    "name": "Tiguisan",
    "country": "PH",
    "lat": 12.83941,
    "lng": 121.46052
  },
  {
    "name": "Tiguion",
    "country": "PH",
    "lat": 13.3347,
    "lng": 121.861
  },
  {
    "name": "Tiguib",
    "country": "PH",
    "lat": 9.8008,
    "lng": 123.1352
  },
  {
    "name": "Tigui",
    "country": "PH",
    "lat": 13.2681,
    "lng": 122.0415
  },
  {
    "name": "Tigtabon",
    "country": "PH",
    "lat": 6.89556,
    "lng": 122.16694
  },
  {
    "name": "Tignoan",
    "country": "PH",
    "lat": 14.56522,
    "lng": 121.61786
  },
  {
    "name": "Tignapalan",
    "country": "PH",
    "lat": 8.26389,
    "lng": 124.57472
  },
  {
    "name": "Tiglauigan",
    "country": "PH",
    "lat": 10.9527,
    "lng": 123.3575
  },
  {
    "name": "Tigbinan",
    "country": "PH",
    "lat": 14.18648,
    "lng": 122.46923
  },
  {
    "name": "Tigbauan",
    "country": "PH",
    "lat": 10.67466,
    "lng": 122.3776
  },
  {
    "name": "Tigbao",
    "country": "PH",
    "lat": 12.5546,
    "lng": 123.3389
  },
  {
    "name": "Tigbaw",
    "country": "PH",
    "lat": 12.1483,
    "lng": 123.5909
  },
  {
    "name": "Tigbao",
    "country": "PH",
    "lat": 7.42833,
    "lng": 122.3275
  },
  {
    "name": "Tigaon",
    "country": "PH",
    "lat": 13.6331,
    "lng": 123.4968
  },
  {
    "name": "Tigao",
    "country": "PH",
    "lat": 9.20889,
    "lng": 126.17611
  },
  {
    "name": "Tiep",
    "country": "PH",
    "lat": 16.2382,
    "lng": 119.8609
  },
  {
    "name": "Tidman",
    "country": "PH",
    "lat": 8.29861,
    "lng": 126.33889
  },
  {
    "name": "Tiblawan",
    "country": "PH",
    "lat": 6.47834,
    "lng": 126.10828
  },
  {
    "name": "Tibiao",
    "country": "PH",
    "lat": 11.29152,
    "lng": 122.03541
  },
  {
    "name": "Tibanbang",
    "country": "PH",
    "lat": 6.63153,
    "lng": 126.10548
  },
  {
    "name": "Tibagon",
    "country": "PH",
    "lat": 7.2327,
    "lng": 125.8628
  },
  {
    "name": "Tiaong",
    "country": "PH",
    "lat": 13.96383,
    "lng": 121.32121
  },
  {
    "name": "Tigpalay",
    "country": "PH",
    "lat": 7.49479,
    "lng": 122.34496
  },
  {
    "name": "Tiguha",
    "country": "PH",
    "lat": 7.70444,
    "lng": 123.21139
  },
  {
    "name": "Timargara",
    "country": "PK",
    "lat": 34.82659,
    "lng": 71.84423
  },
  {
    "name": "Tibbi Jay Singh",
    "country": "PK",
    "lat": 30.87699,
    "lng": 73.21607
  },
  {
    "name": "Tierras Nuevas Poniente",
    "country": "PR",
    "lat": 18.46189,
    "lng": -66.4885
  },
  {
    "name": "Till",
    "country": "PS",
    "lat": 32.20068,
    "lng": 35.21293
  },
  {
    "name": "Tiur",
    "country": "RO",
    "lat": 46.16009,
    "lng": 23.88927
  },
  {
    "name": "Titu",
    "country": "RO",
    "lat": 44.65,
    "lng": 25.53333
  },
  {
    "name": "Titești",
    "country": "RO",
    "lat": 45.41971,
    "lng": 24.39323
  },
  {
    "name": "Titeşti",
    "country": "RO",
    "lat": 45.01667,
    "lng": 25.0
  },
  {
    "name": "Tismana",
    "country": "RO",
    "lat": 45.05,
    "lng": 22.96667
  },
  {
    "name": "Tisa",
    "country": "RO",
    "lat": 47.94844,
    "lng": 23.95768
  },
  {
    "name": "Tiream",
    "country": "RO",
    "lat": 47.61667,
    "lng": 22.46667
  },
  {
    "name": "Tinosu",
    "country": "RO",
    "lat": 44.81667,
    "lng": 26.01667
  },
  {
    "name": "Tinca",
    "country": "RO",
    "lat": 46.77529,
    "lng": 21.933
  },
  {
    "name": "Timişoara",
    "country": "RO",
    "lat": 45.75372,
    "lng": 21.22571
  },
  {
    "name": "Timişeşti",
    "country": "RO",
    "lat": 47.23333,
    "lng": 26.55
  },
  {
    "name": "Tilişca",
    "country": "RO",
    "lat": 45.8,
    "lng": 23.85
  },
  {
    "name": "Tileagd",
    "country": "RO",
    "lat": 47.06667,
    "lng": 22.2
  },
  {
    "name": "Tihău",
    "country": "RO",
    "lat": 47.22724,
    "lng": 23.32964
  },
  {
    "name": "Tiha Bârgăului",
    "country": "RO",
    "lat": 47.23333,
    "lng": 24.76667
  },
  {
    "name": "Tigveni",
    "country": "RO",
    "lat": 45.13333,
    "lng": 24.58333
  },
  {
    "name": "Ticvaniu Mare",
    "country": "RO",
    "lat": 45.13528,
    "lng": 21.63806
  },
  {
    "name": "Ticuşu Vechi",
    "country": "RO",
    "lat": 45.93333,
    "lng": 25.1
  },
  {
    "name": "Tichileşti",
    "country": "RO",
    "lat": 45.11667,
    "lng": 27.9
  },
  {
    "name": "Tia Mare",
    "country": "RO",
    "lat": 43.86667,
    "lng": 24.63333
  },
  {
    "name": "Titel",
    "country": "RS",
    "lat": 45.20611,
    "lng": 20.29444
  },
  {
    "name": "Tishchenskoye",
    "country": "RU",
    "lat": 45.46056,
    "lng": 41.67382
  },
  {
    "name": "Tirlyanskiy",
    "country": "RU",
    "lat": 54.2109,
    "lng": 58.5806
  },
  {
    "name": "Timashyovsk",
    "country": "RU",
    "lat": 45.61694,
    "lng": 38.94528
  },
  {
    "name": "Tim",
    "country": "RU",
    "lat": 51.62576,
    "lng": 37.12733
  },
  {
    "name": "Tikhvin",
    "country": "RU",
    "lat": 59.63937,
    "lng": 33.52967
  },
  {
    "name": "Tikhoretsk",
    "country": "RU",
    "lat": 45.85307,
    "lng": 40.11874
  },
  {
    "name": "Tisul’",
    "country": "RU",
    "lat": 55.75739,
    "lng": 88.31053
  },
  {
    "name": "Tinskoy",
    "country": "RU",
    "lat": 56.1513,
    "lng": 96.9173
  },
  {
    "name": "Timiryazevskoye",
    "country": "RU",
    "lat": 56.48988,
    "lng": 84.87795
  },
  {
    "name": "Timiryazevskiy",
    "country": "RU",
    "lat": 54.92917,
    "lng": 60.7625
  },
  {
    "name": "Tiksi",
    "country": "RU",
    "lat": 71.69075,
    "lng": 128.86524
  },
  {
    "name": "Tilichiki",
    "country": "RU",
    "lat": 60.42965,
    "lng": 166.06572
  },
  {
    "name": "Tigil’",
    "country": "RU",
    "lat": 57.76114,
    "lng": 158.6837
  },
  {
    "name": "Tingsryd",
    "country": "SE",
    "lat": 56.5247,
    "lng": 14.97902
  },
  {
    "name": "Timrå",
    "country": "SE",
    "lat": 62.48654,
    "lng": 17.32613
  },
  {
    "name": "Timmernabben",
    "country": "SE",
    "lat": 56.96667,
    "lng": 16.43333
  },
  {
    "name": "Tillberga",
    "country": "SE",
    "lat": 59.68333,
    "lng": 16.61667
  },
  {
    "name": "Tierp",
    "country": "SE",
    "lat": 60.34269,
    "lng": 17.51812
  },
  {
    "name": "Tidaholm",
    "country": "SE",
    "lat": 58.18035,
    "lng": 13.95824
  },
  {
    "name": "Tibro",
    "country": "SE",
    "lat": 58.42453,
    "lng": 14.16162
  },
  {
    "name": "Tiong Bahru Estate",
    "country": "SG",
    "lat": 1.28333,
    "lng": 103.83278
  },
  {
    "name": "Tišina",
    "country": "SI",
    "lat": 46.65415,
    "lng": 16.09363
  },
  {
    "name": "Tisovec",
    "country": "SK",
    "lat": 48.67738,
    "lng": 19.94364
  },
  {
    "name": "Tintafor",
    "country": "SL",
    "lat": 8.62667,
    "lng": -13.215
  },
  {
    "name": "Tivaouane",
    "country": "SN",
    "lat": 14.95186,
    "lng": -16.8152
  },
  {
    "name": "Tionk Essil",
    "country": "SN",
    "lat": 12.78556,
    "lng": -16.52167
  },
  {
    "name": "Tilogne Tokossel",
    "country": "SN",
    "lat": 15.96667,
    "lng": -13.6
  },
  {
    "name": "Tiébo",
    "country": "SN",
    "lat": 14.63333,
    "lng": -16.23333
  },
  {
    "name": "Tilomar",
    "country": "TL",
    "lat": -9.34001,
    "lng": 125.11278
  },
  {
    "name": "Tinja",
    "country": "TN",
    "lat": 37.15964,
    "lng": 9.7606
  },
  {
    "name": "Tire",
    "country": "TR",
    "lat": 38.08877,
    "lng": 27.73508
  },
  {
    "name": "Tililan",
    "country": "TR",
    "lat": 37.37428,
    "lng": 42.03386
  },
  {
    "name": "Timar",
    "country": "TR",
    "lat": 38.82865,
    "lng": 43.4333
  },
  {
    "name": "Tillo",
    "country": "TR",
    "lat": 37.94911,
    "lng": 42.0121
  },
  {
    "name": "Tirebolu",
    "country": "TR",
    "lat": 41.00694,
    "lng": 38.81389
  },
  {
    "name": "Tianwei",
    "country": "TW",
    "lat": 23.8927,
    "lng": 120.524
  },
  {
    "name": "Tianzhong",
    "country": "TW",
    "lat": 23.85808,
    "lng": 120.5857
  },
  {
    "name": "Tinde",
    "country": "TZ",
    "lat": -3.88333,
    "lng": 33.2
  },
  {
    "name": "Tingi",
    "country": "TZ",
    "lat": -11.3,
    "lng": 35.03333
  },
  {
    "name": "Tillmans Corner",
    "country": "US",
    "lat": 30.59019,
    "lng": -88.17084
  },
  {
    "name": "Tice",
    "country": "US",
    "lat": 26.67479,
    "lng": -81.81508
  },
  {
    "name": "Tierra Verde",
    "country": "US",
    "lat": 27.69197,
    "lng": -82.72343
  },
  {
    "name": "Tiger Point",
    "country": "US",
    "lat": 30.37853,
    "lng": -87.05552
  },
  {
    "name": "Timber Pines",
    "country": "US",
    "lat": 28.47028,
    "lng": -82.60316
  },
  {
    "name": "Titusville",
    "country": "US",
    "lat": 28.61222,
    "lng": -80.80755
  },
  {
    "name": "Tifton",
    "country": "US",
    "lat": 31.45046,
    "lng": -83.5085
  },
  {
    "name": "Timberlane",
    "country": "US",
    "lat": 29.87743,
    "lng": -90.03202
  },
  {
    "name": "Timonium",
    "country": "US",
    "lat": 39.43705,
    "lng": -76.61969
  },
  {
    "name": "Tipton",
    "country": "US",
    "lat": 38.65558,
    "lng": -92.77992
  },
  {
    "name": "Tipp City",
    "country": "US",
    "lat": 39.95839,
    "lng": -84.17216
  },
  {
    "name": "Tishomingo",
    "country": "US",
    "lat": 34.23621,
    "lng": -96.67861
  },
  {
    "name": "Tigerville",
    "country": "US",
    "lat": 35.06845,
    "lng": -82.36845
  },
  {
    "name": "Timmonsville",
    "country": "US",
    "lat": 34.13488,
    "lng": -79.93979
  },
  {
    "name": "Tiptonville",
    "country": "US",
    "lat": 36.3784,
    "lng": -89.47202
  },
  {
    "name": "Tilden",
    "country": "US",
    "lat": 28.46194,
    "lng": -98.54918
  },
  {
    "name": "Timberwood Park",
    "country": "US",
    "lat": 29.69438,
    "lng": -98.49741
  },
  {
    "name": "Timpson",
    "country": "US",
    "lat": 31.90378,
    "lng": -94.3952
  },
  {
    "name": "Timberlake",
    "country": "US",
    "lat": 37.3207,
    "lng": -79.25753
  },
  {
    "name": "Timberville",
    "country": "US",
    "lat": 38.63901,
    "lng": -78.77391
  },
  {
    "name": "Tiffin",
    "country": "US",
    "lat": 41.70585,
    "lng": -91.66295
  },
  {
    "name": "Tipton",
    "country": "US",
    "lat": 41.76974,
    "lng": -91.12793
  },
  {
    "name": "Tilton",
    "country": "US",
    "lat": 40.09531,
    "lng": -87.64752
  },
  {
    "name": "Tinley Park",
    "country": "US",
    "lat": 41.57337,
    "lng": -87.78449
  },
  {
    "name": "Tipton",
    "country": "US",
    "lat": 40.28226,
    "lng": -86.0411
  },
  {
    "name": "Tilton",
    "country": "US",
    "lat": 43.4423,
    "lng": -71.58896
  },
  {
    "name": "Tinton Falls",
    "country": "US",
    "lat": 40.30428,
    "lng": -74.10042
  },
  {
    "name": "Ticonderoga",
    "country": "US",
    "lat": 43.84867,
    "lng": -73.42345
  },
  {
    "name": "Tillson",
    "country": "US",
    "lat": 41.82898,
    "lng": -74.06848
  },
  {
    "name": "Tivoli",
    "country": "US",
    "lat": 42.05842,
    "lng": -73.9093
  },
  {
    "name": "Tiffin",
    "country": "US",
    "lat": 41.1145,
    "lng": -83.17797
  },
  {
    "name": "Tiltonsville",
    "country": "US",
    "lat": 40.16674,
    "lng": -80.6998
  },
  {
    "name": "Tinicum",
    "country": "US",
    "lat": 40.44844,
    "lng": -75.10767
  },
  {
    "name": "Tionesta",
    "country": "US",
    "lat": 41.49534,
    "lng": -79.45588
  },
  {
    "name": "Tipton",
    "country": "US",
    "lat": 40.6359,
    "lng": -78.29585
  },
  {
    "name": "Titusville",
    "country": "US",
    "lat": 41.627,
    "lng": -79.67366
  },
  {
    "name": "Tiverton",
    "country": "US",
    "lat": 41.62594,
    "lng": -71.21338
  },
  {
    "name": "Tichigan",
    "country": "US",
    "lat": 42.8289,
    "lng": -88.19759
  },
  {
    "name": "Tiburon",
    "country": "US",
    "lat": 37.87354,
    "lng": -122.45664
  },
  {
    "name": "Tierra Buena",
    "country": "US",
    "lat": 39.14878,
    "lng": -121.66691
  },
  {
    "name": "Tipton",
    "country": "US",
    "lat": 36.0594,
    "lng": -119.31206
  },
  {
    "name": "Tierra Amarilla",
    "country": "US",
    "lat": 36.70029,
    "lng": -106.54976
  },
  {
    "name": "Tioga",
    "country": "US",
    "lat": 48.39724,
    "lng": -102.93824
  },
  {
    "name": "Tigard",
    "country": "US",
    "lat": 45.43123,
    "lng": -122.77149
  },
  {
    "name": "Tillamook",
    "country": "US",
    "lat": 45.4564,
    "lng": -123.84553
  },
  {
    "name": "Timber Lake",
    "country": "US",
    "lat": 45.42915,
    "lng": -101.07403
  },
  {
    "name": "Tieton",
    "country": "US",
    "lat": 46.70207,
    "lng": -120.75535
  },
  {
    "name": "Times Square",
    "country": "US",
    "lat": 40.75636,
    "lng": -73.98644
  },
  {
    "name": "Tilton-Northfield",
    "country": "US",
    "lat": 43.443,
    "lng": -71.59364
  },
  {
    "name": "Tiki Island",
    "country": "US",
    "lat": 29.29709,
    "lng": -94.91709
  },
  {
    "name": "Tirmiz",
    "country": "UZ",
    "lat": 37.22417,
    "lng": 67.27833
  },
  {
    "name": "Tinchlik",
    "country": "UZ",
    "lat": 40.47591,
    "lng": 71.55089
  },
  {
    "name": "Tinaquillo",
    "country": "VE",
    "lat": 9.91861,
    "lng": -68.30472
  },
  {
    "name": "Tinaco",
    "country": "VE",
    "lat": 9.69894,
    "lng": -68.43273
  },
  {
    "name": "Timotes",
    "country": "VE",
    "lat": 8.98224,
    "lng": -70.73926
  },
  {
    "name": "Tiểu Cần",
    "country": "VN",
    "lat": 9.81166,
    "lng": 106.19067
  },
  {
    "name": "Tiên Phước",
    "country": "VN",
    "lat": 15.48819,
    "lng": 108.30736
  },
  {
    "name": "Tiền Hải",
    "country": "VN",
    "lat": 20.40557,
    "lng": 106.50365
  },
  {
    "name": "Tiên Lãng",
    "country": "VN",
    "lat": 20.72464,
    "lng": 106.55391
  },
  {
    "name": "Tiyimeleni B",
    "country": "ZA",
    "lat": -24.89151,
    "lng": 31.2614
  },
  {
    "name": "Tiyimeleni A",
    "country": "ZA",
    "lat": -24.89844,
    "lng": 31.20793
  }
]