[
  {
    "name": "Tregan",
    "country": "AL",
    "lat": 41.02472,
    "lng": 20.07833
  },
  {
    "name": "Trebisht-Muçinë",
    "country": "AL",
    "lat": 41.41111,
    "lng": 20.53556
  },
  {
    "name": "Trebinjë",
    "country": "AL",
    "lat": 40.91333,
    "lng": 20.55306
  },
  {
    "name": "Tres Capones",
    "country": "AR",
    "lat": -28.00431,
    "lng": -55.60935
  },
  {
    "name": "Trevelin",
    "country": "AR",
    "lat": -43.0858,
    "lng": -71.46386
  },
  {
    "name": "Tres Lomas",
    "country": "AR",
    "lat": -36.45912,
    "lng": -62.86243
  },
  {
    "name": "Tres Isletas",
    "country": "AR",
    "lat": -26.34067,
    "lng": -60.43207
  },
  {
    "name": "Tres Arroyos",
    "country": "AR",
    "lat": -38.37694,
    "lng": -60.27563
  },
  {
    "name": "Tres Algarrobos",
    "country": "AR",
    "lat": -35.1956,
    "lng": -62.77423
  },
  {
    "name": "Trenque Lauquen",
    "country": "AR",
    "lat": -35.97334,
    "lng": -62.73275
  },
  {
    "name": "Trenel",
    "country": "AR",
    "lat": -35.69833,
    "lng": -64.13329
  },
  {
    "name": "Trelew",
    "country": "AR",
    "lat": -43.24895,
    "lng": -65.30505
  },
  {
    "name": "Trancas",
    "country": "AR",
    "lat": -26.23136,
    "lng": -65.28093
  },
  {
    "name": "Trumau",
    "country": "AT",
    "lat": 47.99348,
    "lng": 16.34268
  },
  {
    "name": "Trössing",
    "country": "AT",
    "lat": 46.81667,
    "lng": 15.81667
  },
  {
    "name": "Trofaiach",
    "country": "AT",
    "lat": 47.42524,
    "lng": 15.00681
  },
  {
    "name": "Tristach",
    "country": "AT",
    "lat": 46.81611,
    "lng": 12.78972
  },
  {
    "name": "Trins",
    "country": "AT",
    "lat": 47.08333,
    "lng": 11.41667
  },
  {
    "name": "Triebendorf",
    "country": "AT",
    "lat": 47.11667,
    "lng": 14.23333
  },
  {
    "name": "Trieben",
    "country": "AT",
    "lat": 47.48574,
    "lng": 14.48744
  },
  {
    "name": "Tribuswinkel",
    "country": "AT",
    "lat": 48.00623,
    "lng": 16.27075
  },
  {
    "name": "Treibach",
    "country": "AT",
    "lat": 46.86667,
    "lng": 14.46667
  },
  {
    "name": "Treglwang",
    "country": "AT",
    "lat": 47.47458,
    "lng": 14.59083
  },
  {
    "name": "Trebesing",
    "country": "AT",
    "lat": 46.88639,
    "lng": 13.51028
  },
  {
    "name": "Trautmannsdorf in Oststeiermark",
    "country": "AT",
    "lat": 46.8753,
    "lng": 15.88451
  },
  {
    "name": "Trautmannsdorf an der Leitha",
    "country": "AT",
    "lat": 48.02357,
    "lng": 16.63266
  },
  {
    "name": "Trausdorf an der Wulka",
    "country": "AT",
    "lat": 47.8135,
    "lng": 16.5576
  },
  {
    "name": "Traunkirchen",
    "country": "AT",
    "lat": 47.84462,
    "lng": 13.78939
  },
  {
    "name": "Traun",
    "country": "AT",
    "lat": 48.22086,
    "lng": 14.23833
  },
  {
    "name": "Trattenbach",
    "country": "AT",
    "lat": 47.6,
    "lng": 15.86667
  },
  {
    "name": "Traismauer",
    "country": "AT",
    "lat": 48.35,
    "lng": 15.73333
  },
  {
    "name": "Traiskirchen",
    "country": "AT",
    "lat": 48.01485,
    "lng": 16.29324
  },
  {
    "name": "Traisen",
    "country": "AT",
    "lat": 48.03333,
    "lng": 15.6
  },
  {
    "name": "Trahütten",
    "country": "AT",
    "lat": 46.825,
    "lng": 15.15694
  },
  {
    "name": "Tragwein",
    "country": "AT",
    "lat": 48.33314,
    "lng": 14.62237
  },
  {
    "name": "Traboch",
    "country": "AT",
    "lat": 47.37705,
    "lng": 14.98647
  },
  {
    "name": "Trigg",
    "country": "AU",
    "lat": -31.86939,
    "lng": 115.7571
  },
  {
    "name": "Truganina",
    "country": "AU",
    "lat": -37.81667,
    "lng": 144.75
  },
  {
    "name": "Trinity Beach",
    "country": "AU",
    "lat": -16.78876,
    "lng": 145.69682
  },
  {
    "name": "Trentham",
    "country": "AU",
    "lat": -37.38876,
    "lng": 144.32164
  },
  {
    "name": "Traralgon",
    "country": "AU",
    "lat": -38.19528,
    "lng": 146.5415
  },
  {
    "name": "Trangie",
    "country": "AU",
    "lat": -32.03147,
    "lng": 147.98344
  },
  {
    "name": "Trafalgar",
    "country": "AU",
    "lat": -38.20906,
    "lng": 146.15347
  },
  {
    "name": "Travancore",
    "country": "AU",
    "lat": -37.78076,
    "lng": 144.93545
  },
  {
    "name": "Trevallyn",
    "country": "AU",
    "lat": -41.44246,
    "lng": 147.10484
  },
  {
    "name": "Tranmere",
    "country": "AU",
    "lat": -42.92179,
    "lng": 147.41701
  },
  {
    "name": "Tregear",
    "country": "AU",
    "lat": -33.74562,
    "lng": 150.79294
  },
  {
    "name": "Tranmere",
    "country": "AU",
    "lat": -34.9055,
    "lng": 138.66212
  },
  {
    "name": "Trott Park",
    "country": "AU",
    "lat": -35.07576,
    "lng": 138.54189
  },
  {
    "name": "Trinity Gardens",
    "country": "AU",
    "lat": -34.91438,
    "lng": 138.64141
  },
  {
    "name": "Trinity Park",
    "country": "AU",
    "lat": -16.80684,
    "lng": 145.70549
  },
  {
    "name": "Trunding",
    "country": "AU",
    "lat": -12.63422,
    "lng": 141.86963
  },
  {
    "name": "Tržačka Raštela",
    "country": "BA",
    "lat": 44.97597,
    "lng": 15.78489
  },
  {
    "name": "Trnovo",
    "country": "BA",
    "lat": 43.6658,
    "lng": 18.44593
  },
  {
    "name": "Trn",
    "country": "BA",
    "lat": 44.85829,
    "lng": 17.23583
  },
  {
    "name": "Trebinje",
    "country": "BA",
    "lat": 42.71197,
    "lng": 18.34362
  },
  {
    "name": "Travnik",
    "country": "BA",
    "lat": 44.22637,
    "lng": 17.66583
  },
  {
    "name": "Trooz",
    "country": "BE",
    "lat": 50.57026,
    "lng": 5.69521
  },
  {
    "name": "Trois-Ponts",
    "country": "BE",
    "lat": 50.37128,
    "lng": 5.87146
  },
  {
    "name": "Trivières",
    "country": "BE",
    "lat": 50.44827,
    "lng": 4.14511
  },
  {
    "name": "Tremelo",
    "country": "BE",
    "lat": 50.99231,
    "lng": 4.70807
  },
  {
    "name": "Trembleur",
    "country": "BE",
    "lat": 50.69544,
    "lng": 5.72604
  },
  {
    "name": "Trazegnies",
    "country": "BE",
    "lat": 50.46379,
    "lng": 4.3329
  },
  {
    "name": "Tryavna",
    "country": "BG",
    "lat": 42.86667,
    "lng": 25.5
  },
  {
    "name": "Tran",
    "country": "BG",
    "lat": 42.83528,
    "lng": 22.65167
  },
  {
    "name": "Troyan",
    "country": "BG",
    "lat": 42.89427,
    "lng": 24.71589
  },
  {
    "name": "Trinidad",
    "country": "BO",
    "lat": -14.83223,
    "lng": -64.90335
  },
  {
    "name": "Triunfo",
    "country": "BR",
    "lat": -7.83806,
    "lng": -38.10167
  },
  {
    "name": "Triunfo",
    "country": "BR",
    "lat": -6.56667,
    "lng": -38.6
  },
  {
    "name": "Trindade",
    "country": "BR",
    "lat": -7.76194,
    "lng": -40.26778
  },
  {
    "name": "Trairi",
    "country": "BR",
    "lat": -3.27778,
    "lng": -39.26889
  },
  {
    "name": "Traipu",
    "country": "BR",
    "lat": -9.97056,
    "lng": -37.00333
  },
  {
    "name": "Tracunhaém",
    "country": "BR",
    "lat": -7.80472,
    "lng": -35.24
  },
  {
    "name": "Tracuateua",
    "country": "BR",
    "lat": -1.07611,
    "lng": -46.90306
  },
  {
    "name": "Trombudo Central",
    "country": "BR",
    "lat": -27.29917,
    "lng": -49.79028
  },
  {
    "name": "Trombas",
    "country": "BR",
    "lat": -13.50861,
    "lng": -48.74
  },
  {
    "name": "Triunfo",
    "country": "BR",
    "lat": -29.94333,
    "lng": -51.71806
  },
  {
    "name": "Trindade do Sul",
    "country": "BR",
    "lat": -27.52104,
    "lng": -52.89495
  },
  {
    "name": "Trindade",
    "country": "BR",
    "lat": -16.64944,
    "lng": -49.48889
  },
  {
    "name": "Treze Tílias",
    "country": "BR",
    "lat": -27.00167,
    "lng": -51.40639
  },
  {
    "name": "Treze de Maio",
    "country": "BR",
    "lat": -28.55889,
    "lng": -49.14778
  },
  {
    "name": "Treviso",
    "country": "BR",
    "lat": -28.51556,
    "lng": -49.4575
  },
  {
    "name": "Três Rios",
    "country": "BR",
    "lat": -22.11667,
    "lng": -43.20917
  },
  {
    "name": "Três Ranchos",
    "country": "BR",
    "lat": -18.35389,
    "lng": -47.7825
  },
  {
    "name": "Três Pontas",
    "country": "BR",
    "lat": -21.36667,
    "lng": -45.5125
  },
  {
    "name": "Três Passos",
    "country": "BR",
    "lat": -27.45556,
    "lng": -53.93194
  },
  {
    "name": "Três Lagoas",
    "country": "BR",
    "lat": -20.78765,
    "lng": -51.70338
  },
  {
    "name": "Três Fronteiras",
    "country": "BR",
    "lat": -20.235,
    "lng": -50.89028
  },
  {
    "name": "Três de Maio",
    "country": "BR",
    "lat": -27.77333,
    "lng": -54.24
  },
  {
    "name": "Três Coroas",
    "country": "BR",
    "lat": -29.51694,
    "lng": -50.77778
  },
  {
    "name": "Três Corações",
    "country": "BR",
    "lat": -21.69694,
    "lng": -45.25333
  },
  {
    "name": "Três Cachoeiras",
    "country": "BR",
    "lat": -29.45556,
    "lng": -49.92444
  },
  {
    "name": "Três Barras",
    "country": "BR",
    "lat": -26.10639,
    "lng": -50.32222
  },
  {
    "name": "Três Barras do Paraná",
    "country": "BR",
    "lat": -25.42166,
    "lng": -53.18304
  },
  {
    "name": "Três Arroios",
    "country": "BR",
    "lat": -27.49806,
    "lng": -52.14889
  },
  {
    "name": "Tremembé",
    "country": "BR",
    "lat": -22.95833,
    "lng": -45.54944
  },
  {
    "name": "Tremedal",
    "country": "BR",
    "lat": -14.97583,
    "lng": -41.41083
  },
  {
    "name": "Tramandaí",
    "country": "BR",
    "lat": -29.98472,
    "lng": -50.13361
  },
  {
    "name": "Trajano de Morais",
    "country": "BR",
    "lat": -22.06333,
    "lng": -42.06639
  },
  {
    "name": "Trabiju",
    "country": "BR",
    "lat": -22.04167,
    "lng": -48.33556
  },
  {
    "name": "Trairão",
    "country": "BR",
    "lat": -4.57444,
    "lng": -55.94361
  },
  {
    "name": "Travesseiro",
    "country": "BR",
    "lat": -29.29417,
    "lng": -52.05528
  },
  {
    "name": "Três Forquilhas",
    "country": "BR",
    "lat": -29.53694,
    "lng": -50.06444
  },
  {
    "name": "Três Marias",
    "country": "BR",
    "lat": -18.20639,
    "lng": -45.24167
  },
  {
    "name": "Três Palmeiras",
    "country": "BR",
    "lat": -27.61472,
    "lng": -52.84361
  },
  {
    "name": "Triunfo Potiguar",
    "country": "BR",
    "lat": -5.86694,
    "lng": -37.18861
  },
  {
    "name": "Trizidela do Vale",
    "country": "BR",
    "lat": -4.57194,
    "lng": -44.62083
  },
  {
    "name": "Trindade",
    "country": "BR",
    "lat": -27.58612,
    "lng": -48.52335
  },
  {
    "name": "Tremembé",
    "country": "BR",
    "lat": -23.45852,
    "lng": -46.62683
  },
  {
    "name": "Trairão",
    "country": "BR",
    "lat": -4.70019,
    "lng": -55.99513
  },
  {
    "name": "Travesseiro",
    "country": "BR",
    "lat": -29.31989,
    "lng": -52.06475
  },
  {
    "name": "Treasure Cay",
    "country": "BS",
    "lat": 26.67691,
    "lng": -77.28581
  },
  {
    "name": "Trongsa",
    "country": "BT",
    "lat": 27.5026,
    "lng": 90.50716
  },
  {
    "name": "Trashi Yangtse",
    "country": "BT",
    "lat": 27.6116,
    "lng": 91.498
  },
  {
    "name": "Trashigang",
    "country": "BT",
    "lat": 27.3331,
    "lng": 91.55424
  },
  {
    "name": "Trial Farm",
    "country": "BZ",
    "lat": 18.10124,
    "lng": -88.56584
  },
  {
    "name": "Trio Village",
    "country": "BZ",
    "lat": 16.51529,
    "lng": -88.63577
  },
  {
    "name": "Trail",
    "country": "CA",
    "lat": 49.09983,
    "lng": -117.70223
  },
  {
    "name": "Trois-Rivières",
    "country": "CA",
    "lat": 46.34515,
    "lng": -72.5477
  },
  {
    "name": "Truro",
    "country": "CA",
    "lat": 45.36685,
    "lng": -63.26538
  },
  {
    "name": "Trois Pistoles",
    "country": "CA",
    "lat": 48.11667,
    "lng": -69.16667
  },
  {
    "name": "Tracadie-Sheila",
    "country": "CA",
    "lat": 47.51444,
    "lng": -64.91806
  },
  {
    "name": "Trinity-Bellwoods",
    "country": "CA",
    "lat": 43.64791,
    "lng": -79.40849
  },
  {
    "name": "Trinity Bay North",
    "country": "CA",
    "lat": 48.5221,
    "lng": -53.0713
  },
  {
    "name": "Trun",
    "country": "CH",
    "lat": 46.74292,
    "lng": 8.98716
  },
  {
    "name": "Trubschachen",
    "country": "CH",
    "lat": 46.92228,
    "lng": 7.8452
  },
  {
    "name": "Trub",
    "country": "CH",
    "lat": 46.94168,
    "lng": 7.87996
  },
  {
    "name": "Troistorrents",
    "country": "CH",
    "lat": 46.2289,
    "lng": 6.91589
  },
  {
    "name": "Trogen",
    "country": "CH",
    "lat": 47.40782,
    "lng": 9.46498
  },
  {
    "name": "Trimmis",
    "country": "CH",
    "lat": 46.90075,
    "lng": 9.5612
  },
  {
    "name": "Trimbach",
    "country": "CH",
    "lat": 47.36561,
    "lng": 7.8868
  },
  {
    "name": "Triengen",
    "country": "CH",
    "lat": 47.23573,
    "lng": 8.07652
  },
  {
    "name": "Treyvaux",
    "country": "CH",
    "lat": 46.72796,
    "lng": 7.13769
  },
  {
    "name": "Trélex",
    "country": "CH",
    "lat": 46.41538,
    "lng": 6.20813
  },
  {
    "name": "Travers",
    "country": "CH",
    "lat": 46.94018,
    "lng": 6.67595
  },
  {
    "name": "Tramelan",
    "country": "CH",
    "lat": 47.22298,
    "lng": 7.10287
  },
  {
    "name": "Trachselwald",
    "country": "CH",
    "lat": 47.01699,
    "lng": 7.73639
  },
  {
    "name": "Troinex",
    "country": "CH",
    "lat": 46.16313,
    "lng": 6.14745
  },
  {
    "name": "Troya",
    "country": "CI",
    "lat": 6.25218,
    "lng": -7.49524
  },
  {
    "name": "Trokolimpleu",
    "country": "CI",
    "lat": 7.36866,
    "lng": -8.12606
  },
  {
    "name": "Tromabo",
    "country": "CI",
    "lat": 6.72055,
    "lng": -4.7079
  },
  {
    "name": "Trohempleu",
    "country": "CI",
    "lat": 7.23303,
    "lng": -8.18712
  },
  {
    "name": "Trogui",
    "country": "CI",
    "lat": 7.17819,
    "lng": -8.01363
  },
  {
    "name": "Trogleu",
    "country": "CI",
    "lat": 7.07449,
    "lng": -8.28178
  },
  {
    "name": "Trodrou",
    "country": "CI",
    "lat": 7.26366,
    "lng": -7.28347
  },
  {
    "name": "Transua",
    "country": "CI",
    "lat": 7.55004,
    "lng": -3.01431
  },
  {
    "name": "Tranou",
    "country": "CI",
    "lat": 6.23035,
    "lng": -4.41526
  },
  {
    "name": "Trahé",
    "country": "CI",
    "lat": 4.71577,
    "lng": -7.17566
  },
  {
    "name": "Trafla",
    "country": "CI",
    "lat": 7.63333,
    "lng": -6.51667
  },
  {
    "name": "Trafessou",
    "country": "CI",
    "lat": 7.75305,
    "lng": -5.88224
  },
  {
    "name": "Trawaininkro",
    "country": "CI",
    "lat": 6.06286,
    "lng": -6.88054
  },
  {
    "name": "Trochu",
    "country": "CI",
    "lat": 6.03244,
    "lng": -4.73518
  },
  {
    "name": "Trinlé",
    "country": "CI",
    "lat": 7.20704,
    "lng": -7.6166
  },
  {
    "name": "Trokpadrou",
    "country": "CI",
    "lat": 7.32196,
    "lng": -7.47078
  },
  {
    "name": "Trafla-Gottron",
    "country": "CI",
    "lat": 7.50372,
    "lng": -6.37661
  },
  {
    "name": "Traiguén",
    "country": "CL",
    "lat": -38.2496,
    "lng": -72.67027
  },
  {
    "name": "Trujillo",
    "country": "CO",
    "lat": 4.21217,
    "lng": -76.31945
  },
  {
    "name": "Trinidad",
    "country": "CO",
    "lat": 5.40849,
    "lng": -71.66196
  },
  {
    "name": "Tres Esquinas",
    "country": "CO",
    "lat": 3.86512,
    "lng": -74.70906
  },
  {
    "name": "Tres Ríos",
    "country": "CR",
    "lat": 9.90692,
    "lng": -83.98789
  },
  {
    "name": "Trinidad",
    "country": "CU",
    "lat": 21.80224,
    "lng": -79.98467
  },
  {
    "name": "Troúlloi",
    "country": "CY",
    "lat": 35.03263,
    "lng": 33.61551
  },
  {
    "name": "Tróodos",
    "country": "CY",
    "lat": 34.92344,
    "lng": 32.8805
  },
  {
    "name": "Tríkomo",
    "country": "CY",
    "lat": 35.28628,
    "lng": 33.89167
  },
  {
    "name": "Trachóni",
    "country": "CY",
    "lat": 34.65756,
    "lng": 32.96534
  },
  {
    "name": "Trutnov",
    "country": "CZ",
    "lat": 50.56101,
    "lng": 15.9127
  },
  {
    "name": "Tršice",
    "country": "CZ",
    "lat": 49.54237,
    "lng": 17.42483
  },
  {
    "name": "Troubsko",
    "country": "CZ",
    "lat": 49.16951,
    "lng": 16.51078
  },
  {
    "name": "Troubky",
    "country": "CZ",
    "lat": 49.43215,
    "lng": 17.34914
  },
  {
    "name": "Troubelice",
    "country": "CZ",
    "lat": 49.81731,
    "lng": 17.081
  },
  {
    "name": "Trojanovice",
    "country": "CZ",
    "lat": 49.52039,
    "lng": 18.238
  },
  {
    "name": "Troja",
    "country": "CZ",
    "lat": 50.11659,
    "lng": 14.42458
  },
  {
    "name": "Trnava",
    "country": "CZ",
    "lat": 49.29603,
    "lng": 17.84191
  },
  {
    "name": "Trmice",
    "country": "CZ",
    "lat": 50.64286,
    "lng": 13.99449
  },
  {
    "name": "Trhový Štěpánov",
    "country": "CZ",
    "lat": 49.71147,
    "lng": 15.01356
  },
  {
    "name": "Trhové Sviny",
    "country": "CZ",
    "lat": 48.84231,
    "lng": 14.63924
  },
  {
    "name": "Traplice",
    "country": "CZ",
    "lat": 49.13088,
    "lng": 17.43622
  },
  {
    "name": "Trusetal",
    "country": "DE",
    "lat": 50.78333,
    "lng": 10.41667
  },
  {
    "name": "Trunkelsberg",
    "country": "DE",
    "lat": 48.0,
    "lng": 10.21667
  },
  {
    "name": "Trulben",
    "country": "DE",
    "lat": 49.13916,
    "lng": 7.5437
  },
  {
    "name": "Trostberg an der Alz",
    "country": "DE",
    "lat": 48.02802,
    "lng": 12.55804
  },
  {
    "name": "Tröstau",
    "country": "DE",
    "lat": 50.01667,
    "lng": 11.95
  },
  {
    "name": "Trossingen",
    "country": "DE",
    "lat": 48.07667,
    "lng": 8.64409
  },
  {
    "name": "Trossin",
    "country": "DE",
    "lat": 51.61667,
    "lng": 12.81667
  },
  {
    "name": "Trollenhagen",
    "country": "DE",
    "lat": 53.60706,
    "lng": 13.29103
  },
  {
    "name": "Troisdorf",
    "country": "DE",
    "lat": 50.80901,
    "lng": 7.14968
  },
  {
    "name": "Trogen",
    "country": "DE",
    "lat": 50.36667,
    "lng": 11.95
  },
  {
    "name": "Trochtelfingen",
    "country": "DE",
    "lat": 48.30843,
    "lng": 9.24491
  },
  {
    "name": "Trittenheim",
    "country": "DE",
    "lat": 49.82471,
    "lng": 6.89929
  },
  {
    "name": "Trittau",
    "country": "DE",
    "lat": 53.61043,
    "lng": 10.40575
  },
  {
    "name": "Triptis",
    "country": "DE",
    "lat": 50.73567,
    "lng": 11.87015
  },
  {
    "name": "Trippstadt",
    "country": "DE",
    "lat": 49.35935,
    "lng": 7.7748
  },
  {
    "name": "Trinwillershagen",
    "country": "DE",
    "lat": 54.25048,
    "lng": 12.62312
  },
  {
    "name": "Triftern",
    "country": "DE",
    "lat": 48.39468,
    "lng": 13.00627
  },
  {
    "name": "Trierweiler",
    "country": "DE",
    "lat": 49.76231,
    "lng": 6.55987
  },
  {
    "name": "Trier",
    "country": "DE",
    "lat": 49.75565,
    "lng": 6.63935
  },
  {
    "name": "Triebes",
    "country": "DE",
    "lat": 50.68489,
    "lng": 12.02042
  },
  {
    "name": "Tribsees",
    "country": "DE",
    "lat": 54.09556,
    "lng": 12.75683
  },
  {
    "name": "Triberg",
    "country": "DE",
    "lat": 48.13175,
    "lng": 8.23317
  },
  {
    "name": "Treuenbrietzen",
    "country": "DE",
    "lat": 52.09754,
    "lng": 12.87258
  },
  {
    "name": "Treuen",
    "country": "DE",
    "lat": 50.54247,
    "lng": 12.30339
  },
  {
    "name": "Treuchtlingen",
    "country": "DE",
    "lat": 48.95473,
    "lng": 10.90833
  },
  {
    "name": "Trendelburg",
    "country": "DE",
    "lat": 51.57408,
    "lng": 9.42095
  },
  {
    "name": "Tremsbüttel",
    "country": "DE",
    "lat": 53.74384,
    "lng": 10.31024
  },
  {
    "name": "Treis-Karden",
    "country": "DE",
    "lat": 50.17174,
    "lng": 7.30218
  },
  {
    "name": "Treia",
    "country": "DE",
    "lat": 54.51566,
    "lng": 9.31607
  },
  {
    "name": "Treffurt",
    "country": "DE",
    "lat": 51.13691,
    "lng": 10.23361
  },
  {
    "name": "Treffelstein",
    "country": "DE",
    "lat": 49.42246,
    "lng": 12.61574
  },
  {
    "name": "Trechtingshausen",
    "country": "DE",
    "lat": 50.01031,
    "lng": 7.84709
  },
  {
    "name": "Trebur",
    "country": "DE",
    "lat": 49.92639,
    "lng": 8.40732
  },
  {
    "name": "Trebsen",
    "country": "DE",
    "lat": 51.28898,
    "lng": 12.75496
  },
  {
    "name": "Trebitz",
    "country": "DE",
    "lat": 51.58615,
    "lng": 11.91965
  },
  {
    "name": "Trebgast",
    "country": "DE",
    "lat": 50.06667,
    "lng": 11.55
  },
  {
    "name": "Trebendorf",
    "country": "DE",
    "lat": 51.528,
    "lng": 14.573
  },
  {
    "name": "Trebbin",
    "country": "DE",
    "lat": 52.21675,
    "lng": 13.22496
  },
  {
    "name": "Travemünde",
    "country": "DE",
    "lat": 53.96304,
    "lng": 10.8709
  },
  {
    "name": "Trautskirchen",
    "country": "DE",
    "lat": 49.4581,
    "lng": 10.59361
  },
  {
    "name": "Trausnitz",
    "country": "DE",
    "lat": 49.52114,
    "lng": 12.26249
  },
  {
    "name": "Traunstein",
    "country": "DE",
    "lat": 47.86825,
    "lng": 12.64335
  },
  {
    "name": "Traunreut",
    "country": "DE",
    "lat": 47.96269,
    "lng": 12.59231
  },
  {
    "name": "Trassem",
    "country": "DE",
    "lat": 49.57849,
    "lng": 6.5254
  },
  {
    "name": "Trappstadt",
    "country": "DE",
    "lat": 50.3188,
    "lng": 10.56995
  },
  {
    "name": "Trappenkamp",
    "country": "DE",
    "lat": 54.03988,
    "lng": 10.21496
  },
  {
    "name": "Traitsching",
    "country": "DE",
    "lat": 49.15,
    "lng": 12.65
  },
  {
    "name": "Train",
    "country": "DE",
    "lat": 48.73333,
    "lng": 11.83333
  },
  {
    "name": "Trabitz",
    "country": "DE",
    "lat": 49.8,
    "lng": 11.9
  },
  {
    "name": "Traben-Trarbach",
    "country": "DE",
    "lat": 49.95076,
    "lng": 7.11562
  },
  {
    "name": "Triebel",
    "country": "DE",
    "lat": 50.37153,
    "lng": 12.12118
  },
  {
    "name": "Treptow",
    "country": "DE",
    "lat": 52.49376,
    "lng": 13.44469
  },
  {
    "name": "Trørød",
    "country": "DK",
    "lat": 55.83946,
    "lng": 12.54432
  },
  {
    "name": "Troense",
    "country": "DK",
    "lat": 55.03324,
    "lng": 10.64361
  },
  {
    "name": "Trige",
    "country": "DK",
    "lat": 56.25291,
    "lng": 10.1484
  },
  {
    "name": "Tranekær",
    "country": "DK",
    "lat": 54.9976,
    "lng": 10.84381
  },
  {
    "name": "Tranebjerg",
    "country": "DK",
    "lat": 55.8326,
    "lng": 10.59723
  },
  {
    "name": "Tranbjerg",
    "country": "DK",
    "lat": 56.09519,
    "lng": 10.13605
  },
  {
    "name": "Tres Postes",
    "country": "EC",
    "lat": -1.98745,
    "lng": -79.60451
  },
  {
    "name": "Trujillo",
    "country": "ES",
    "lat": 39.45786,
    "lng": -5.88203
  },
  {
    "name": "Trujillanos",
    "country": "ES",
    "lat": 38.95233,
    "lng": -6.25759
  },
  {
    "name": "Trigueros",
    "country": "ES",
    "lat": 37.38606,
    "lng": -6.8268
  },
  {
    "name": "Tribaldos",
    "country": "ES",
    "lat": 39.97264,
    "lng": -2.89809
  },
  {
    "name": "Trevélez",
    "country": "ES",
    "lat": 37.00037,
    "lng": -3.26545
  },
  {
    "name": "Tresjuncos",
    "country": "ES",
    "lat": 39.70087,
    "lng": -2.75502
  },
  {
    "name": "Trebujena",
    "country": "ES",
    "lat": 36.87075,
    "lng": -6.17586
  },
  {
    "name": "Trasierra",
    "country": "ES",
    "lat": 38.18333,
    "lng": -6.0
  },
  {
    "name": "Truchas",
    "country": "ES",
    "lat": 42.26093,
    "lng": -6.43605
  },
  {
    "name": "Tronchón",
    "country": "ES",
    "lat": 40.62091,
    "lng": -0.39833
  },
  {
    "name": "Triollo",
    "country": "ES",
    "lat": 42.92456,
    "lng": -4.6813
  },
  {
    "name": "Trillo",
    "country": "ES",
    "lat": 40.70086,
    "lng": -2.59265
  },
  {
    "name": "Trijueque",
    "country": "ES",
    "lat": 40.77426,
    "lng": -2.99253
  },
  {
    "name": "Trigueros del Valle",
    "country": "ES",
    "lat": 41.83049,
    "lng": -4.65179
  },
  {
    "name": "Tricio",
    "country": "ES",
    "lat": 42.40223,
    "lng": -2.71912
  },
  {
    "name": "Treviana",
    "country": "ES",
    "lat": 42.55901,
    "lng": -3.05032
  },
  {
    "name": "Tresviso",
    "country": "ES",
    "lat": 43.25753,
    "lng": -4.66768
  },
  {
    "name": "Trespaderne",
    "country": "ES",
    "lat": 42.80221,
    "lng": -3.38989
  },
  {
    "name": "Trescasas",
    "country": "ES",
    "lat": 40.96442,
    "lng": -4.0359
  },
  {
    "name": "Tremp",
    "country": "ES",
    "lat": 42.16703,
    "lng": 0.89487
  },
  {
    "name": "Tremedal de Tormes",
    "country": "ES",
    "lat": 41.07423,
    "lng": -6.18164
  },
  {
    "name": "Trefacio",
    "country": "ES",
    "lat": 42.12165,
    "lng": -6.65407
  },
  {
    "name": "Trazo",
    "country": "ES",
    "lat": 43.01667,
    "lng": -8.53333
  },
  {
    "name": "Traspinedo",
    "country": "ES",
    "lat": 41.57509,
    "lng": -4.47569
  },
  {
    "name": "Trasobares",
    "country": "ES",
    "lat": 41.64308,
    "lng": -1.64192
  },
  {
    "name": "Trasmoz",
    "country": "ES",
    "lat": 41.82599,
    "lng": -1.72279
  },
  {
    "name": "Trasmiras",
    "country": "ES",
    "lat": 42.0254,
    "lng": -7.61735
  },
  {
    "name": "Tramaced",
    "country": "ES",
    "lat": 41.97318,
    "lng": -0.29752
  },
  {
    "name": "Tramacastilla",
    "country": "ES",
    "lat": 40.43059,
    "lng": -1.57466
  },
  {
    "name": "Tramacastiel",
    "country": "ES",
    "lat": 40.18842,
    "lng": -1.24081
  },
  {
    "name": "Traiguera",
    "country": "ES",
    "lat": 40.52511,
    "lng": 0.29023
  },
  {
    "name": "Trabazos",
    "country": "ES",
    "lat": 41.74793,
    "lng": -6.49094
  },
  {
    "name": "Trabanca",
    "country": "ES",
    "lat": 41.23278,
    "lng": -6.38484
  },
  {
    "name": "Trabadelo",
    "country": "ES",
    "lat": 42.64874,
    "lng": -6.88
  },
  {
    "name": "Trabada",
    "country": "ES",
    "lat": 43.44475,
    "lng": -7.19527
  },
  {
    "name": "Tres Cantos",
    "country": "ES",
    "lat": 40.60092,
    "lng": -3.70806
  },
  {
    "name": "Trafalgar",
    "country": "ES",
    "lat": 40.43285,
    "lng": -3.70113
  },
  {
    "name": "Truyes",
    "country": "FR",
    "lat": 47.27299,
    "lng": 0.85179
  },
  {
    "name": "Trun",
    "country": "FR",
    "lat": 48.84268,
    "lng": 0.03268
  },
  {
    "name": "Truchtersheim",
    "country": "FR",
    "lat": 48.66313,
    "lng": 7.60752
  },
  {
    "name": "Troyes",
    "country": "FR",
    "lat": 48.30073,
    "lng": 4.08524
  },
  {
    "name": "Trouy",
    "country": "FR",
    "lat": 47.01153,
    "lng": 2.36018
  },
  {
    "name": "Trouville-sur-Mer",
    "country": "FR",
    "lat": 49.36595,
    "lng": 0.08004
  },
  {
    "name": "Trouillas",
    "country": "FR",
    "lat": 42.61108,
    "lng": 2.80815
  },
  {
    "name": "Trosly-Breuil",
    "country": "FR",
    "lat": 49.4,
    "lng": 2.96667
  },
  {
    "name": "Tronville-en-Barrois",
    "country": "FR",
    "lat": 48.71977,
    "lng": 5.27808
  },
  {
    "name": "Troissereux",
    "country": "FR",
    "lat": 49.47998,
    "lng": 2.04485
  },
  {
    "name": "Troarn",
    "country": "FR",
    "lat": 49.17835,
    "lng": -0.18169
  },
  {
    "name": "Trizay",
    "country": "FR",
    "lat": 45.88216,
    "lng": -0.89702
  },
  {
    "name": "Trith-Saint-Léger",
    "country": "FR",
    "lat": 50.31667,
    "lng": 3.48333
  },
  {
    "name": "Trilport",
    "country": "FR",
    "lat": 48.95685,
    "lng": 2.95076
  },
  {
    "name": "Triguères",
    "country": "FR",
    "lat": 47.93975,
    "lng": 2.9857
  },
  {
    "name": "Trignac",
    "country": "FR",
    "lat": 47.31779,
    "lng": -2.18918
  },
  {
    "name": "Trieux",
    "country": "FR",
    "lat": 49.32462,
    "lng": 5.93049
  },
  {
    "name": "Triel-sur-Seine",
    "country": "FR",
    "lat": 48.97818,
    "lng": 2.00743
  },
  {
    "name": "Trie-Château",
    "country": "FR",
    "lat": 49.2854,
    "lng": 1.82129
  },
  {
    "name": "Trie-sur-Baïse",
    "country": "FR",
    "lat": 43.32114,
    "lng": 0.37064
  },
  {
    "name": "Tricot",
    "country": "FR",
    "lat": 49.5608,
    "lng": 2.58789
  },
  {
    "name": "Triaize",
    "country": "FR",
    "lat": 46.39265,
    "lng": -1.19785
  },
  {
    "name": "Trévoux",
    "country": "FR",
    "lat": 45.94281,
    "lng": 4.77143
  },
  {
    "name": "Trévou-Tréguignec",
    "country": "FR",
    "lat": 48.81398,
    "lng": -3.35876
  },
  {
    "name": "Trévol",
    "country": "FR",
    "lat": 46.62924,
    "lng": 3.30599
  },
  {
    "name": "Trévé",
    "country": "FR",
    "lat": 48.21191,
    "lng": -2.79404
  },
  {
    "name": "Trets",
    "country": "FR",
    "lat": 43.44818,
    "lng": 5.68328
  },
  {
    "name": "Tressin",
    "country": "FR",
    "lat": 50.6175,
    "lng": 3.19354
  },
  {
    "name": "Tresses",
    "country": "FR",
    "lat": 44.8488,
    "lng": -0.4638
  },
  {
    "name": "Tresserve",
    "country": "FR",
    "lat": 45.6761,
    "lng": 5.89906
  },
  {
    "name": "Tressange",
    "country": "FR",
    "lat": 49.40271,
    "lng": 5.98084
  },
  {
    "name": "Tresques",
    "country": "FR",
    "lat": 44.10744,
    "lng": 4.5868
  },
  {
    "name": "Tresbœuf",
    "country": "FR",
    "lat": 47.88274,
    "lng": -1.54665
  },
  {
    "name": "Trept",
    "country": "FR",
    "lat": 45.68742,
    "lng": 5.31843
  },
  {
    "name": "Tréon",
    "country": "FR",
    "lat": 48.67709,
    "lng": 1.32668
  },
  {
    "name": "Trémuson",
    "country": "FR",
    "lat": 48.52399,
    "lng": -2.84962
  },
  {
    "name": "Tréméven",
    "country": "FR",
    "lat": 47.89818,
    "lng": -3.53208
  },
  {
    "name": "Trémery",
    "country": "FR",
    "lat": 49.2461,
    "lng": 6.22369
  },
  {
    "name": "Trémentines",
    "country": "FR",
    "lat": 47.12333,
    "lng": -0.78745
  },
  {
    "name": "Tremblay-en-France",
    "country": "FR",
    "lat": 48.94956,
    "lng": 2.5684
  },
  {
    "name": "Tremblay",
    "country": "FR",
    "lat": 48.42216,
    "lng": -1.47555
  },
  {
    "name": "Trélon",
    "country": "FR",
    "lat": 50.05805,
    "lng": 4.102
  },
  {
    "name": "Trélivan",
    "country": "FR",
    "lat": 48.4335,
    "lng": -2.11749
  },
  {
    "name": "Trélissac",
    "country": "FR",
    "lat": 45.19619,
    "lng": 0.78256
  },
  {
    "name": "Trélévern",
    "country": "FR",
    "lat": 48.80851,
    "lng": -3.37176
  },
  {
    "name": "Trélazé",
    "country": "FR",
    "lat": 47.44629,
    "lng": -0.46652
  },
  {
    "name": "Treize-Septiers",
    "country": "FR",
    "lat": 46.985,
    "lng": -1.23029
  },
  {
    "name": "Treillières",
    "country": "FR",
    "lat": 47.33117,
    "lng": -1.62684
  },
  {
    "name": "Treignac",
    "country": "FR",
    "lat": 45.53696,
    "lng": 1.7952
  },
  {
    "name": "Trégunc",
    "country": "FR",
    "lat": 47.85557,
    "lng": -3.85271
  },
  {
    "name": "Tréguier",
    "country": "FR",
    "lat": 48.78469,
    "lng": -3.23196
  },
  {
    "name": "Trégastel",
    "country": "FR",
    "lat": 48.81667,
    "lng": -3.5
  },
  {
    "name": "Treffort-Cuisiat",
    "country": "FR",
    "lat": 46.26667,
    "lng": 5.36667
  },
  {
    "name": "Treffléan",
    "country": "FR",
    "lat": 47.68154,
    "lng": -2.6139
  },
  {
    "name": "Treffiagat",
    "country": "FR",
    "lat": 47.80351,
    "lng": -4.26354
  },
  {
    "name": "Trédrez-Locquémeau",
    "country": "FR",
    "lat": 48.7,
    "lng": -3.56667
  },
  {
    "name": "Trédarzec",
    "country": "FR",
    "lat": 48.78694,
    "lng": -3.20065
  },
  {
    "name": "Trébeurden",
    "country": "FR",
    "lat": 48.76929,
    "lng": -3.56814
  },
  {
    "name": "Trèbes",
    "country": "FR",
    "lat": 43.21028,
    "lng": 2.44175
  },
  {
    "name": "Trappes",
    "country": "FR",
    "lat": 48.77413,
    "lng": 2.01781
  },
  {
    "name": "Trans-en-Provence",
    "country": "FR",
    "lat": 43.50326,
    "lng": 6.48641
  },
  {
    "name": "Trangé",
    "country": "FR",
    "lat": 48.02627,
    "lng": 0.11
  },
  {
    "name": "Tramoyes",
    "country": "FR",
    "lat": 45.87599,
    "lng": 4.96502
  },
  {
    "name": "Traînou",
    "country": "FR",
    "lat": 47.97353,
    "lng": 2.10399
  },
  {
    "name": "Tracy-le-Mont",
    "country": "FR",
    "lat": 49.47225,
    "lng": 3.00939
  },
  {
    "name": "Truro",
    "country": "GB",
    "lat": 50.26526,
    "lng": -5.05436
  },
  {
    "name": "Trowbridge",
    "country": "GB",
    "lat": 51.31889,
    "lng": -2.20861
  },
  {
    "name": "Troon",
    "country": "GB",
    "lat": 55.54359,
    "lng": -4.66335
  },
  {
    "name": "Tring",
    "country": "GB",
    "lat": 51.79471,
    "lng": -0.65824
  },
  {
    "name": "Trimdon Grange",
    "country": "GB",
    "lat": 54.71414,
    "lng": -1.42611
  },
  {
    "name": "Trimdon",
    "country": "GB",
    "lat": 54.69878,
    "lng": -1.42881
  },
  {
    "name": "Trewen",
    "country": "GB",
    "lat": 50.61667,
    "lng": -4.46667
  },
  {
    "name": "Treuddyn",
    "country": "GB",
    "lat": 53.1148,
    "lng": -3.12003
  },
  {
    "name": "Treorchy",
    "country": "GB",
    "lat": 51.65958,
    "lng": -3.50587
  },
  {
    "name": "Trelech",
    "country": "GB",
    "lat": 51.94444,
    "lng": -4.5
  },
  {
    "name": "Treherbert",
    "country": "GB",
    "lat": 51.67139,
    "lng": -3.52972
  },
  {
    "name": "Treharris",
    "country": "GB",
    "lat": 51.66457,
    "lng": -3.30725
  },
  {
    "name": "Tregoney",
    "country": "GB",
    "lat": 50.2674,
    "lng": -4.91647
  },
  {
    "name": "Tregarth",
    "country": "GB",
    "lat": 53.19012,
    "lng": -4.0878
  },
  {
    "name": "Tregaron",
    "country": "GB",
    "lat": 52.2195,
    "lng": -3.93295
  },
  {
    "name": "Trefnant",
    "country": "GB",
    "lat": 53.22526,
    "lng": -3.4203
  },
  {
    "name": "Treeton",
    "country": "GB",
    "lat": 53.38564,
    "lng": -1.35189
  },
  {
    "name": "Tredegar",
    "country": "GB",
    "lat": 51.77251,
    "lng": -3.24679
  },
  {
    "name": "Trawsfynydd",
    "country": "GB",
    "lat": 52.90212,
    "lng": -3.92289
  },
  {
    "name": "Tranent",
    "country": "GB",
    "lat": 55.94439,
    "lng": -2.95412
  },
  {
    "name": "Trafford Park",
    "country": "GB",
    "lat": 53.46879,
    "lng": -2.31194
  },
  {
    "name": "Trimsaran",
    "country": "GB",
    "lat": 51.71988,
    "lng": -4.24168
  },
  {
    "name": "Trois-Rivières",
    "country": "GP",
    "lat": 15.97595,
    "lng": -61.64492
  },
  {
    "name": "Trópaia",
    "country": "GR",
    "lat": 37.73235,
    "lng": 21.95895
  },
  {
    "name": "Trípoli",
    "country": "GR",
    "lat": 37.50959,
    "lng": 22.37883
  },
  {
    "name": "Tríkeri",
    "country": "GR",
    "lat": 39.10114,
    "lng": 23.07669
  },
  {
    "name": "Tríkala",
    "country": "GR",
    "lat": 39.55493,
    "lng": 21.76837
  },
  {
    "name": "Triandaíika",
    "country": "GR",
    "lat": 38.6553,
    "lng": 21.38315
  },
  {
    "name": "Traganón",
    "country": "GR",
    "lat": 37.89789,
    "lng": 21.31245
  },
  {
    "name": "Trílofos",
    "country": "GR",
    "lat": 40.46898,
    "lng": 22.9718
  },
  {
    "name": "Tríkala",
    "country": "GR",
    "lat": 40.59814,
    "lng": 22.55733
  },
  {
    "name": "Triandría",
    "country": "GR",
    "lat": 40.622,
    "lng": 22.97
  },
  {
    "name": "Tragano",
    "country": "GR",
    "lat": 37.67212,
    "lng": 21.41497
  },
  {
    "name": "Trujillo",
    "country": "HN",
    "lat": 15.91741,
    "lng": -85.95263
  },
  {
    "name": "Trojas",
    "country": "HN",
    "lat": 15.35,
    "lng": -86.7
  },
  {
    "name": "Trinidad de Copán",
    "country": "HN",
    "lat": 14.94567,
    "lng": -88.7422
  },
  {
    "name": "Trinidad",
    "country": "HN",
    "lat": 15.14237,
    "lng": -88.23321
  },
  {
    "name": "Travesía",
    "country": "HN",
    "lat": 15.86267,
    "lng": -87.90471
  },
  {
    "name": "Tras Cerros",
    "country": "HN",
    "lat": 15.3,
    "lng": -88.66667
  },
  {
    "name": "Trpinja",
    "country": "HR",
    "lat": 45.41917,
    "lng": 18.89917
  },
  {
    "name": "Trpanj",
    "country": "HR",
    "lat": 43.0075,
    "lng": 17.275
  },
  {
    "name": "Trogir",
    "country": "HR",
    "lat": 43.5125,
    "lng": 16.25167
  },
  {
    "name": "Trnovec Bartolovečki",
    "country": "HR",
    "lat": 46.29472,
    "lng": 16.39889
  },
  {
    "name": "Trnava",
    "country": "HR",
    "lat": 45.26139,
    "lng": 18.25306
  },
  {
    "name": "Trilj",
    "country": "HR",
    "lat": 43.61833,
    "lng": 16.72417
  },
  {
    "name": "Tribunj",
    "country": "HR",
    "lat": 43.75547,
    "lng": 15.74444
  },
  {
    "name": "Trou du Nord",
    "country": "HT",
    "lat": 19.61668,
    "lng": -72.02442
  },
  {
    "name": "Trucuk",
    "country": "ID",
    "lat": -7.71833,
    "lng": 110.65889
  },
  {
    "name": "Trenggalek",
    "country": "ID",
    "lat": -8.0764,
    "lng": 111.70641
  },
  {
    "name": "Trimuris",
    "country": "ID",
    "lat": -1.9582,
    "lng": 137.8366
  },
  {
    "name": "Trienggadeng",
    "country": "ID",
    "lat": 5.2402,
    "lng": 96.2018
  },
  {
    "name": "Trim",
    "country": "IE",
    "lat": 53.555,
    "lng": -6.79167
  },
  {
    "name": "Trá Mhór",
    "country": "IE",
    "lat": 52.16235,
    "lng": -7.15244
  },
  {
    "name": "Tralee",
    "country": "IE",
    "lat": 52.27042,
    "lng": -9.70264
  },
  {
    "name": "Trittāla",
    "country": "IN",
    "lat": 10.80303,
    "lng": 76.12885
  },
  {
    "name": "Tripunittura",
    "country": "IN",
    "lat": 9.94283,
    "lng": 76.33331
  },
  {
    "name": "Trimbak",
    "country": "IN",
    "lat": 19.93268,
    "lng": 73.52907
  },
  {
    "name": "Trāl",
    "country": "IN",
    "lat": 33.92708,
    "lng": 75.11585
  },
  {
    "name": "Trikarpūr North",
    "country": "IN",
    "lat": 12.14579,
    "lng": 75.17475
  },
  {
    "name": "Trikarpūr South",
    "country": "IN",
    "lat": 12.11649,
    "lng": 75.18517
  },
  {
    "name": "Triprangod",
    "country": "IN",
    "lat": 10.84225,
    "lng": 75.94856
  },
  {
    "name": "Trikūr",
    "country": "IN",
    "lat": 10.46141,
    "lng": 76.27345
  },
  {
    "name": "Trikonavattam",
    "country": "IN",
    "lat": 8.88987,
    "lng": 76.66588
  },
  {
    "name": "Triparappu",
    "country": "IN",
    "lat": 8.39479,
    "lng": 77.26588
  },
  {
    "name": "Trajpar",
    "country": "IN",
    "lat": 22.81567,
    "lng": 70.86653
  },
  {
    "name": "Tropea",
    "country": "IT",
    "lat": 38.67449,
    "lng": 15.89505
  },
  {
    "name": "Troina / Draginai",
    "country": "IT",
    "lat": 37.78437,
    "lng": 14.59605
  },
  {
    "name": "Tripi",
    "country": "IT",
    "lat": 38.04673,
    "lng": 15.0967
  },
  {
    "name": "Tricase",
    "country": "IT",
    "lat": 39.93018,
    "lng": 18.35421
  },
  {
    "name": "Trenta",
    "country": "IT",
    "lat": 39.28541,
    "lng": 16.32093
  },
  {
    "name": "Trecastagni",
    "country": "IT",
    "lat": 37.61543,
    "lng": 15.07796
  },
  {
    "name": "Trebisacce",
    "country": "IT",
    "lat": 39.87128,
    "lng": 16.5342
  },
  {
    "name": "Tratalias",
    "country": "IT",
    "lat": 39.10347,
    "lng": 8.57858
  },
  {
    "name": "Trapani",
    "country": "IT",
    "lat": 38.0176,
    "lng": 12.53617
  },
  {
    "name": "Tramatza",
    "country": "IT",
    "lat": 40.00292,
    "lng": 8.64944
  },
  {
    "name": "Trabia",
    "country": "IT",
    "lat": 38.0042,
    "lng": 13.63393
  },
  {
    "name": "Truccazzano",
    "country": "IT",
    "lat": 45.48455,
    "lng": 9.4695
  },
  {
    "name": "Trovo",
    "country": "IT",
    "lat": 45.28296,
    "lng": 9.03545
  },
  {
    "name": "Troviggiano",
    "country": "IT",
    "lat": 43.37868,
    "lng": 13.25022
  },
  {
    "name": "Tronzano Vercellese",
    "country": "IT",
    "lat": 45.34226,
    "lng": 8.17368
  },
  {
    "name": "Tronzano Lago Maggiore",
    "country": "IT",
    "lat": 46.08871,
    "lng": 8.7331
  },
  {
    "name": "Tromello",
    "country": "IT",
    "lat": 45.2089,
    "lng": 8.87054
  },
  {
    "name": "Troia",
    "country": "IT",
    "lat": 41.36428,
    "lng": 15.3173
  },
  {
    "name": "Trofarello",
    "country": "IT",
    "lat": 44.98238,
    "lng": 7.74688
  },
  {
    "name": "Trodena",
    "country": "IT",
    "lat": 46.32181,
    "lng": 11.34982
  },
  {
    "name": "Trivigno",
    "country": "IT",
    "lat": 40.58015,
    "lng": 15.98857
  },
  {
    "name": "Trivignano Udinese",
    "country": "IT",
    "lat": 45.94601,
    "lng": 13.34019
  },
  {
    "name": "Trivero-Prativero-Ponzone",
    "country": "IT",
    "lat": 45.66047,
    "lng": 8.17402
  },
  {
    "name": "Trivento",
    "country": "IT",
    "lat": 41.77004,
    "lng": 14.54613
  },
  {
    "name": "Triuggio",
    "country": "IT",
    "lat": 45.66144,
    "lng": 9.26691
  },
  {
    "name": "Trissino",
    "country": "IT",
    "lat": 45.55994,
    "lng": 11.37678
  },
  {
    "name": "Trisobbio",
    "country": "IT",
    "lat": 44.66063,
    "lng": 8.58621
  },
  {
    "name": "Triora",
    "country": "IT",
    "lat": 43.99309,
    "lng": 7.76369
  },
  {
    "name": "Trino",
    "country": "IT",
    "lat": 45.19538,
    "lng": 8.29621
  },
  {
    "name": "Trinitapoli",
    "country": "IT",
    "lat": 41.35654,
    "lng": 16.08924
  },
  {
    "name": "Trinità d'Agultu e Vignola",
    "country": "IT",
    "lat": 40.98377,
    "lng": 8.91562
  },
  {
    "name": "Trinità",
    "country": "IT",
    "lat": 44.5073,
    "lng": 7.75637
  },
  {
    "name": "Trigolo",
    "country": "IT",
    "lat": 45.32997,
    "lng": 9.81415
  },
  {
    "name": "Triggiano",
    "country": "IT",
    "lat": 41.06549,
    "lng": 16.92501
  },
  {
    "name": "Trieste",
    "country": "IT",
    "lat": 45.64953,
    "lng": 13.77678
  },
  {
    "name": "Triei",
    "country": "IT",
    "lat": 40.03498,
    "lng": 9.63995
  },
  {
    "name": "Tricesimo",
    "country": "IT",
    "lat": 46.16058,
    "lng": 13.21566
  },
  {
    "name": "Tricerro",
    "country": "IT",
    "lat": 45.2357,
    "lng": 8.32746
  },
  {
    "name": "Tricarico",
    "country": "IT",
    "lat": 40.61458,
    "lng": 16.14259
  },
  {
    "name": "Tribiano",
    "country": "IT",
    "lat": 45.41323,
    "lng": 9.37693
  },
  {
    "name": "Tribano",
    "country": "IT",
    "lat": 45.20912,
    "lng": 11.83639
  },
  {
    "name": "Trezzo sull'Adda",
    "country": "IT",
    "lat": 45.60523,
    "lng": 9.51417
  },
  {
    "name": "Trezzano sul Naviglio",
    "country": "IT",
    "lat": 45.42212,
    "lng": 9.06342
  },
  {
    "name": "Trezzano Rosa",
    "country": "IT",
    "lat": 45.58228,
    "lng": 9.48567
  },
  {
    "name": "Treviso",
    "country": "IT",
    "lat": 45.66673,
    "lng": 12.2416
  },
  {
    "name": "Trevi nel Lazio",
    "country": "IT",
    "lat": 41.86258,
    "lng": 13.24793
  },
  {
    "name": "Trevignano Romano",
    "country": "IT",
    "lat": 42.1602,
    "lng": 12.23775
  },
  {
    "name": "Trevignano",
    "country": "IT",
    "lat": 45.7367,
    "lng": 12.06719
  },
  {
    "name": "Treviglio",
    "country": "IT",
    "lat": 45.52081,
    "lng": 9.59102
  },
  {
    "name": "Trevico",
    "country": "IT",
    "lat": 41.04808,
    "lng": 15.23292
  },
  {
    "name": "Trevi",
    "country": "IT",
    "lat": 42.87769,
    "lng": 12.74938
  },
  {
    "name": "Trevenzuolo",
    "country": "IT",
    "lat": 45.26974,
    "lng": 10.93386
  },
  {
    "name": "Tresnuraghes",
    "country": "IT",
    "lat": 40.25235,
    "lng": 8.52092
  },
  {
    "name": "Tresigallo-Final di Rero",
    "country": "IT",
    "lat": 44.81598,
    "lng": 11.89472
  },
  {
    "name": "Trescore Cremasco",
    "country": "IT",
    "lat": 45.40298,
    "lng": 9.62278
  },
  {
    "name": "Trescore Balneario",
    "country": "IT",
    "lat": 45.69409,
    "lng": 9.84173
  },
  {
    "name": "Trescine",
    "country": "IT",
    "lat": 41.02256,
    "lng": 14.62039
  },
  {
    "name": "Tres",
    "country": "IT",
    "lat": 46.32179,
    "lng": 11.09654
  },
  {
    "name": "Trequanda",
    "country": "IT",
    "lat": 43.18749,
    "lng": 11.66818
  },
  {
    "name": "Trepuzzi",
    "country": "IT",
    "lat": 40.40535,
    "lng": 18.07625
  },
  {
    "name": "Treppo Grande",
    "country": "IT",
    "lat": 46.19988,
    "lng": 13.1535
  },
  {
    "name": "Treponti",
    "country": "IT",
    "lat": 45.36727,
    "lng": 11.70905
  },
  {
    "name": "Trentola-Ducenta",
    "country": "IT",
    "lat": 40.97517,
    "lng": 14.1749
  },
  {
    "name": "Trento",
    "country": "IT",
    "lat": 46.06787,
    "lng": 11.12108
  },
  {
    "name": "Trentinara",
    "country": "IT",
    "lat": 40.39998,
    "lng": 15.11545
  },
  {
    "name": "Tremignon",
    "country": "IT",
    "lat": 45.52076,
    "lng": 11.80577
  },
  {
    "name": "Tremezzo",
    "country": "IT",
    "lat": 45.98423,
    "lng": 9.21613
  },
  {
    "name": "Tremenico",
    "country": "IT",
    "lat": 46.07592,
    "lng": 9.36602
  },
  {
    "name": "Treia",
    "country": "IT",
    "lat": 43.3085,
    "lng": 13.31036
  },
  {
    "name": "Tregnago",
    "country": "IT",
    "lat": 45.51397,
    "lng": 11.16421
  },
  {
    "name": "Treglio",
    "country": "IT",
    "lat": 42.26184,
    "lng": 14.42315
  },
  {
    "name": "Treggiaia",
    "country": "IT",
    "lat": 43.62305,
    "lng": 10.67325
  },
  {
    "name": "Tredozio",
    "country": "IT",
    "lat": 44.07958,
    "lng": 11.7414
  },
  {
    "name": "Trecenta",
    "country": "IT",
    "lat": 45.02937,
    "lng": 11.45931
  },
  {
    "name": "Trecchina",
    "country": "IT",
    "lat": 40.02611,
    "lng": 15.77585
  },
  {
    "name": "Trecate",
    "country": "IT",
    "lat": 45.43399,
    "lng": 8.7364
  },
  {
    "name": "Trecasali",
    "country": "IT",
    "lat": 44.93747,
    "lng": 10.27279
  },
  {
    "name": "Trebaseleghe",
    "country": "IT",
    "lat": 45.59295,
    "lng": 12.04392
  },
  {
    "name": "Travo",
    "country": "IT",
    "lat": 44.86321,
    "lng": 9.5443
  },
  {
    "name": "Travesio",
    "country": "IT",
    "lat": 46.19667,
    "lng": 12.8674
  },
  {
    "name": "Traversetolo",
    "country": "IT",
    "lat": 44.64244,
    "lng": 10.38036
  },
  {
    "name": "Traversella",
    "country": "IT",
    "lat": 45.50907,
    "lng": 7.74938
  },
  {
    "name": "Travedona Monate",
    "country": "IT",
    "lat": 45.80427,
    "lng": 8.67143
  },
  {
    "name": "Travagliato",
    "country": "IT",
    "lat": 45.52391,
    "lng": 10.08013
  },
  {
    "name": "Trasaghis",
    "country": "IT",
    "lat": 46.28164,
    "lng": 13.07545
  },
  {
    "name": "Trasacco",
    "country": "IT",
    "lat": 41.95742,
    "lng": 13.5327
  },
  {
    "name": "Trarivi",
    "country": "IT",
    "lat": 43.93672,
    "lng": 12.544
  },
  {
    "name": "Trarego",
    "country": "IT",
    "lat": 46.03435,
    "lng": 8.66998
  },
  {
    "name": "Traona",
    "country": "IT",
    "lat": 46.14737,
    "lng": 9.53256
  },
  {
    "name": "Transacqua",
    "country": "IT",
    "lat": 46.17367,
    "lng": 11.83279
  },
  {
    "name": "Trani",
    "country": "IT",
    "lat": 41.27733,
    "lng": 16.41011
  },
  {
    "name": "Trana",
    "country": "IT",
    "lat": 45.03862,
    "lng": 7.421
  },
  {
    "name": "Tramutola",
    "country": "IT",
    "lat": 40.31858,
    "lng": 15.78753
  },
  {
    "name": "Tramonti di Sopra",
    "country": "IT",
    "lat": 46.31023,
    "lng": 12.78994
  },
  {
    "name": "Tramonti",
    "country": "IT",
    "lat": 40.69154,
    "lng": 14.6449
  },
  {
    "name": "Tragliatella Campitello",
    "country": "IT",
    "lat": 42.01334,
    "lng": 12.252
  },
  {
    "name": "Tradate",
    "country": "IT",
    "lat": 45.70843,
    "lng": 8.90763
  },
  {
    "name": "Trebbio",
    "country": "IT",
    "lat": 43.03685,
    "lng": 13.15394
  },
  {
    "name": "Trivignano",
    "country": "IT",
    "lat": 45.53197,
    "lng": 12.18687
  },
  {
    "name": "Trichiana",
    "country": "IT",
    "lat": 46.0813,
    "lng": 12.14091
  },
  {
    "name": "Tramonti di Sotto",
    "country": "IT",
    "lat": 46.28475,
    "lng": 12.79644
  },
  {
    "name": "Treviolo",
    "country": "IT",
    "lat": 45.67368,
    "lng": 9.61195
  },
  {
    "name": "Tremestieri Etneo",
    "country": "IT",
    "lat": 37.56494,
    "lng": 15.07863
  },
  {
    "name": "Trecase",
    "country": "IT",
    "lat": 40.76941,
    "lng": 14.43773
  },
  {
    "name": "Traves",
    "country": "IT",
    "lat": 45.26795,
    "lng": 7.43081
  },
  {
    "name": "Tresivio",
    "country": "IT",
    "lat": 46.17569,
    "lng": 9.94255
  },
  {
    "name": "Trezzone",
    "country": "IT",
    "lat": 46.17159,
    "lng": 9.35184
  },
  {
    "name": "Trambileno",
    "country": "IT",
    "lat": 45.8689,
    "lng": 11.07338
  },
  {
    "name": "Travacò Siccomario",
    "country": "IT",
    "lat": 45.14906,
    "lng": 9.15965
  },
  {
    "name": "Tresana",
    "country": "IT",
    "lat": 44.25425,
    "lng": 9.91288
  },
  {
    "name": "Tribogna",
    "country": "IT",
    "lat": 44.41655,
    "lng": 9.19557
  },
  {
    "name": "Trebbio",
    "country": "IT",
    "lat": 45.71289,
    "lng": 10.46137
  },
  {
    "name": "Treville",
    "country": "IT",
    "lat": 45.09685,
    "lng": 8.35954
  },
  {
    "name": "Trenzano",
    "country": "IT",
    "lat": 45.47728,
    "lng": 10.01066
  },
  {
    "name": "Trivolzio",
    "country": "IT",
    "lat": 45.25846,
    "lng": 9.04275
  },
  {
    "name": "Treiso",
    "country": "IT",
    "lat": 44.68974,
    "lng": 8.08814
  },
  {
    "name": "Trezzo Tinella",
    "country": "IT",
    "lat": 44.67704,
    "lng": 8.10754
  },
  {
    "name": "Treppo Carnico",
    "country": "IT",
    "lat": 46.53323,
    "lng": 13.04292
  },
  {
    "name": "Trivigliano",
    "country": "IT",
    "lat": 41.77572,
    "lng": 13.2723
  },
  {
    "name": "Trappeto",
    "country": "IT",
    "lat": 38.06875,
    "lng": 13.03794
  },
  {
    "name": "Trasquera",
    "country": "IT",
    "lat": 46.21338,
    "lng": 8.21271
  },
  {
    "name": "Trontano",
    "country": "IT",
    "lat": 46.12248,
    "lng": 8.33322
  },
  {
    "name": "Trausella",
    "country": "IT",
    "lat": 45.48996,
    "lng": 7.76312
  },
  {
    "name": "Trebbo",
    "country": "IT",
    "lat": 44.55629,
    "lng": 11.31901
  },
  {
    "name": "Trinità d'Agultu",
    "country": "IT",
    "lat": 40.98589,
    "lng": 8.91377
  },
  {
    "name": "Triscina",
    "country": "IT",
    "lat": 37.58717,
    "lng": 12.78912
  },
  {
    "name": "Trodica",
    "country": "IT",
    "lat": 43.27458,
    "lng": 13.59369
  },
  {
    "name": "Trestina",
    "country": "IT",
    "lat": 43.36597,
    "lng": 12.23701
  },
  {
    "name": "Tre Fontane",
    "country": "IT",
    "lat": 37.56989,
    "lng": 12.72423
  },
  {
    "name": "Trecella",
    "country": "IT",
    "lat": 45.51498,
    "lng": 9.47905
  },
  {
    "name": "Tregasio",
    "country": "IT",
    "lat": 45.67771,
    "lng": 9.28806
  },
  {
    "name": "Tronca",
    "country": "IT",
    "lat": 39.24617,
    "lng": 17.10582
  },
  {
    "name": "Triginto",
    "country": "IT",
    "lat": 45.40223,
    "lng": 9.32512
  },
  {
    "name": "Trinity",
    "country": "JE",
    "lat": 49.23408,
    "lng": -2.09272
  },
  {
    "name": "Trinity Ville",
    "country": "JM",
    "lat": 17.96076,
    "lng": -76.51427
  },
  {
    "name": "Trapeang Chan",
    "country": "KH",
    "lat": 12.47191,
    "lng": 104.41047
  },
  {
    "name": "Trapeang Prasat",
    "country": "KH",
    "lat": 14.18689,
    "lng": 104.35533
  },
  {
    "name": "Trapeang Sala Khang Lech",
    "country": "KH",
    "lat": 10.71711,
    "lng": 104.60013
  },
  {
    "name": "Trapeang Sala Khang Kaeut",
    "country": "KH",
    "lat": 10.70395,
    "lng": 104.6197
  },
  {
    "name": "Tram Kak",
    "country": "KH",
    "lat": 11.01173,
    "lng": 104.67631
  },
  {
    "name": "Trinity",
    "country": "KN",
    "lat": 17.30037,
    "lng": -62.77584
  },
  {
    "name": "Tropical Gardens",
    "country": "KY",
    "lat": 19.29124,
    "lng": -81.34894
  },
  {
    "name": "Troyebratskiy",
    "country": "KZ",
    "lat": 54.44306,
    "lng": 66.07982
  },
  {
    "name": "Tripoli",
    "country": "LB",
    "lat": 34.43352,
    "lng": 35.84415
  },
  {
    "name": "Triesenberg",
    "country": "LI",
    "lat": 47.11815,
    "lng": 9.54197
  },
  {
    "name": "Triesen",
    "country": "LI",
    "lat": 47.10752,
    "lng": 9.52815
  },
  {
    "name": "Trincomalee",
    "country": "LK",
    "lat": 8.5778,
    "lng": 81.2289
  },
  {
    "name": "Trakai",
    "country": "LT",
    "lat": 54.63783,
    "lng": 24.93433
  },
  {
    "name": "Troisvierges",
    "country": "LU",
    "lat": 50.12111,
    "lng": 6.00028
  },
  {
    "name": "Tripoli",
    "country": "LY",
    "lat": 32.88743,
    "lng": 13.18733
  },
  {
    "name": "Tranovaho",
    "country": "MG",
    "lat": -25.3,
    "lng": 44.96667
  },
  {
    "name": "Trou aux Biches",
    "country": "MU",
    "lat": -20.03301,
    "lng": 57.55033
  },
  {
    "name": "Triolet",
    "country": "MU",
    "lat": -20.0576,
    "lng": 57.55025
  },
  {
    "name": "Trinidad de Viguera",
    "country": "MX",
    "lat": 17.13059,
    "lng": -96.75025
  },
  {
    "name": "Trinidad Zaachila",
    "country": "MX",
    "lat": 16.92135,
    "lng": -96.76384
  },
  {
    "name": "Tres Zapotes",
    "country": "MX",
    "lat": 18.46827,
    "lng": -95.4371
  },
  {
    "name": "Tres Picos",
    "country": "MX",
    "lat": 15.88209,
    "lng": -93.52867
  },
  {
    "name": "Trapiche del Rosario",
    "country": "MX",
    "lat": 19.54306,
    "lng": -96.74111
  },
  {
    "name": "Transfiguración",
    "country": "MX",
    "lat": 19.57712,
    "lng": -99.41951
  },
  {
    "name": "Transito Tular",
    "country": "MX",
    "lat": 18.33849,
    "lng": -93.40283
  },
  {
    "name": "Tres Bocas 1ra. Sección",
    "country": "MX",
    "lat": 17.93231,
    "lng": -93.87444
  },
  {
    "name": "Tres Palos",
    "country": "MX",
    "lat": 16.82959,
    "lng": -99.77813
  },
  {
    "name": "Tronconal",
    "country": "MX",
    "lat": 19.56404,
    "lng": -96.86324
  },
  {
    "name": "Trapiche Viejo",
    "country": "MX",
    "lat": 18.84306,
    "lng": -96.94556
  },
  {
    "name": "Tres Marías",
    "country": "MX",
    "lat": 19.0549,
    "lng": -99.24301
  },
  {
    "name": "Tres Garantías",
    "country": "MX",
    "lat": 25.88546,
    "lng": -108.71837
  },
  {
    "name": "Tres Mezquites",
    "country": "MX",
    "lat": 20.26203,
    "lng": -101.62735
  },
  {
    "name": "Trejos",
    "country": "MX",
    "lat": 20.79291,
    "lng": -103.19407
  },
  {
    "name": "Trapiche de Abra",
    "country": "MX",
    "lat": 20.53958,
    "lng": -103.81977
  },
  {
    "name": "Trancoso",
    "country": "MX",
    "lat": 22.73566,
    "lng": -102.36588
  },
  {
    "name": "Trincheras",
    "country": "MX",
    "lat": 30.39779,
    "lng": -111.53079
  },
  {
    "name": "Transporte",
    "country": "MX",
    "lat": 25.63599,
    "lng": -103.54179
  },
  {
    "name": "Tres Estrellas",
    "country": "MX",
    "lat": 19.58697,
    "lng": -100.02281
  },
  {
    "name": "Tres de Mayo",
    "country": "MX",
    "lat": 18.86861,
    "lng": -99.20833
  },
  {
    "name": "Tronconal",
    "country": "MX",
    "lat": 18.805,
    "lng": -98.48361
  },
  {
    "name": "Tres Cerros",
    "country": "MX",
    "lat": 16.91556,
    "lng": -92.47278
  },
  {
    "name": "Tres Valles",
    "country": "MX",
    "lat": 18.23915,
    "lng": -96.13569
  },
  {
    "name": "Trusan",
    "country": "MY",
    "lat": 4.7849,
    "lng": 115.2728
  },
  {
    "name": "Tropicana Indah",
    "country": "MY",
    "lat": 3.14165,
    "lng": 101.59089
  },
  {
    "name": "Trianon",
    "country": "NC",
    "lat": -22.2871,
    "lng": 166.44913
  },
  {
    "name": "Tricht",
    "country": "NL",
    "lat": 51.89083,
    "lng": 5.26806
  },
  {
    "name": "Trondheim",
    "country": "NO",
    "lat": 63.43049,
    "lng": 10.39506
  },
  {
    "name": "Tromsø",
    "country": "NO",
    "lat": 69.6489,
    "lng": 18.95508
  },
  {
    "name": "Tromsdalen",
    "country": "NO",
    "lat": 69.65,
    "lng": 19.01667
  },
  {
    "name": "Trofors",
    "country": "NO",
    "lat": 65.53335,
    "lng": 13.40631
  },
  {
    "name": "Treungen",
    "country": "NO",
    "lat": 59.02064,
    "lng": 8.5202
  },
  {
    "name": "Tretten",
    "country": "NO",
    "lat": 61.31423,
    "lng": 10.30066
  },
  {
    "name": "Tranby",
    "country": "NO",
    "lat": 59.8085,
    "lng": 10.26114
  },
  {
    "name": "Trøim",
    "country": "NO",
    "lat": 60.86114,
    "lng": 8.56537
  },
  {
    "name": "Triyuga",
    "country": "NP",
    "lat": 26.7919,
    "lng": 86.699
  },
  {
    "name": "Tres Quebradas",
    "country": "PA",
    "lat": 7.84018,
    "lng": -80.4074
  },
  {
    "name": "Trujillo",
    "country": "PE",
    "lat": -8.11599,
    "lng": -79.02998
  },
  {
    "name": "Trompeteros",
    "country": "PE",
    "lat": -3.81417,
    "lng": -75.05833
  },
  {
    "name": "Trinidad",
    "country": "PE",
    "lat": -7.34911,
    "lng": -79.02993
  },
  {
    "name": "Tres Unidos",
    "country": "PE",
    "lat": -6.80694,
    "lng": -76.22944
  },
  {
    "name": "Tres de Diciembre",
    "country": "PE",
    "lat": -12.10975,
    "lng": -75.24567
  },
  {
    "name": "Trinidad",
    "country": "PH",
    "lat": 10.07955,
    "lng": 124.34324
  },
  {
    "name": "Trento",
    "country": "PH",
    "lat": 8.04583,
    "lng": 126.06361
  },
  {
    "name": "Trapiche",
    "country": "PH",
    "lat": 10.68417,
    "lng": 122.43222
  },
  {
    "name": "Tranca",
    "country": "PH",
    "lat": 14.11815,
    "lng": 121.05741
  },
  {
    "name": "Tran",
    "country": "PH",
    "lat": 6.72028,
    "lng": 124.055
  },
  {
    "name": "Trzydnik Duży",
    "country": "PL",
    "lat": 50.84887,
    "lng": 22.13359
  },
  {
    "name": "Trzemeśnia",
    "country": "PL",
    "lat": 49.82752,
    "lng": 20.02207
  },
  {
    "name": "Trzebownisko",
    "country": "PL",
    "lat": 50.07829,
    "lng": 22.03712
  },
  {
    "name": "Trzebieszów",
    "country": "PL",
    "lat": 51.99006,
    "lng": 22.55502
  },
  {
    "name": "Trzcinica",
    "country": "PL",
    "lat": 49.74301,
    "lng": 21.4175
  },
  {
    "name": "Trzciana",
    "country": "PL",
    "lat": 50.30771,
    "lng": 21.33725
  },
  {
    "name": "Trzciana",
    "country": "PL",
    "lat": 50.0719,
    "lng": 21.8385
  },
  {
    "name": "Trzciana",
    "country": "PL",
    "lat": 49.84485,
    "lng": 20.37415
  },
  {
    "name": "Tryńcza",
    "country": "PL",
    "lat": 50.16087,
    "lng": 22.55008
  },
  {
    "name": "Truskaw",
    "country": "PL",
    "lat": 52.30124,
    "lng": 20.78244
  },
  {
    "name": "Troszyn",
    "country": "PL",
    "lat": 53.03115,
    "lng": 21.73083
  },
  {
    "name": "Trojanów",
    "country": "PL",
    "lat": 51.69225,
    "lng": 21.81112
  },
  {
    "name": "Trawniki",
    "country": "PL",
    "lat": 51.13633,
    "lng": 22.99816
  },
  {
    "name": "Trablice",
    "country": "PL",
    "lat": 51.35249,
    "lng": 21.12877
  },
  {
    "name": "Trąbki",
    "country": "PL",
    "lat": 51.94792,
    "lng": 21.59929
  },
  {
    "name": "Trąbki",
    "country": "PL",
    "lat": 49.96226,
    "lng": 20.1424
  },
  {
    "name": "Trzemeszno",
    "country": "PL",
    "lat": 52.56139,
    "lng": 17.82311
  },
  {
    "name": "Trzebunia",
    "country": "PL",
    "lat": 49.79146,
    "lng": 19.84715
  },
  {
    "name": "Trzebnica",
    "country": "PL",
    "lat": 51.31076,
    "lng": 17.06331
  },
  {
    "name": "Trzebinia",
    "country": "PL",
    "lat": 50.15931,
    "lng": 19.46966
  },
  {
    "name": "Trzebinia",
    "country": "PL",
    "lat": 49.65024,
    "lng": 19.22264
  },
  {
    "name": "Trzebież",
    "country": "PL",
    "lat": 53.6597,
    "lng": 14.51577
  },
  {
    "name": "Trzebielino",
    "country": "PL",
    "lat": 54.19996,
    "lng": 17.08726
  },
  {
    "name": "Trzebiel",
    "country": "PL",
    "lat": 51.63496,
    "lng": 14.81609
  },
  {
    "name": "Trzebiechów",
    "country": "PL",
    "lat": 52.02113,
    "lng": 15.7362
  },
  {
    "name": "Trzebiatów",
    "country": "PL",
    "lat": 54.06147,
    "lng": 15.26475
  },
  {
    "name": "Trzcińsko Zdrój",
    "country": "PL",
    "lat": 52.96487,
    "lng": 14.60667
  },
  {
    "name": "Trzcinica",
    "country": "PL",
    "lat": 51.16707,
    "lng": 18.00453
  },
  {
    "name": "Trzciel",
    "country": "PL",
    "lat": 52.36504,
    "lng": 15.87306
  },
  {
    "name": "Trzcianka",
    "country": "PL",
    "lat": 53.04063,
    "lng": 16.45629
  },
  {
    "name": "Truskolasy",
    "country": "PL",
    "lat": 50.86692,
    "lng": 18.82705
  },
  {
    "name": "Trąbki Wielkie",
    "country": "PL",
    "lat": 54.17062,
    "lng": 18.54003
  },
  {
    "name": "Trujillo Alto",
    "country": "PR",
    "lat": 18.35467,
    "lng": -66.00739
  },
  {
    "name": "Tramagal",
    "country": "PT",
    "lat": 39.45,
    "lng": -8.25
  },
  {
    "name": "Trafaria",
    "country": "PT",
    "lat": 38.67222,
    "lng": -9.23268
  },
  {
    "name": "Trofa",
    "country": "PT",
    "lat": 41.33729,
    "lng": -8.5596
  },
  {
    "name": "Treixedo",
    "country": "PT",
    "lat": 40.43246,
    "lng": -8.09428
  },
  {
    "name": "Travanca",
    "country": "PT",
    "lat": 40.32357,
    "lng": -8.18687
  },
  {
    "name": "Trancoso",
    "country": "PT",
    "lat": 40.78329,
    "lng": -7.35016
  },
  {
    "name": "Trinidad",
    "country": "PY",
    "lat": -27.13103,
    "lng": -55.70584
  },
  {
    "name": "Truşeşti",
    "country": "RO",
    "lat": 47.76667,
    "lng": 27.01667
  },
  {
    "name": "Troianul",
    "country": "RO",
    "lat": 44.0,
    "lng": 25.0
  },
  {
    "name": "Trivalea-Moşteni",
    "country": "RO",
    "lat": 44.26667,
    "lng": 25.23333
  },
  {
    "name": "Tritenii de Sus",
    "country": "RO",
    "lat": 46.60544,
    "lng": 23.99849
  },
  {
    "name": "Tritenii de Jos",
    "country": "RO",
    "lat": 46.58333,
    "lng": 24.0
  },
  {
    "name": "Trip",
    "country": "RO",
    "lat": 47.9245,
    "lng": 23.37648
  },
  {
    "name": "Trifeşti",
    "country": "RO",
    "lat": 47.45,
    "lng": 27.51667
  },
  {
    "name": "Trifeşti",
    "country": "RO",
    "lat": 46.91667,
    "lng": 26.81667
  },
  {
    "name": "Treznea",
    "country": "RO",
    "lat": 47.1,
    "lng": 23.11667
  },
  {
    "name": "Trestieni",
    "country": "RO",
    "lat": 44.50449,
    "lng": 25.75789
  },
  {
    "name": "Trei Sate",
    "country": "RO",
    "lat": 46.47572,
    "lng": 24.89855
  },
  {
    "name": "Trăisteni",
    "country": "RO",
    "lat": 45.33857,
    "lng": 25.72767
  },
  {
    "name": "Traian Vuia",
    "country": "RO",
    "lat": 45.8,
    "lng": 22.06667
  },
  {
    "name": "Traian",
    "country": "RO",
    "lat": 46.9914,
    "lng": 26.90438
  },
  {
    "name": "Traian",
    "country": "RO",
    "lat": 46.83335,
    "lng": 26.57655
  },
  {
    "name": "Traian",
    "country": "RO",
    "lat": 46.63333,
    "lng": 27.03333
  },
  {
    "name": "Traian",
    "country": "RO",
    "lat": 45.18333,
    "lng": 27.73333
  },
  {
    "name": "Traian",
    "country": "RO",
    "lat": 45.02876,
    "lng": 28.23518
  },
  {
    "name": "Traian",
    "country": "RO",
    "lat": 44.7635,
    "lng": 27.34337
  },
  {
    "name": "Traian",
    "country": "RO",
    "lat": 44.01667,
    "lng": 24.45
  },
  {
    "name": "Traian",
    "country": "RO",
    "lat": 43.76667,
    "lng": 25.0
  },
  {
    "name": "Trestiana",
    "country": "RO",
    "lat": 46.2,
    "lng": 27.65
  },
  {
    "name": "Trstenik",
    "country": "RS",
    "lat": 43.61694,
    "lng": 21.0025
  },
  {
    "name": "Trgovište",
    "country": "RS",
    "lat": 42.36417,
    "lng": 22.0825
  },
  {
    "name": "Tršić",
    "country": "RS",
    "lat": 44.49502,
    "lng": 19.2649
  },
  {
    "name": "Trunovskoye",
    "country": "RU",
    "lat": 45.48778,
    "lng": 42.13583
  },
  {
    "name": "Trudobelikovskiy",
    "country": "RU",
    "lat": 45.26853,
    "lng": 38.15376
  },
  {
    "name": "Trudfront",
    "country": "RU",
    "lat": 45.9346,
    "lng": 47.66929
  },
  {
    "name": "Trubchevsk",
    "country": "RU",
    "lat": 52.58031,
    "lng": 33.76574
  },
  {
    "name": "Troyel’ga",
    "country": "RU",
    "lat": 57.4642,
    "lng": 56.5362
  },
  {
    "name": "Trosna",
    "country": "RU",
    "lat": 52.44482,
    "lng": 35.78014
  },
  {
    "name": "Troparëvo",
    "country": "RU",
    "lat": 55.65625,
    "lng": 37.48496
  },
  {
    "name": "Troitskoye",
    "country": "RU",
    "lat": 55.3,
    "lng": 38.53333
  },
  {
    "name": "Troitskoye",
    "country": "RU",
    "lat": 46.41303,
    "lng": 44.25788
  },
  {
    "name": "Troitskoye",
    "country": "RU",
    "lat": 43.76219,
    "lng": 44.68415
  },
  {
    "name": "Troitsko-Pechorsk",
    "country": "RU",
    "lat": 62.71934,
    "lng": 56.17172
  },
  {
    "name": "Troitskiy",
    "country": "RU",
    "lat": 51.35885,
    "lng": 37.5253
  },
  {
    "name": "Troitskaya",
    "country": "RU",
    "lat": 45.13493,
    "lng": 38.12544
  },
  {
    "name": "Troitskaya",
    "country": "RU",
    "lat": 43.30664,
    "lng": 44.98395
  },
  {
    "name": "Troitsk",
    "country": "RU",
    "lat": 55.48498,
    "lng": 37.30736
  },
  {
    "name": "Tretiy Severnyy",
    "country": "RU",
    "lat": 60.20861,
    "lng": 59.96111
  },
  {
    "name": "Trëkhgornyy",
    "country": "RU",
    "lat": 54.81716,
    "lng": 58.44753
  },
  {
    "name": "Trudarmeyskiy",
    "country": "RU",
    "lat": 54.132,
    "lng": 86.4098
  },
  {
    "name": "Troitsk",
    "country": "RU",
    "lat": 55.70128,
    "lng": 72.23369
  },
  {
    "name": "Troitskoye",
    "country": "RU",
    "lat": 52.9826,
    "lng": 84.68031
  },
  {
    "name": "Troitskiy",
    "country": "RU",
    "lat": 57.06028,
    "lng": 63.74811
  },
  {
    "name": "Troitsk",
    "country": "RU",
    "lat": 54.09224,
    "lng": 61.56756
  },
  {
    "name": "Trudovoye",
    "country": "RU",
    "lat": 43.30268,
    "lng": 132.07888
  },
  {
    "name": "Troitskoye",
    "country": "RU",
    "lat": 49.44131,
    "lng": 136.54778
  },
  {
    "name": "Troitskoye",
    "country": "RU",
    "lat": 46.92025,
    "lng": 142.63759
  },
  {
    "name": "Trosa",
    "country": "SE",
    "lat": 58.89621,
    "lng": 17.54812
  },
  {
    "name": "Trönninge",
    "country": "SE",
    "lat": 56.61667,
    "lng": 12.93333
  },
  {
    "name": "Trollhättan",
    "country": "SE",
    "lat": 58.28365,
    "lng": 12.28864
  },
  {
    "name": "Trelleborg",
    "country": "SE",
    "lat": 55.37514,
    "lng": 13.15691
  },
  {
    "name": "Trekanten",
    "country": "SE",
    "lat": 56.7,
    "lng": 16.11667
  },
  {
    "name": "Träslövsläge",
    "country": "SE",
    "lat": 57.05417,
    "lng": 12.27899
  },
  {
    "name": "Tranemo",
    "country": "SE",
    "lat": 57.48333,
    "lng": 13.35
  },
  {
    "name": "Tranås",
    "country": "SE",
    "lat": 58.03717,
    "lng": 14.9782
  },
  {
    "name": "Trzin",
    "country": "SI",
    "lat": 46.13637,
    "lng": 14.56167
  },
  {
    "name": "Tržič",
    "country": "SI",
    "lat": 46.36357,
    "lng": 14.31046
  },
  {
    "name": "Trnovska Vas",
    "country": "SI",
    "lat": 46.52019,
    "lng": 15.88657
  },
  {
    "name": "Trnovlje pri Celju",
    "country": "SI",
    "lat": 46.25667,
    "lng": 15.29528
  },
  {
    "name": "Trebnje",
    "country": "SI",
    "lat": 45.90424,
    "lng": 15.02238
  },
  {
    "name": "Trbovlje",
    "country": "SI",
    "lat": 46.1541,
    "lng": 15.05178
  },
  {
    "name": "Trhovište",
    "country": "SK",
    "lat": 48.69822,
    "lng": 21.80465
  },
  {
    "name": "Trebišov",
    "country": "SK",
    "lat": 48.62858,
    "lng": 21.71954
  },
  {
    "name": "Trstín",
    "country": "SK",
    "lat": 48.52684,
    "lng": 17.4657
  },
  {
    "name": "Trstice",
    "country": "SK",
    "lat": 48.01446,
    "lng": 17.80843
  },
  {
    "name": "Trstená",
    "country": "SK",
    "lat": 49.36101,
    "lng": 19.61249
  },
  {
    "name": "Trnava",
    "country": "SK",
    "lat": 48.37773,
    "lng": 17.58603
  },
  {
    "name": "Trhová Hradská",
    "country": "SK",
    "lat": 47.98995,
    "lng": 17.76109
  },
  {
    "name": "Trenčín",
    "country": "SK",
    "lat": 48.89452,
    "lng": 18.04436
  },
  {
    "name": "Trenčianske Teplice",
    "country": "SK",
    "lat": 48.91063,
    "lng": 18.16691
  },
  {
    "name": "Trindade",
    "country": "ST",
    "lat": 0.29667,
    "lng": 6.68139
  },
  {
    "name": "Tremseh",
    "country": "SY",
    "lat": 35.27181,
    "lng": 36.50395
  },
  {
    "name": "Trang",
    "country": "TH",
    "lat": 7.55633,
    "lng": 99.61141
  },
  {
    "name": "Tron",
    "country": "TH",
    "lat": 17.48181,
    "lng": 100.11281
  },
  {
    "name": "Trat",
    "country": "TH",
    "lat": 12.24364,
    "lng": 102.51514
  },
  {
    "name": "Trakan Phut Phon",
    "country": "TH",
    "lat": 15.61183,
    "lng": 105.02147
  },
  {
    "name": "Trabzon",
    "country": "TR",
    "lat": 41.005,
    "lng": 39.72694
  },
  {
    "name": "Truskavets",
    "country": "UA",
    "lat": 49.27832,
    "lng": 23.50998
  },
  {
    "name": "Trudove",
    "country": "UA",
    "lat": 45.61865,
    "lng": 29.39804
  },
  {
    "name": "Troyitske",
    "country": "UA",
    "lat": 47.6394,
    "lng": 30.29025
  },
  {
    "name": "Trostianets",
    "country": "UA",
    "lat": 50.48478,
    "lng": 34.96567
  },
  {
    "name": "Trostyanets",
    "country": "UA",
    "lat": 48.50915,
    "lng": 29.22742
  },
  {
    "name": "Troitske",
    "country": "UA",
    "lat": 49.91454,
    "lng": 38.29265
  },
  {
    "name": "Troyitske",
    "country": "UA",
    "lat": 47.3349,
    "lng": 31.73802
  },
  {
    "name": "Troyitske",
    "country": "UA",
    "lat": 46.54168,
    "lng": 30.02346
  },
  {
    "name": "Troyitsko-Safonove",
    "country": "UA",
    "lat": 47.67612,
    "lng": 32.86596
  },
  {
    "name": "Trypillia",
    "country": "UA",
    "lat": 50.11802,
    "lng": 30.78141
  },
  {
    "name": "Trykraty",
    "country": "UA",
    "lat": 47.71678,
    "lng": 31.4064
  },
  {
    "name": "Trykhaty",
    "country": "UA",
    "lat": 47.13985,
    "lng": 31.82077
  },
  {
    "name": "Tryduby",
    "country": "UA",
    "lat": 48.07558,
    "lng": 30.41274
  },
  {
    "name": "Trokhizbenka",
    "country": "UA",
    "lat": 48.75739,
    "lng": 38.96507
  },
  {
    "name": "Trebukhiv",
    "country": "UA",
    "lat": 50.48432,
    "lng": 30.90304
  },
  {
    "name": "Trapivka",
    "country": "UA",
    "lat": 45.794,
    "lng": 29.69931
  },
  {
    "name": "Trybukhivtsi",
    "country": "UA",
    "lat": 49.04099,
    "lng": 25.45551
  },
  {
    "name": "Trudovoye",
    "country": "UA",
    "lat": 45.23797,
    "lng": 33.75836
  },
  {
    "name": "Trudovoye",
    "country": "UA",
    "lat": 44.99133,
    "lng": 34.20311
  },
  {
    "name": "Troiandove",
    "country": "UA",
    "lat": 46.89371,
    "lng": 30.85753
  },
  {
    "name": "Trinity",
    "country": "US",
    "lat": 28.18085,
    "lng": -82.68177
  },
  {
    "name": "Trinity",
    "country": "US",
    "lat": 34.60676,
    "lng": -87.08835
  },
  {
    "name": "Troy",
    "country": "US",
    "lat": 31.80877,
    "lng": -85.96995
  },
  {
    "name": "Trussville",
    "country": "US",
    "lat": 33.61983,
    "lng": -86.60888
  },
  {
    "name": "Trumann",
    "country": "US",
    "lat": 35.67369,
    "lng": -90.50733
  },
  {
    "name": "Treasure Island",
    "country": "US",
    "lat": 27.76919,
    "lng": -82.76899
  },
  {
    "name": "Trenton",
    "country": "US",
    "lat": 29.61329,
    "lng": -82.81762
  },
  {
    "name": "Trenton",
    "country": "US",
    "lat": 34.87202,
    "lng": -85.50913
  },
  {
    "name": "Trion",
    "country": "US",
    "lat": 34.54397,
    "lng": -85.31051
  },
  {
    "name": "Trenton",
    "country": "US",
    "lat": 38.6056,
    "lng": -89.68204
  },
  {
    "name": "Troy",
    "country": "US",
    "lat": 38.72921,
    "lng": -89.88315
  },
  {
    "name": "Trafalgar",
    "country": "US",
    "lat": 39.41616,
    "lng": -86.15082
  },
  {
    "name": "Troy",
    "country": "US",
    "lat": 39.78305,
    "lng": -95.08997
  },
  {
    "name": "Trappe",
    "country": "US",
    "lat": 38.65845,
    "lng": -76.058
  },
  {
    "name": "Travilah",
    "country": "US",
    "lat": 39.069,
    "lng": -77.26304
  },
  {
    "name": "Troy",
    "country": "US",
    "lat": 38.97949,
    "lng": -90.9807
  },
  {
    "name": "Trent Woods",
    "country": "US",
    "lat": 35.0821,
    "lng": -77.08634
  },
  {
    "name": "Trenton",
    "country": "US",
    "lat": 35.0671,
    "lng": -77.35274
  },
  {
    "name": "Trinity",
    "country": "US",
    "lat": 35.89458,
    "lng": -79.99087
  },
  {
    "name": "Troutman",
    "country": "US",
    "lat": 35.70069,
    "lng": -80.88813
  },
  {
    "name": "Troy",
    "country": "US",
    "lat": 35.35847,
    "lng": -79.89449
  },
  {
    "name": "Tryon",
    "country": "US",
    "lat": 35.20817,
    "lng": -82.23845
  },
  {
    "name": "Tryon",
    "country": "US",
    "lat": 35.33986,
    "lng": -81.32203
  },
  {
    "name": "Trenton",
    "country": "US",
    "lat": 39.48089,
    "lng": -84.45772
  },
  {
    "name": "Trotwood",
    "country": "US",
    "lat": 39.79728,
    "lng": -84.31133
  },
  {
    "name": "Trainer",
    "country": "US",
    "lat": 39.82761,
    "lng": -75.41436
  },
  {
    "name": "Travelers Rest",
    "country": "US",
    "lat": 34.96762,
    "lng": -82.44345
  },
  {
    "name": "Tracy City",
    "country": "US",
    "lat": 35.26036,
    "lng": -85.73608
  },
  {
    "name": "Trenton",
    "country": "US",
    "lat": 35.98062,
    "lng": -88.94145
  },
  {
    "name": "Troy",
    "country": "US",
    "lat": 36.33868,
    "lng": -89.16396
  },
  {
    "name": "Trinity",
    "country": "US",
    "lat": 30.94519,
    "lng": -95.3755
  },
  {
    "name": "Trophy Club",
    "country": "US",
    "lat": 32.9979,
    "lng": -97.18362
  },
  {
    "name": "Troup",
    "country": "US",
    "lat": 32.1446,
    "lng": -95.1205
  },
  {
    "name": "Troy",
    "country": "US",
    "lat": 31.20684,
    "lng": -97.30278
  },
  {
    "name": "Triangle",
    "country": "US",
    "lat": 38.54679,
    "lng": -77.33665
  },
  {
    "name": "Trumbull",
    "country": "US",
    "lat": 41.24287,
    "lng": -73.20067
  },
  {
    "name": "Traer",
    "country": "US",
    "lat": 42.1936,
    "lng": -92.46547
  },
  {
    "name": "Tripoli",
    "country": "US",
    "lat": 42.80804,
    "lng": -92.25823
  },
  {
    "name": "Tremont",
    "country": "US",
    "lat": 40.52754,
    "lng": -89.4926
  },
  {
    "name": "Trail Creek",
    "country": "US",
    "lat": 41.69837,
    "lng": -86.8592
  },
  {
    "name": "Tri-Lakes",
    "country": "US",
    "lat": 41.24588,
    "lng": -85.44192
  },
  {
    "name": "Truro",
    "country": "US",
    "lat": 41.99344,
    "lng": -70.04975
  },
  {
    "name": "Tremont",
    "country": "US",
    "lat": 44.25369,
    "lng": -68.35141
  },
  {
    "name": "Trenton",
    "country": "US",
    "lat": 44.43897,
    "lng": -68.37002
  },
  {
    "name": "Troy",
    "country": "US",
    "lat": 44.66479,
    "lng": -69.24088
  },
  {
    "name": "Traverse City",
    "country": "US",
    "lat": 44.76306,
    "lng": -85.62063
  },
  {
    "name": "Trenton",
    "country": "US",
    "lat": 42.13949,
    "lng": -83.17826
  },
  {
    "name": "Trowbridge Park",
    "country": "US",
    "lat": 46.5566,
    "lng": -87.43736
  },
  {
    "name": "Troy",
    "country": "US",
    "lat": 42.60559,
    "lng": -83.14993
  },
  {
    "name": "Tracy",
    "country": "US",
    "lat": 44.23329,
    "lng": -95.61918
  },
  {
    "name": "Truman",
    "country": "US",
    "lat": 43.82773,
    "lng": -94.43719
  },
  {
    "name": "Trenton",
    "country": "US",
    "lat": 40.0789,
    "lng": -93.61661
  },
  {
    "name": "Troy",
    "country": "US",
    "lat": 42.82397,
    "lng": -72.18119
  },
  {
    "name": "Trenton",
    "country": "US",
    "lat": 40.21705,
    "lng": -74.74294
  },
  {
    "name": "Tremont",
    "country": "US",
    "lat": 40.84954,
    "lng": -73.90569
  },
  {
    "name": "Tribeca",
    "country": "US",
    "lat": 40.71538,
    "lng": -74.00931
  },
  {
    "name": "Tribes Hill",
    "country": "US",
    "lat": 42.95535,
    "lng": -74.28513
  },
  {
    "name": "Troy",
    "country": "US",
    "lat": 42.72841,
    "lng": -73.69179
  },
  {
    "name": "Trumansburg",
    "country": "US",
    "lat": 42.54229,
    "lng": -76.66606
  },
  {
    "name": "Troy",
    "country": "US",
    "lat": 40.0395,
    "lng": -84.20328
  },
  {
    "name": "Trafford",
    "country": "US",
    "lat": 40.38562,
    "lng": -79.75893
  },
  {
    "name": "Trappe",
    "country": "US",
    "lat": 40.19899,
    "lng": -75.47629
  },
  {
    "name": "Treasure Lake",
    "country": "US",
    "lat": 41.17339,
    "lng": -78.71586
  },
  {
    "name": "Tremont",
    "country": "US",
    "lat": 40.62842,
    "lng": -76.38718
  },
  {
    "name": "Trevorton",
    "country": "US",
    "lat": 40.7812,
    "lng": -76.67302
  },
  {
    "name": "Trevose",
    "country": "US",
    "lat": 40.146,
    "lng": -74.985
  },
  {
    "name": "Trexlertown",
    "country": "US",
    "lat": 40.54815,
    "lng": -75.60574
  },
  {
    "name": "Trooper",
    "country": "US",
    "lat": 40.14983,
    "lng": -75.40185
  },
  {
    "name": "Troy",
    "country": "US",
    "lat": 41.78591,
    "lng": -76.78801
  },
  {
    "name": "Troy",
    "country": "US",
    "lat": 40.91506,
    "lng": -78.2164
  },
  {
    "name": "Trucksville",
    "country": "US",
    "lat": 41.30397,
    "lng": -75.93214
  },
  {
    "name": "Trempealeau",
    "country": "US",
    "lat": 44.00552,
    "lng": -91.44209
  },
  {
    "name": "Trabuco Canyon",
    "country": "US",
    "lat": 33.66252,
    "lng": -117.59033
  },
  {
    "name": "Tracy",
    "country": "US",
    "lat": 37.73987,
    "lng": -121.42618
  },
  {
    "name": "Truckee",
    "country": "US",
    "lat": 39.32796,
    "lng": -120.18325
  },
  {
    "name": "Trinidad",
    "country": "US",
    "lat": 37.16946,
    "lng": -104.50054
  },
  {
    "name": "Tribune",
    "country": "US",
    "lat": 38.46974,
    "lng": -101.75267
  },
  {
    "name": "Truth or Consequences",
    "country": "US",
    "lat": 33.1284,
    "lng": -107.25281
  },
  {
    "name": "Trenton",
    "country": "US",
    "lat": 40.17555,
    "lng": -101.01294
  },
  {
    "name": "Tryon",
    "country": "US",
    "lat": 41.55277,
    "lng": -100.95765
  },
  {
    "name": "Tri-City",
    "country": "US",
    "lat": 42.98456,
    "lng": -123.31173
  },
  {
    "name": "Troutdale",
    "country": "US",
    "lat": 45.53929,
    "lng": -122.38731
  },
  {
    "name": "Tremonton",
    "country": "US",
    "lat": 41.71187,
    "lng": -112.16551
  },
  {
    "name": "Tracyton",
    "country": "US",
    "lat": 47.60898,
    "lng": -122.65514
  },
  {
    "name": "Trentwood",
    "country": "US",
    "lat": 47.69656,
    "lng": -117.21076
  },
  {
    "name": "Tri-Cities",
    "country": "US",
    "lat": 46.2454,
    "lng": -119.19617
  },
  {
    "name": "Travis Ranch",
    "country": "US",
    "lat": 32.80356,
    "lng": -96.47347
  },
  {
    "name": "Trinidad",
    "country": "UY",
    "lat": -33.5165,
    "lng": -56.89957
  },
  {
    "name": "Treinta y Tres",
    "country": "UY",
    "lat": -33.231,
    "lng": -54.38577
  },
  {
    "name": "Tranqueras",
    "country": "UY",
    "lat": -31.2,
    "lng": -55.75
  },
  {
    "name": "Trujillo",
    "country": "VE",
    "lat": 9.36587,
    "lng": -70.43659
  },
  {
    "name": "Trại Khoai",
    "country": "VN",
    "lat": 21.13174,
    "lng": 105.34479
  },
  {
    "name": "Trảng Bom",
    "country": "VN",
    "lat": 10.95358,
    "lng": 107.00589
  },
  {
    "name": "Trường Sơn",
    "country": "VN",
    "lat": 18.38333,
    "lng": 105.73333
  },
  {
    "name": "Trung Phụng",
    "country": "VN",
    "lat": 21.0,
    "lng": 105.83333
  },
  {
    "name": "Tri Tôn",
    "country": "VN",
    "lat": 10.4202,
    "lng": 105.00073
  },
  {
    "name": "Trà Ôn",
    "country": "VN",
    "lat": 9.96261,
    "lng": 105.92168
  },
  {
    "name": "Trảng Bàng",
    "country": "VN",
    "lat": 11.02987,
    "lng": 106.35751
  },
  {
    "name": "Trà My",
    "country": "VN",
    "lat": 15.33965,
    "lng": 108.22065
  },
  {
    "name": "Tràm Chim",
    "country": "VN",
    "lat": 10.67001,
    "lng": 105.56469
  },
  {
    "name": "Trà Cú",
    "country": "VN",
    "lat": 9.69774,
    "lng": 106.25834
  },
  {
    "name": "Trà Bồng",
    "country": "VN",
    "lat": 15.25569,
    "lng": 108.51722
  },
  {
    "name": "Triệu Sơn",
    "country": "VN",
    "lat": 19.81913,
    "lng": 105.60392
  },
  {
    "name": "Trới",
    "country": "VN",
    "lat": 21.03141,
    "lng": 106.99101
  },
  {
    "name": "Trần Cao",
    "country": "VN",
    "lat": 20.72952,
    "lng": 106.17971
  },
  {
    "name": "Trôi",
    "country": "VN",
    "lat": 21.06953,
    "lng": 105.70646
  },
  {
    "name": "Trâu Quỳ",
    "country": "VN",
    "lat": 21.01951,
    "lng": 105.93694
  },
  {
    "name": "Trần Văn Thời",
    "country": "VN",
    "lat": 9.07713,
    "lng": 104.97914
  },
  {
    "name": "Tra Que Vegetable Village",
    "country": "VN",
    "lat": 15.90223,
    "lng": 108.33884
  },
  {
    "name": "Trung Sơn",
    "country": "VN",
    "lat": 16.32497,
    "lng": 107.16051
  },
  {
    "name": "Trévani",
    "country": "YT",
    "lat": -12.73437,
    "lng": 45.19861
  },
  {
    "name": "Trompsburg",
    "country": "ZA",
    "lat": -30.03363,
    "lng": 25.78041
  },
  {
    "name": "Trichardt",
    "country": "ZA",
    "lat": -26.49155,
    "lng": 29.22878
  },
  {
    "name": "Trust Feed",
    "country": "ZA",
    "lat": -29.39967,
    "lng": 30.54276
  }
]