[
  {
    "name": "Tsowkêy",
    "country": "AF",
    "lat": 34.69246,
    "lng": 70.92688
  },
  {
    "name": "Tsapêraī",
    "country": "AF",
    "lat": 33.83003,
    "lng": 69.9192
  },
  {
    "name": "Tsamkanī",
    "country": "AF",
    "lat": 33.80298,
    "lng": 69.81671
  },
  {
    "name": "Tsovinar",
    "country": "AM",
    "lat": 40.15959,
    "lng": 45.46786
  },
  {
    "name": "Tsovazard",
    "country": "AM",
    "lat": 40.4751,
    "lng": 45.05011
  },
  {
    "name": "Tsovak",
    "country": "AM",
    "lat": 40.18254,
    "lng": 45.63286
  },
  {
    "name": "Tsovagyugh",
    "country": "AM",
    "lat": 40.63348,
    "lng": 44.96112
  },
  {
    "name": "Tsakkar",
    "country": "AM",
    "lat": 40.17354,
    "lng": 45.22201
  },
  {
    "name": "Tsaghkunk",
    "country": "AM",
    "lat": 40.57788,
    "lng": 44.87793
  },
  {
    "name": "Tsaghkunk",
    "country": "AM",
    "lat": 40.18048,
    "lng": 44.27228
  },
  {
    "name": "Tsaghkahovit",
    "country": "AM",
    "lat": 40.63883,
    "lng": 44.22252
  },
  {
    "name": "Tsaghkaber",
    "country": "AM",
    "lat": 40.79849,
    "lng": 44.10144
  },
  {
    "name": "Tsaghkadzor",
    "country": "AM",
    "lat": 40.5325,
    "lng": 44.72323
  },
  {
    "name": "Tsovasar",
    "country": "AM",
    "lat": 40.1382,
    "lng": 45.19096
  },
  {
    "name": "Tsiatsan",
    "country": "AM",
    "lat": 40.1861,
    "lng": 44.26947
  },
  {
    "name": "Tsaghkalanj",
    "country": "AM",
    "lat": 40.20007,
    "lng": 44.23053
  },
  {
    "name": "Tschanigraben",
    "country": "AT",
    "lat": 47.01667,
    "lng": 16.3
  },
  {
    "name": "Tschagguns",
    "country": "AT",
    "lat": 47.07391,
    "lng": 9.90267
  },
  {
    "name": "Tsenovo",
    "country": "BG",
    "lat": 43.53588,
    "lng": 25.65764
  },
  {
    "name": "Tsarevo",
    "country": "BG",
    "lat": 42.16955,
    "lng": 27.84541
  },
  {
    "name": "Tsar Kaloyan",
    "country": "BG",
    "lat": 43.61667,
    "lng": 26.25
  },
  {
    "name": "Tsirang",
    "country": "BT",
    "lat": 27.0219,
    "lng": 90.12291
  },
  {
    "name": "Tsimasham",
    "country": "BT",
    "lat": 27.0989,
    "lng": 89.53604
  },
  {
    "name": "Tshabong",
    "country": "BW",
    "lat": -26.05,
    "lng": 22.45
  },
  {
    "name": "Tsau",
    "country": "BW",
    "lat": -20.16458,
    "lng": 22.45573
  },
  {
    "name": "Tsetsebjwe",
    "country": "BW",
    "lat": -22.41595,
    "lng": 28.39797
  },
  {
    "name": "Tsimkavichy",
    "country": "BY",
    "lat": 53.0672,
    "lng": 26.9902
  },
  {
    "name": "Tsyelyakhany",
    "country": "BY",
    "lat": 52.5175,
    "lng": 25.8429
  },
  {
    "name": "Tsawwassen",
    "country": "CA",
    "lat": 49.01667,
    "lng": -123.08333
  },
  {
    "name": "Tsleil-Waututh",
    "country": "CA",
    "lat": 49.30968,
    "lng": -122.98128
  },
  {
    "name": "Tshikapa",
    "country": "CD",
    "lat": -6.41621,
    "lng": 20.79995
  },
  {
    "name": "Tshilenge",
    "country": "CD",
    "lat": -10.96667,
    "lng": 22.9
  },
  {
    "name": "Tshela",
    "country": "CD",
    "lat": -4.99707,
    "lng": 12.9484
  },
  {
    "name": "Tséri",
    "country": "CY",
    "lat": 35.07307,
    "lng": 33.32344
  },
  {
    "name": "Tsáda",
    "country": "CY",
    "lat": 34.83862,
    "lng": 32.47499
  },
  {
    "name": "Tsada - Tremithousa - Tala (Borders)",
    "country": "CY",
    "lat": 34.8343,
    "lng": 32.45363
  },
  {
    "name": "Tschernitz",
    "country": "DE",
    "lat": 51.58333,
    "lng": 14.61667
  },
  {
    "name": "Tsabit",
    "country": "DZ",
    "lat": 28.35049,
    "lng": -0.22401
  },
  {
    "name": "Tsogni",
    "country": "GA",
    "lat": -2.80365,
    "lng": 10.16058
  },
  {
    "name": "Tsnori",
    "country": "GE",
    "lat": 41.618,
    "lng": 45.979
  },
  {
    "name": "Tsqnet’i",
    "country": "GE",
    "lat": 41.69472,
    "lng": 44.69861
  },
  {
    "name": "Ts’khinvali",
    "country": "GE",
    "lat": 42.22764,
    "lng": 43.96861
  },
  {
    "name": "Ts’inandali",
    "country": "GE",
    "lat": 41.89315,
    "lng": 45.57129
  },
  {
    "name": "Tsikhisdziri",
    "country": "GE",
    "lat": 41.76659,
    "lng": 41.75517
  },
  {
    "name": "Tsalka",
    "country": "GE",
    "lat": 41.59822,
    "lng": 44.09112
  },
  {
    "name": "Tsalenjikha",
    "country": "GE",
    "lat": 42.60857,
    "lng": 42.06693
  },
  {
    "name": "Tsageri",
    "country": "GE",
    "lat": 42.64534,
    "lng": 42.76911
  },
  {
    "name": "Tsqaltubo",
    "country": "GE",
    "lat": 42.32858,
    "lng": 42.59808
  },
  {
    "name": "Tsikalariá",
    "country": "GR",
    "lat": 35.47623,
    "lng": 24.06274
  },
  {
    "name": "Tsarítsani",
    "country": "GR",
    "lat": 39.88117,
    "lng": 22.22758
  },
  {
    "name": "Tsotíli",
    "country": "GR",
    "lat": 40.26147,
    "lng": 21.32533
  },
  {
    "name": "Tsiflikópoulo",
    "country": "GR",
    "lat": 39.65624,
    "lng": 20.83882
  },
  {
    "name": "Tsuen Wan",
    "country": "HK",
    "lat": 22.37137,
    "lng": 114.11329
  },
  {
    "name": "Tsz Wan Shan",
    "country": "HK",
    "lat": 22.35247,
    "lng": 114.20016
  },
  {
    "name": "Tsing Yi Town",
    "country": "HK",
    "lat": 22.35,
    "lng": 114.1
  },
  {
    "name": "Tsim Sha Tsui",
    "country": "HK",
    "lat": 22.3,
    "lng": 114.16667
  },
  {
    "name": "Tseung Kwan O",
    "country": "HK",
    "lat": 22.32789,
    "lng": 114.24992
  },
  {
    "name": "Tsui Wan Estate",
    "country": "HK",
    "lat": 22.2682,
    "lng": 114.24028
  },
  {
    "name": "Tsz Ching Estate",
    "country": "HK",
    "lat": 22.35099,
    "lng": 114.20056
  },
  {
    "name": "Tsz Man Estate",
    "country": "HK",
    "lat": 22.34816,
    "lng": 114.20287
  },
  {
    "name": "Tsz Hong Estate",
    "country": "HK",
    "lat": 22.34747,
    "lng": 114.20274
  },
  {
    "name": "Tsui Chuk Garden",
    "country": "HK",
    "lat": 22.34639,
    "lng": 114.18766
  },
  {
    "name": "Tsur Moshe",
    "country": "IL",
    "lat": 32.29819,
    "lng": 34.91313
  },
  {
    "name": "Tsur Hadassa",
    "country": "IL",
    "lat": 31.71912,
    "lng": 35.09708
  },
  {
    "name": "Tsofit",
    "country": "IL",
    "lat": 32.19423,
    "lng": 34.91957
  },
  {
    "name": "Tsrufa",
    "country": "IL",
    "lat": 32.64824,
    "lng": 34.94991
  },
  {
    "name": "Tselafon",
    "country": "IL",
    "lat": 31.80462,
    "lng": 34.9321
  },
  {
    "name": "Tsur Itshak",
    "country": "IL",
    "lat": 32.24047,
    "lng": 34.99788
  },
  {
    "name": "Tsrār Sharīf",
    "country": "IN",
    "lat": 33.86319,
    "lng": 74.76524
  },
  {
    "name": "Tseminyu",
    "country": "IN",
    "lat": 25.92474,
    "lng": 94.21615
  },
  {
    "name": "Tsudikong",
    "country": "IN",
    "lat": 26.67979,
    "lng": 94.64357
  },
  {
    "name": "Tsuyama",
    "country": "JP",
    "lat": 35.05215,
    "lng": 133.99885
  },
  {
    "name": "Tsuwano",
    "country": "JP",
    "lat": 34.46667,
    "lng": 131.76667
  },
  {
    "name": "Tsushima",
    "country": "JP",
    "lat": 35.16667,
    "lng": 136.71667
  },
  {
    "name": "Tsurusaki",
    "country": "JP",
    "lat": 33.24528,
    "lng": 131.69165
  },
  {
    "name": "Tsuruoka",
    "country": "JP",
    "lat": 38.72167,
    "lng": 139.82167
  },
  {
    "name": "Tsurugi-asahimachi",
    "country": "JP",
    "lat": 36.45,
    "lng": 136.63333
  },
  {
    "name": "Tsuruga",
    "country": "JP",
    "lat": 35.653,
    "lng": 136.06331
  },
  {
    "name": "Tsuruda",
    "country": "JP",
    "lat": 31.95,
    "lng": 130.48333
  },
  {
    "name": "Tsunō",
    "country": "JP",
    "lat": 32.25,
    "lng": 131.56667
  },
  {
    "name": "Tsunagi",
    "country": "JP",
    "lat": 32.23616,
    "lng": 130.47617
  },
  {
    "name": "Tsuma",
    "country": "JP",
    "lat": 32.1,
    "lng": 131.4
  },
  {
    "name": "Tsukumiura",
    "country": "JP",
    "lat": 33.07539,
    "lng": 131.86907
  },
  {
    "name": "Tsukiyono",
    "country": "JP",
    "lat": 36.68818,
    "lng": 138.98632
  },
  {
    "name": "Tsukiji",
    "country": "JP",
    "lat": 35.66487,
    "lng": 139.77004
  },
  {
    "name": "Tsukawaki",
    "country": "JP",
    "lat": 33.27668,
    "lng": 131.15628
  },
  {
    "name": "Tsukabaru",
    "country": "JP",
    "lat": 32.51667,
    "lng": 131.33333
  },
  {
    "name": "Tsuiki",
    "country": "JP",
    "lat": 33.67307,
    "lng": 131.03776
  },
  {
    "name": "Tsugawa",
    "country": "JP",
    "lat": 37.68105,
    "lng": 139.45826
  },
  {
    "name": "Tsubata",
    "country": "JP",
    "lat": 36.67012,
    "lng": 136.7403
  },
  {
    "name": "Tsubame",
    "country": "JP",
    "lat": 37.6645,
    "lng": 138.92518
  },
  {
    "name": "Tsu",
    "country": "JP",
    "lat": 34.73333,
    "lng": 136.51667
  },
  {
    "name": "Tsukuba",
    "country": "JP",
    "lat": 36.08333,
    "lng": 140.11667
  },
  {
    "name": "Tsukigata",
    "country": "JP",
    "lat": 43.33528,
    "lng": 141.66944
  },
  {
    "name": "Tsuchiura",
    "country": "JP",
    "lat": 36.09047,
    "lng": 140.21047
  },
  {
    "name": "Tsukubamirai",
    "country": "JP",
    "lat": 35.98411,
    "lng": 140.00929
  },
  {
    "name": "Tsurugashima",
    "country": "JP",
    "lat": 35.95996,
    "lng": 139.40283
  },
  {
    "name": "Tsugaru",
    "country": "JP",
    "lat": 40.80357,
    "lng": 140.40299
  },
  {
    "name": "Tsuruta",
    "country": "JP",
    "lat": 40.75221,
    "lng": 140.43198
  },
  {
    "name": "Tsushima",
    "country": "JP",
    "lat": 34.20634,
    "lng": 129.29076
  },
  {
    "name": "Tsurui",
    "country": "JP",
    "lat": 43.24967,
    "lng": 144.29645
  },
  {
    "name": "Tsuru",
    "country": "JP",
    "lat": 35.54731,
    "lng": 138.90959
  },
  {
    "name": "Tsimbeo",
    "country": "KM",
    "lat": -12.20583,
    "lng": 44.46472
  },
  {
    "name": "Tsidjé",
    "country": "KM",
    "lat": -11.70137,
    "lng": 43.27057
  },
  {
    "name": "Tsa Kholo",
    "country": "LS",
    "lat": -29.66918,
    "lng": 27.15164
  },
  {
    "name": "Tsiroanomandidy",
    "country": "MG",
    "lat": -18.76969,
    "lng": 46.04653
  },
  {
    "name": "Tsiombe",
    "country": "MG",
    "lat": -25.3,
    "lng": 45.48333
  },
  {
    "name": "Tsaratanana",
    "country": "MG",
    "lat": -16.79706,
    "lng": 47.65165
  },
  {
    "name": "Tsetserleg",
    "country": "MN",
    "lat": 49.27128,
    "lng": 94.85836
  },
  {
    "name": "Tsetsegnuur",
    "country": "MN",
    "lat": 46.6,
    "lng": 93.26667
  },
  {
    "name": "Tsenher",
    "country": "MN",
    "lat": 46.91667,
    "lng": 92.11667
  },
  {
    "name": "Tseel",
    "country": "MN",
    "lat": 45.56667,
    "lng": 95.86667
  },
  {
    "name": "Tsalgar",
    "country": "MN",
    "lat": 49.71667,
    "lng": 93.26667
  },
  {
    "name": "Tsahir",
    "country": "MN",
    "lat": 48.07972,
    "lng": 98.85167
  },
  {
    "name": "Tsagaantüngi",
    "country": "MN",
    "lat": 49.05,
    "lng": 90.45
  },
  {
    "name": "Tsagaan-Olom",
    "country": "MN",
    "lat": 46.71327,
    "lng": 96.52588
  },
  {
    "name": "Tsagaanchuluut",
    "country": "MN",
    "lat": 47.11196,
    "lng": 96.67145
  },
  {
    "name": "Tsagaanhayrhan",
    "country": "MN",
    "lat": 49.4,
    "lng": 94.23333
  },
  {
    "name": "Tsagaannuur",
    "country": "MN",
    "lat": 51.35639,
    "lng": 99.34444
  },
  {
    "name": "Tsul-Ulaan",
    "country": "MN",
    "lat": 47.83333,
    "lng": 104.5
  },
  {
    "name": "Tsoohor",
    "country": "MN",
    "lat": 43.30657,
    "lng": 104.07417
  },
  {
    "name": "Tsomog",
    "country": "MN",
    "lat": 45.91667,
    "lng": 109.06667
  },
  {
    "name": "Tsetserleg",
    "country": "MN",
    "lat": 47.475,
    "lng": 101.45417
  },
  {
    "name": "Tsengel",
    "country": "MN",
    "lat": 49.47833,
    "lng": 100.88944
  },
  {
    "name": "Tsant",
    "country": "MN",
    "lat": 46.18333,
    "lng": 106.71667
  },
  {
    "name": "Tsagaan-Ovoo",
    "country": "MN",
    "lat": 45.96404,
    "lng": 101.45977
  },
  {
    "name": "Tsagaan-Ovoo",
    "country": "MN",
    "lat": 45.50719,
    "lng": 105.75594
  },
  {
    "name": "Tsagaandörvölj",
    "country": "MN",
    "lat": 45.79817,
    "lng": 109.31826
  },
  {
    "name": "Tsagaanders",
    "country": "MN",
    "lat": 48.05,
    "lng": 114.36667
  },
  {
    "name": "Tsagaan-Owoo",
    "country": "MN",
    "lat": 48.4,
    "lng": 113.43333
  },
  {
    "name": "Tsumkwe",
    "country": "NA",
    "lat": -19.59363,
    "lng": 20.50203
  },
  {
    "name": "Tsumeb",
    "country": "NA",
    "lat": -19.24842,
    "lng": 17.71345
  },
  {
    "name": "Tses",
    "country": "NA",
    "lat": -25.88489,
    "lng": 18.12469
  },
  {
    "name": "Tsandi",
    "country": "NA",
    "lat": -17.74292,
    "lng": 14.88575
  },
  {
    "name": "Tsanyawa",
    "country": "NG",
    "lat": 12.29559,
    "lng": 7.98654
  },
  {
    "name": "Tsafe",
    "country": "NG",
    "lat": 11.95775,
    "lng": 6.92083
  },
  {
    "name": "Tse-Agberagba",
    "country": "NG",
    "lat": 7.07668,
    "lng": 8.66551
  },
  {
    "name": "Tsurib",
    "country": "RU",
    "lat": 42.23826,
    "lng": 46.8343
  },
  {
    "name": "Tsivil’sk",
    "country": "RU",
    "lat": 55.86974,
    "lng": 47.47874
  },
  {
    "name": "Tsimlyansk",
    "country": "RU",
    "lat": 47.64801,
    "lng": 42.09345
  },
  {
    "name": "Tsil’na",
    "country": "RU",
    "lat": 54.59533,
    "lng": 48.1414
  },
  {
    "name": "Tsentral’nyy",
    "country": "RU",
    "lat": 56.297,
    "lng": 42.78869
  },
  {
    "name": "Tsentoroy",
    "country": "RU",
    "lat": 43.00658,
    "lng": 46.22235
  },
  {
    "name": "Tselina",
    "country": "RU",
    "lat": 46.53421,
    "lng": 41.03158
  },
  {
    "name": "Tsagan Aman",
    "country": "RU",
    "lat": 47.56276,
    "lng": 46.72014
  },
  {
    "name": "Tsotsin-Yurt",
    "country": "RU",
    "lat": 43.24206,
    "lng": 46.00013
  },
  {
    "name": "Tsaritsyno",
    "country": "RU",
    "lat": 55.6254,
    "lng": 37.65032
  },
  {
    "name": "Tsibanobalka",
    "country": "RU",
    "lat": 44.98034,
    "lng": 37.34384
  },
  {
    "name": "Tsementnyy",
    "country": "RU",
    "lat": 57.4693,
    "lng": 60.1536
  },
  {
    "name": "Tsementnozavodskiy",
    "country": "RU",
    "lat": 67.62834,
    "lng": 64.08965
  },
  {
    "name": "Tselinnoye",
    "country": "RU",
    "lat": 54.5039,
    "lng": 63.67647
  },
  {
    "name": "Tselinnoye",
    "country": "RU",
    "lat": 53.07588,
    "lng": 85.65897
  },
  {
    "name": "Tsiolkovskiy",
    "country": "RU",
    "lat": 51.76872,
    "lng": 128.12018
  },
  {
    "name": "Tsunta",
    "country": "RU",
    "lat": 42.20093,
    "lng": 45.93744
  },
  {
    "name": "Tsévié",
    "country": "TG",
    "lat": 6.42611,
    "lng": 1.21333
  },
  {
    "name": "Tsybulivka",
    "country": "UA",
    "lat": 48.38641,
    "lng": 29.11747
  },
  {
    "name": "Tsybli",
    "country": "UA",
    "lat": 49.99484,
    "lng": 31.56281
  },
  {
    "name": "Tsvetochnoye",
    "country": "UA",
    "lat": 45.08655,
    "lng": 34.38521
  },
  {
    "name": "Tsvitkove",
    "country": "UA",
    "lat": 49.1549,
    "lng": 31.53192
  },
  {
    "name": "Tsybuliv",
    "country": "UA",
    "lat": 49.07185,
    "lng": 29.84459
  },
  {
    "name": "Tselinnoye",
    "country": "UA",
    "lat": 45.90633,
    "lng": 34.18063
  },
  {
    "name": "Tsebrykove",
    "country": "UA",
    "lat": 47.1464,
    "lng": 30.10787
  },
  {
    "name": "Tsarychanka",
    "country": "UA",
    "lat": 48.94186,
    "lng": 34.48601
  },
  {
    "name": "Tsentralne",
    "country": "UA",
    "lat": 46.90711,
    "lng": 32.47042
  },
  {
    "name": "Tsaile",
    "country": "US",
    "lat": 36.3033,
    "lng": -109.21566
  },
  {
    "name": "Tsingoni",
    "country": "YT",
    "lat": -12.78722,
    "lng": 45.10278
  },
  {
    "name": "Tsoundzou 1",
    "country": "YT",
    "lat": -12.80615,
    "lng": 45.2023
  },
  {
    "name": "Tsoundzou 2",
    "country": "YT",
    "lat": -12.81845,
    "lng": 45.1972
  },
  {
    "name": "Tsararano",
    "country": "YT",
    "lat": -12.83528,
    "lng": 45.17355
  },
  {
    "name": "Tsimkoura",
    "country": "YT",
    "lat": -12.93934,
    "lng": 45.13739
  },
  {
    "name": "Tswafeng",
    "country": "ZA",
    "lat": -24.77028,
    "lng": 30.97528
  },
  {
    "name": "Tsomo",
    "country": "ZA",
    "lat": -32.03679,
    "lng": 27.81994
  },
  {
    "name": "Tsolo",
    "country": "ZA",
    "lat": -31.30781,
    "lng": 28.75541
  },
  {
    "name": "Tshituni",
    "country": "ZA",
    "lat": -22.90384,
    "lng": 30.03487
  },
  {
    "name": "Tshandama",
    "country": "ZA",
    "lat": -22.74567,
    "lng": 30.50933
  },
  {
    "name": "Tshiame",
    "country": "ZA",
    "lat": -28.33057,
    "lng": 28.99087
  },
  {
    "name": "Tshitereke",
    "country": "ZA",
    "lat": -22.88416,
    "lng": 30.49358
  },
  {
    "name": "Tsakani",
    "country": "ZA",
    "lat": -24.61933,
    "lng": 31.05133
  }
]