[
  {
    "name": "Uacu Cungo",
    "country": "AO",
    "lat": -11.35669,
    "lng": 15.11719
  },
  {
    "name": "Uauá",
    "country": "BR",
    "lat": -9.84139,
    "lng": -39.48167
  },
  {
    "name": "Uarini",
    "country": "BR",
    "lat": -2.99,
    "lng": -65.10833
  },
  {
    "name": "Uad Guenifa",
    "country": "EH",
    "lat": 20.83228,
    "lng": -17.08988
  },
  {
    "name": "Uayma",
    "country": "MX",
    "lat": 20.71781,
    "lng": -88.31693
  },
  {
    "name": "Uayalceh de Peón",
    "country": "MX",
    "lat": 20.69345,
    "lng": -89.59483
  },
  {
    "name": "Uaboe",
    "country": "NR",
    "lat": -0.51393,
    "lng": 166.92384
  },
  {
    "name": "Ualog",
    "country": "PH",
    "lat": 10.57396,
    "lng": 123.3933
  },
  {
    "name": "Uacon",
    "country": "PH",
    "lat": 15.6787,
    "lng": 119.9403
  }
]