[
  {
    "name": "Uetikon",
    "country": "CH",
    "lat": 47.26441,
    "lng": 8.67925
  },
  {
    "name": "Uetendorf",
    "country": "CH",
    "lat": 46.77392,
    "lng": 7.57251
  },
  {
    "name": "Uerkheim",
    "country": "CH",
    "lat": 47.30353,
    "lng": 8.0232
  },
  {
    "name": "Uerikon",
    "country": "CH",
    "lat": 47.23672,
    "lng": 8.7573
  },
  {
    "name": "Ueberstorf",
    "country": "CH",
    "lat": 46.86587,
    "lng": 7.30998
  },
  {
    "name": "Uetikon / Grossdorf",
    "country": "CH",
    "lat": 47.26654,
    "lng": 8.67765
  },
  {
    "name": "Uebeschi",
    "country": "CH",
    "lat": 46.73774,
    "lng": 7.5558
  },
  {
    "name": "Uetersen",
    "country": "DE",
    "lat": 53.68878,
    "lng": 9.66197
  },
  {
    "name": "Uehrde",
    "country": "DE",
    "lat": 52.09902,
    "lng": 10.76523
  },
  {
    "name": "Uehlfeld",
    "country": "DE",
    "lat": 49.67085,
    "lng": 10.72017
  },
  {
    "name": "Uetze",
    "country": "DE",
    "lat": 52.46511,
    "lng": 10.20467
  },
  {
    "name": "Uettingen",
    "country": "DE",
    "lat": 49.79472,
    "lng": 9.73056
  },
  {
    "name": "Uerdingen",
    "country": "DE",
    "lat": 51.35478,
    "lng": 6.63918
  },
  {
    "name": "Uenglingen",
    "country": "DE",
    "lat": 52.61797,
    "lng": 11.80893
  },
  {
    "name": "Uelzen",
    "country": "DE",
    "lat": 52.96572,
    "lng": 10.56111
  },
  {
    "name": "Uelversheim",
    "country": "DE",
    "lat": 49.81,
    "lng": 8.28861
  },
  {
    "name": "Uelsen",
    "country": "DE",
    "lat": 52.5,
    "lng": 6.88333
  },
  {
    "name": "Uedem",
    "country": "DE",
    "lat": 51.6652,
    "lng": 6.27371
  },
  {
    "name": "Ueckermünde",
    "country": "DE",
    "lat": 53.73795,
    "lng": 14.04473
  },
  {
    "name": "Uebigau",
    "country": "DE",
    "lat": 51.59415,
    "lng": 13.29983
  },
  {
    "name": "Uenohara",
    "country": "JP",
    "lat": 35.61667,
    "lng": 139.11667
  },
  {
    "name": "Ueno-ebisumachi",
    "country": "JP",
    "lat": 34.75856,
    "lng": 136.13108
  },
  {
    "name": "Ueno",
    "country": "JP",
    "lat": 35.70524,
    "lng": 139.77352
  },
  {
    "name": "Uekimachi-mōno",
    "country": "JP",
    "lat": 32.89964,
    "lng": 130.68898
  },
  {
    "name": "Ueda",
    "country": "JP",
    "lat": 36.40265,
    "lng": 138.28161
  },
  {
    "name": "Uetake",
    "country": "JP",
    "lat": 36.21442,
    "lng": 139.09882
  },
  {
    "name": "Uejima",
    "country": "JP",
    "lat": 32.74072,
    "lng": 130.74717
  }
]