[
  {
    "name": "Ugljevik",
    "country": "BA",
    "lat": 44.67771,
    "lng": 19.03384
  },
  {
    "name": "Ugarchin",
    "country": "BG",
    "lat": 43.1,
    "lng": 24.41667
  },
  {
    "name": "Ugíjar",
    "country": "ES",
    "lat": 36.96087,
    "lng": -3.05523
  },
  {
    "name": "Ugena",
    "country": "ES",
    "lat": 40.15572,
    "lng": -3.87603
  },
  {
    "name": "Ugine",
    "country": "FR",
    "lat": 45.75571,
    "lng": 6.41503
  },
  {
    "name": "Ugljan",
    "country": "HR",
    "lat": 44.13083,
    "lng": 15.10306
  },
  {
    "name": "Ugu",
    "country": "IN",
    "lat": 26.79681,
    "lng": 80.32093
  },
  {
    "name": "Ugrākheri",
    "country": "IN",
    "lat": 29.378,
    "lng": 77.00934
  },
  {
    "name": "Ugento",
    "country": "IT",
    "lat": 39.92724,
    "lng": 18.15832
  },
  {
    "name": "Uggiate Trevano",
    "country": "IT",
    "lat": 45.82338,
    "lng": 8.95964
  },
  {
    "name": "Uggiano Montefusco",
    "country": "IT",
    "lat": 40.38612,
    "lng": 17.6046
  },
  {
    "name": "Uggiano la Chiesa",
    "country": "IT",
    "lat": 40.10091,
    "lng": 18.44872
  },
  {
    "name": "Uggia-Pazzera-Bizzarrino",
    "country": "IT",
    "lat": 43.83434,
    "lng": 10.83154
  },
  {
    "name": "Ugāle",
    "country": "LV",
    "lat": 57.27464,
    "lng": 22.03211
  },
  {
    "name": "Ughelli",
    "country": "NG",
    "lat": 5.48956,
    "lng": 6.00407
  },
  {
    "name": "Ugep",
    "country": "NG",
    "lat": 5.80865,
    "lng": 8.08098
  },
  {
    "name": "Ugba",
    "country": "NG",
    "lat": 7.507,
    "lng": 9.34804
  },
  {
    "name": "Uga",
    "country": "NG",
    "lat": 5.93576,
    "lng": 7.0793
  },
  {
    "name": "Ugwolawo",
    "country": "NG",
    "lat": 7.23672,
    "lng": 6.92302
  },
  {
    "name": "Ugbokpo",
    "country": "NG",
    "lat": 7.65321,
    "lng": 7.8841
  },
  {
    "name": "Ugbodo",
    "country": "NG",
    "lat": 6.51155,
    "lng": 8.12984
  },
  {
    "name": "Ugchelen",
    "country": "NL",
    "lat": 52.18464,
    "lng": 5.93177
  },
  {
    "name": "Uggdal",
    "country": "NO",
    "lat": 60.00402,
    "lng": 5.52876
  },
  {
    "name": "Ugad",
    "country": "PH",
    "lat": 17.3075,
    "lng": 121.80042
  },
  {
    "name": "Ugac Sur",
    "country": "PH",
    "lat": 17.61325,
    "lng": 121.71583
  },
  {
    "name": "Ugrinovci",
    "country": "RS",
    "lat": 44.87635,
    "lng": 20.18763
  },
  {
    "name": "Ugra",
    "country": "RU",
    "lat": 54.77775,
    "lng": 34.32674
  },
  {
    "name": "Uglyanets",
    "country": "RU",
    "lat": 51.8205,
    "lng": 39.5955
  },
  {
    "name": "Uglovka",
    "country": "RU",
    "lat": 58.23917,
    "lng": 33.51083
  },
  {
    "name": "Uglich",
    "country": "RU",
    "lat": 57.52322,
    "lng": 38.32258
  },
  {
    "name": "Ugleural’skiy",
    "country": "RU",
    "lat": 58.9443,
    "lng": 57.5937
  },
  {
    "name": "Uglerodovskiy",
    "country": "RU",
    "lat": 48.14558,
    "lng": 40.06352
  },
  {
    "name": "Uglegorskiy",
    "country": "RU",
    "lat": 48.24274,
    "lng": 41.2531
  },
  {
    "name": "Uglovskoye",
    "country": "RU",
    "lat": 51.36068,
    "lng": 80.18993
  },
  {
    "name": "Uglovoye",
    "country": "RU",
    "lat": 43.33194,
    "lng": 132.08555
  },
  {
    "name": "Uglekamensk",
    "country": "RU",
    "lat": 43.22052,
    "lng": 133.23223
  },
  {
    "name": "Uglezavodsk",
    "country": "RU",
    "lat": 47.32415,
    "lng": 142.6326
  },
  {
    "name": "Uglegorsk",
    "country": "RU",
    "lat": 49.0799,
    "lng": 142.06875
  },
  {
    "name": "Uglovoye",
    "country": "UA",
    "lat": 44.82146,
    "lng": 33.60452
  },
  {
    "name": "Ugie",
    "country": "ZA",
    "lat": -31.19809,
    "lng": 28.23351
  }
]