[
  {
    "name": "Upwey",
    "country": "AU",
    "lat": -37.9,
    "lng": 145.33333
  },
  {
    "name": "Upper Coomera",
    "country": "AU",
    "lat": -27.87683,
    "lng": 153.28572
  },
  {
    "name": "Upper Caboolture",
    "country": "AU",
    "lat": -27.11667,
    "lng": 152.88333
  },
  {
    "name": "Upper Kedron",
    "country": "AU",
    "lat": -27.41879,
    "lng": 152.91777
  },
  {
    "name": "Upper Mount Gravatt",
    "country": "AU",
    "lat": -27.56128,
    "lng": 153.08453
  },
  {
    "name": "Upper Burnie",
    "country": "AU",
    "lat": -41.07139,
    "lng": 145.8996
  },
  {
    "name": "Upper Hell's Gate",
    "country": "BQ",
    "lat": 17.643,
    "lng": -63.22649
  },
  {
    "name": "Upanema",
    "country": "BR",
    "lat": -5.64194,
    "lng": -37.25778
  },
  {
    "name": "Upper Island Cove",
    "country": "CA",
    "lat": 47.64989,
    "lng": -53.21478
  },
  {
    "name": "Upper Lynn",
    "country": "CA",
    "lat": 49.35,
    "lng": -123.025
  },
  {
    "name": "Upper Delbrook",
    "country": "CA",
    "lat": 49.35258,
    "lng": -123.07666
  },
  {
    "name": "Upper West Lynn",
    "country": "CA",
    "lat": 49.32999,
    "lng": -123.03558
  },
  {
    "name": "Uptown",
    "country": "CA",
    "lat": 49.2121,
    "lng": -122.91929
  },
  {
    "name": "Upala",
    "country": "CR",
    "lat": 10.89908,
    "lng": -85.01366
  },
  {
    "name": "Upgant-Schott",
    "country": "DE",
    "lat": 53.51356,
    "lng": 7.26546
  },
  {
    "name": "Uppby",
    "country": "FI",
    "lat": 60.1767,
    "lng": 25.05358
  },
  {
    "name": "Upie",
    "country": "FR",
    "lat": 44.8025,
    "lng": 4.97673
  },
  {
    "name": "Upwell",
    "country": "GB",
    "lat": 52.60249,
    "lng": 0.2219
  },
  {
    "name": "Upton upon Severn",
    "country": "GB",
    "lat": 52.06258,
    "lng": -2.21802
  },
  {
    "name": "Upton Scudamore",
    "country": "GB",
    "lat": 51.23,
    "lng": -2.19333
  },
  {
    "name": "Upton",
    "country": "GB",
    "lat": 53.61466,
    "lng": -1.28677
  },
  {
    "name": "Upton",
    "country": "GB",
    "lat": 52.59061,
    "lng": -0.36935
  },
  {
    "name": "Uppingham",
    "country": "GB",
    "lat": 52.58803,
    "lng": -0.72272
  },
  {
    "name": "Upper Poppleton",
    "country": "GB",
    "lat": 53.97907,
    "lng": -1.15204
  },
  {
    "name": "Upper Norwood",
    "country": "GB",
    "lat": 51.41505,
    "lng": -0.0927
  },
  {
    "name": "Upper Langwith",
    "country": "GB",
    "lat": 53.22919,
    "lng": -1.20695
  },
  {
    "name": "Upminster",
    "country": "GB",
    "lat": 51.55594,
    "lng": 0.2556
  },
  {
    "name": "Upchurch",
    "country": "GB",
    "lat": 51.3762,
    "lng": 0.64789
  },
  {
    "name": "Upper Stoke",
    "country": "GB",
    "lat": 51.44679,
    "lng": 0.61824
  },
  {
    "name": "Upper Basildon",
    "country": "GB",
    "lat": 51.48165,
    "lng": -1.14075
  },
  {
    "name": "Uppermill",
    "country": "GB",
    "lat": 53.54861,
    "lng": -2.00532
  },
  {
    "name": "Upper Cumberworth",
    "country": "GB",
    "lat": 53.57478,
    "lng": -1.69297
  },
  {
    "name": "Upton Lea",
    "country": "GB",
    "lat": 51.51786,
    "lng": -0.57693
  },
  {
    "name": "Upper La Taste",
    "country": "GD",
    "lat": 12.19302,
    "lng": -61.61813
  },
  {
    "name": "Upper Town",
    "country": "GI",
    "lat": 36.1356,
    "lng": -5.35146
  },
  {
    "name": "Upernavik",
    "country": "GL",
    "lat": 72.78358,
    "lng": -56.14933
  },
  {
    "name": "Upper Wong Tai Sin Estate",
    "country": "HK",
    "lat": 22.3433,
    "lng": 114.19193
  },
  {
    "name": "Uppinangadi",
    "country": "IN",
    "lat": 12.83641,
    "lng": 75.24612
  },
  {
    "name": "Uppiliyapuram",
    "country": "IN",
    "lat": 11.26356,
    "lng": 78.5139
  },
  {
    "name": "Uppala",
    "country": "IN",
    "lat": 12.68436,
    "lng": 74.90068
  },
  {
    "name": "Upleta",
    "country": "IN",
    "lat": 21.74015,
    "lng": 70.28256
  },
  {
    "name": "Uppal Kalan",
    "country": "IN",
    "lat": 17.40577,
    "lng": 78.55911
  },
  {
    "name": "Uppidamangalam",
    "country": "IN",
    "lat": 10.90338,
    "lng": 78.15751
  },
  {
    "name": "Uppalavādi",
    "country": "IN",
    "lat": 11.76515,
    "lng": 79.77645
  },
  {
    "name": "Upper Sileru Project Site Camp",
    "country": "IN",
    "lat": 18.05848,
    "lng": 82.03254
  },
  {
    "name": "Upar Hali",
    "country": "IN",
    "lat": 26.10311,
    "lng": 91.50884
  },
  {
    "name": "Upper Gilgil",
    "country": "KE",
    "lat": -0.21209,
    "lng": 36.27248
  },
  {
    "name": "Upper Land",
    "country": "KY",
    "lat": 19.36258,
    "lng": -81.38703
  },
  {
    "name": "Upenekang",
    "country": "NG",
    "lat": 4.57064,
    "lng": 7.97955
  },
  {
    "name": "Upper Riccarton",
    "country": "NZ",
    "lat": -43.52833,
    "lng": 172.57013
  },
  {
    "name": "Upper Hutt",
    "country": "NZ",
    "lat": -41.13827,
    "lng": 175.0502
  },
  {
    "name": "Upahuacho",
    "country": "PE",
    "lat": -14.9072,
    "lng": -73.3978
  },
  {
    "name": "Upper San Mateo",
    "country": "PH",
    "lat": 7.17306,
    "lng": 124.58222
  },
  {
    "name": "Upper Klinan",
    "country": "PH",
    "lat": 6.22722,
    "lng": 125.12083
  },
  {
    "name": "Upig",
    "country": "PH",
    "lat": 15.02551,
    "lng": 120.99193
  },
  {
    "name": "Upi",
    "country": "PH",
    "lat": 17.08262,
    "lng": 121.83453
  },
  {
    "name": "Upi",
    "country": "PH",
    "lat": 7.02583,
    "lng": 124.16667
  },
  {
    "name": "Upper Bicutan",
    "country": "PH",
    "lat": 14.4996,
    "lng": 121.0507
  },
  {
    "name": "Upper Dir",
    "country": "PK",
    "lat": 35.2074,
    "lng": 71.8768
  },
  {
    "name": "Upornaya",
    "country": "RU",
    "lat": 44.3914,
    "lng": 41.0196
  },
  {
    "name": "Uporovo",
    "country": "RU",
    "lat": 56.31173,
    "lng": 66.26974
  },
  {
    "name": "Uptar",
    "country": "RU",
    "lat": 59.89959,
    "lng": 150.87284
  },
  {
    "name": "Uppsala",
    "country": "SE",
    "lat": 59.85882,
    "lng": 17.63889
  },
  {
    "name": "Upplands Väsby",
    "country": "SE",
    "lat": 59.51839,
    "lng": 17.91128
  },
  {
    "name": "Upper Prince’s Quarter",
    "country": "SX",
    "lat": 18.03277,
    "lng": -63.03075
  },
  {
    "name": "Upper Grand Lagoon",
    "country": "US",
    "lat": 30.16326,
    "lng": -85.74076
  },
  {
    "name": "Upper Alton",
    "country": "US",
    "lat": 38.91144,
    "lng": -90.15066
  },
  {
    "name": "Upper Marlboro",
    "country": "US",
    "lat": 38.81595,
    "lng": -76.74969
  },
  {
    "name": "Upper Arlington",
    "country": "US",
    "lat": 39.99451,
    "lng": -83.06241
  },
  {
    "name": "Upland",
    "country": "US",
    "lat": 39.8865,
    "lng": -75.77439
  },
  {
    "name": "Upland",
    "country": "US",
    "lat": 39.85261,
    "lng": -75.38269
  },
  {
    "name": "Uptown",
    "country": "US",
    "lat": 41.9659,
    "lng": -87.65262
  },
  {
    "name": "Upland",
    "country": "US",
    "lat": 40.4756,
    "lng": -85.49442
  },
  {
    "name": "Uphams Corner",
    "country": "US",
    "lat": 42.31676,
    "lng": -71.06061
  },
  {
    "name": "Upton",
    "country": "US",
    "lat": 42.17454,
    "lng": -71.60229
  },
  {
    "name": "Upper Montclair",
    "country": "US",
    "lat": 40.84621,
    "lng": -74.20126
  },
  {
    "name": "Upper Saddle River",
    "country": "US",
    "lat": 41.05843,
    "lng": -74.09848
  },
  {
    "name": "Upper Brookville",
    "country": "US",
    "lat": 40.83871,
    "lng": -73.56513
  },
  {
    "name": "Upper Nyack",
    "country": "US",
    "lat": 41.10704,
    "lng": -73.92014
  },
  {
    "name": "Upper West Side",
    "country": "US",
    "lat": 40.78705,
    "lng": -73.97542
  },
  {
    "name": "Upper Sandusky",
    "country": "US",
    "lat": 40.82728,
    "lng": -83.28131
  },
  {
    "name": "Upper Roxborough",
    "country": "US",
    "lat": 40.05956,
    "lng": -75.23851
  },
  {
    "name": "Upper Saint Clair",
    "country": "US",
    "lat": 40.3359,
    "lng": -80.08339
  },
  {
    "name": "Upland",
    "country": "US",
    "lat": 34.09751,
    "lng": -117.64839
  },
  {
    "name": "Upper Lake",
    "country": "US",
    "lat": 39.16461,
    "lng": -122.91055
  },
  {
    "name": "Upper Fruitland",
    "country": "US",
    "lat": 36.71584,
    "lng": -108.31424
  },
  {
    "name": "Upton",
    "country": "US",
    "lat": 44.0997,
    "lng": -104.62802
  },
  {
    "name": "Upper Bear Creek",
    "country": "US",
    "lat": 39.62385,
    "lng": -105.4178
  },
  {
    "name": "Upper Pohatcong",
    "country": "US",
    "lat": 40.67747,
    "lng": -75.1558
  },
  {
    "name": "Upper Fells Point",
    "country": "US",
    "lat": 39.28796,
    "lng": -76.58888
  },
  {
    "name": "Uplands",
    "country": "US",
    "lat": 39.28994,
    "lng": -76.69288
  },
  {
    "name": "Upton",
    "country": "US",
    "lat": 39.30149,
    "lng": -76.63152
  },
  {
    "name": "Upper Palolo",
    "country": "US",
    "lat": 21.31242,
    "lng": -157.78677
  },
  {
    "name": "Upper Manoa",
    "country": "US",
    "lat": 21.3231,
    "lng": -157.80626
  },
  {
    "name": "Upper Pauoa",
    "country": "US",
    "lat": 21.31738,
    "lng": -157.83897
  },
  {
    "name": "Upper Kalihi Valley",
    "country": "US",
    "lat": 21.35461,
    "lng": -157.85605
  },
  {
    "name": "Upata",
    "country": "VE",
    "lat": 8.0162,
    "lng": -62.40561
  },
  {
    "name": "Upington",
    "country": "ZA",
    "lat": -28.44776,
    "lng": 21.25612
  }
]