[
  {
    "name": "Utzenaich",
    "country": "AT",
    "lat": 48.27622,
    "lng": 13.46091
  },
  {
    "name": "Uttendorf",
    "country": "AT",
    "lat": 48.15887,
    "lng": 13.1218
  },
  {
    "name": "Uttendorf",
    "country": "AT",
    "lat": 47.28333,
    "lng": 12.56667
  },
  {
    "name": "Utschtal",
    "country": "AT",
    "lat": 47.4,
    "lng": 15.2
  },
  {
    "name": "Utakarra",
    "country": "AU",
    "lat": -28.78333,
    "lng": 114.65
  },
  {
    "name": "Uttar Char Fasson",
    "country": "BD",
    "lat": 22.22647,
    "lng": 90.71275
  },
  {
    "name": "Utinga",
    "country": "BR",
    "lat": -12.08167,
    "lng": -41.09444
  },
  {
    "name": "Utzenstorf",
    "country": "CH",
    "lat": 47.13248,
    "lng": 7.55355
  },
  {
    "name": "Uttwil",
    "country": "CH",
    "lat": 47.5844,
    "lng": 9.34101
  },
  {
    "name": "Uttigen",
    "country": "CH",
    "lat": 46.79435,
    "lng": 7.57789
  },
  {
    "name": "Utting am Ammersee",
    "country": "DE",
    "lat": 48.02608,
    "lng": 11.08612
  },
  {
    "name": "Uttenweiler",
    "country": "DE",
    "lat": 48.15,
    "lng": 9.61667
  },
  {
    "name": "Uttenreuth",
    "country": "DE",
    "lat": 49.59675,
    "lng": 11.07216
  },
  {
    "name": "Uthlede",
    "country": "DE",
    "lat": 53.31119,
    "lng": 8.57861
  },
  {
    "name": "Uthleben",
    "country": "DE",
    "lat": 51.44912,
    "lng": 10.838
  },
  {
    "name": "Utrera",
    "country": "ES",
    "lat": 37.18516,
    "lng": -5.78093
  },
  {
    "name": "Utiel",
    "country": "ES",
    "lat": 39.56667,
    "lng": -1.2
  },
  {
    "name": "Utrillas",
    "country": "ES",
    "lat": 40.81267,
    "lng": -0.84545
  },
  {
    "name": "Uterga",
    "country": "ES",
    "lat": 42.70981,
    "lng": -1.76004
  },
  {
    "name": "Utebo",
    "country": "ES",
    "lat": 41.70826,
    "lng": -0.99916
  },
  {
    "name": "Utande",
    "country": "ES",
    "lat": 40.84832,
    "lng": -2.9277
  },
  {
    "name": "Utsjoki",
    "country": "FI",
    "lat": 69.90864,
    "lng": 27.02843
  },
  {
    "name": "Utajärvi",
    "country": "FI",
    "lat": 64.7625,
    "lng": 26.41944
  },
  {
    "name": "Utwe",
    "country": "FM",
    "lat": 5.27486,
    "lng": 162.97656
  },
  {
    "name": "Uttoxeter",
    "country": "GB",
    "lat": 52.89838,
    "lng": -1.86488
  },
  {
    "name": "Utan",
    "country": "ID",
    "lat": -8.4129,
    "lng": 117.1332
  },
  {
    "name": "Utan",
    "country": "ID",
    "lat": -6.17694,
    "lng": 106.94667
  },
  {
    "name": "Uta",
    "country": "ID",
    "lat": -4.5536,
    "lng": 136.0339
  },
  {
    "name": "Uthukkottai",
    "country": "IN",
    "lat": 13.33551,
    "lng": 79.89
  },
  {
    "name": "Uttiramerūr",
    "country": "IN",
    "lat": 12.61433,
    "lng": 79.75748
  },
  {
    "name": "Uttarkāshi",
    "country": "IN",
    "lat": 30.72986,
    "lng": 78.44342
  },
  {
    "name": "Uttamapālaiyam",
    "country": "IN",
    "lat": 9.80701,
    "lng": 77.32718
  },
  {
    "name": "Utraula",
    "country": "IN",
    "lat": 27.31933,
    "lng": 82.41872
  },
  {
    "name": "Utrān",
    "country": "IN",
    "lat": 21.23333,
    "lng": 72.86667
  },
  {
    "name": "Utnūr",
    "country": "IN",
    "lat": 19.36798,
    "lng": 78.77608
  },
  {
    "name": "Utai",
    "country": "IN",
    "lat": 21.11667,
    "lng": 81.38333
  },
  {
    "name": "Uttar Krishnapur Pt III",
    "country": "IN",
    "lat": 24.77592,
    "lng": 92.79242
  },
  {
    "name": "Uttar Athiabari",
    "country": "IN",
    "lat": 26.52327,
    "lng": 90.96194
  },
  {
    "name": "Uttar Krishnapur Part-I",
    "country": "IN",
    "lat": 24.79064,
    "lng": 92.7934
  },
  {
    "name": "Utekhol",
    "country": "IN",
    "lat": 18.24391,
    "lng": 73.2867
  },
  {
    "name": "Utarlai",
    "country": "IN",
    "lat": 25.81407,
    "lng": 71.46615
  },
  {
    "name": "Uttar Champamura",
    "country": "IN",
    "lat": 23.83118,
    "lng": 91.33994
  },
  {
    "name": "Uta",
    "country": "IT",
    "lat": 39.29186,
    "lng": 8.95234
  },
  {
    "name": "Utsunomiya",
    "country": "JP",
    "lat": 36.56667,
    "lng": 139.88333
  },
  {
    "name": "Uto",
    "country": "JP",
    "lat": 32.68333,
    "lng": 130.66667
  },
  {
    "name": "Utazu",
    "country": "JP",
    "lat": 34.3,
    "lng": 133.81667
  },
  {
    "name": "Utashinai",
    "country": "JP",
    "lat": 43.51667,
    "lng": 142.05
  },
  {
    "name": "Utena",
    "country": "LT",
    "lat": 55.4978,
    "lng": 25.60462
  },
  {
    "name": "Utrik",
    "country": "MH",
    "lat": 11.22778,
    "lng": 169.84739
  },
  {
    "name": "Utu Etim Ekpo",
    "country": "NG",
    "lat": 5.00485,
    "lng": 7.61028
  },
  {
    "name": "Utrecht",
    "country": "NL",
    "lat": 52.09083,
    "lng": 5.12222
  },
  {
    "name": "Utsira",
    "country": "NO",
    "lat": 59.3057,
    "lng": 4.8862
  },
  {
    "name": "Utuhina",
    "country": "NZ",
    "lat": -38.1436,
    "lng": 176.23092
  },
  {
    "name": "Utirá",
    "country": "PA",
    "lat": 7.9749,
    "lng": -81.21726
  },
  {
    "name": "Uticyacu",
    "country": "PE",
    "lat": -6.60659,
    "lng": -78.79384
  },
  {
    "name": "Utco",
    "country": "PE",
    "lat": -6.89644,
    "lng": -78.06331
  },
  {
    "name": "Utcurarca",
    "country": "PE",
    "lat": -6.66306,
    "lng": -76.28667
  },
  {
    "name": "Uturoa",
    "country": "PF",
    "lat": -16.73022,
    "lng": -151.44256
  },
  {
    "name": "Utabi",
    "country": "PH",
    "lat": 12.6417,
    "lng": 123.9092
  },
  {
    "name": "Utmanzai",
    "country": "PK",
    "lat": 34.18775,
    "lng": 71.76274
  },
  {
    "name": "Uthal",
    "country": "PK",
    "lat": 25.80722,
    "lng": 66.62194
  },
  {
    "name": "Utuado",
    "country": "PR",
    "lat": 18.26551,
    "lng": -66.70045
  },
  {
    "name": "Utvin",
    "country": "RO",
    "lat": 45.71298,
    "lng": 21.13011
  },
  {
    "name": "Utsmiyurt",
    "country": "RU",
    "lat": 43.53481,
    "lng": 46.46952
  },
  {
    "name": "Utorgosh",
    "country": "RU",
    "lat": 58.28127,
    "lng": 30.25344
  },
  {
    "name": "Utevka",
    "country": "RU",
    "lat": 52.9035,
    "lng": 50.9495
  },
  {
    "name": "Utamysh",
    "country": "RU",
    "lat": 42.40718,
    "lng": 47.75109
  },
  {
    "name": "Uttaradit",
    "country": "TH",
    "lat": 17.62557,
    "lng": 100.09421
  },
  {
    "name": "Uthumphon Phisai",
    "country": "TH",
    "lat": 15.11161,
    "lng": 104.14011
  },
  {
    "name": "Uthai Thani",
    "country": "TH",
    "lat": 15.37939,
    "lng": 100.0245
  },
  {
    "name": "Uthai",
    "country": "TH",
    "lat": 14.36278,
    "lng": 100.67203
  },
  {
    "name": "Utete",
    "country": "TZ",
    "lat": -7.98598,
    "lng": 38.75795
  },
  {
    "name": "Utengule",
    "country": "TZ",
    "lat": -8.9,
    "lng": 33.33333
  },
  {
    "name": "Utkivka",
    "country": "UA",
    "lat": 49.79389,
    "lng": 36.01867
  },
  {
    "name": "Utkonosivka",
    "country": "UA",
    "lat": 45.49523,
    "lng": 28.95951
  },
  {
    "name": "Utica",
    "country": "US",
    "lat": 34.67816,
    "lng": -82.93154
  },
  {
    "name": "Utica",
    "country": "US",
    "lat": 42.62614,
    "lng": -83.03354
  },
  {
    "name": "Utica",
    "country": "US",
    "lat": 43.1009,
    "lng": -75.23266
  },
  {
    "name": "Utica",
    "country": "US",
    "lat": 40.23423,
    "lng": -82.45127
  },
  {
    "name": "Utqiagvik",
    "country": "US",
    "lat": 71.29058,
    "lng": -156.78872
  },
  {
    "name": "Utrecht",
    "country": "ZA",
    "lat": -27.65862,
    "lng": 30.32166
  }
]