[
  {
    "name": "Vergo",
    "country": "AL",
    "lat": 40.00667,
    "lng": 20.00889
  },
  {
    "name": "Vendresha e Vogël",
    "country": "AL",
    "lat": 40.50722,
    "lng": 20.13472
  },
  {
    "name": "Velçan",
    "country": "AL",
    "lat": 40.95472,
    "lng": 20.46222
  },
  {
    "name": "Velipojë",
    "country": "AL",
    "lat": 41.87833,
    "lng": 19.40556
  },
  {
    "name": "Velabisht",
    "country": "AL",
    "lat": 40.70167,
    "lng": 19.93222
  },
  {
    "name": "Vernashen",
    "country": "AM",
    "lat": 39.79236,
    "lng": 45.36389
  },
  {
    "name": "Verishen",
    "country": "AM",
    "lat": 39.53117,
    "lng": 46.31829
  },
  {
    "name": "Vedi",
    "country": "AM",
    "lat": 39.91291,
    "lng": 44.72083
  },
  {
    "name": "Verin Karmiraghbyur",
    "country": "AM",
    "lat": 40.88044,
    "lng": 45.44159
  },
  {
    "name": "Verin Getashen",
    "country": "AM",
    "lat": 40.13068,
    "lng": 45.25293
  },
  {
    "name": "Verin Dvin",
    "country": "AM",
    "lat": 40.02393,
    "lng": 44.5924
  },
  {
    "name": "Verin Artashat",
    "country": "AM",
    "lat": 39.99731,
    "lng": 44.58893
  },
  {
    "name": "Verónica",
    "country": "AR",
    "lat": -35.38732,
    "lng": -57.33839
  },
  {
    "name": "Veinticinco de Mayo",
    "country": "AR",
    "lat": -27.37796,
    "lng": -54.74505
  },
  {
    "name": "Vera",
    "country": "AR",
    "lat": -29.45986,
    "lng": -60.21315
  },
  {
    "name": "Venado Tuerto",
    "country": "AR",
    "lat": -33.74585,
    "lng": -61.96711
  },
  {
    "name": "Veinticinco de Mayo",
    "country": "AR",
    "lat": -37.77491,
    "lng": -67.71354
  },
  {
    "name": "Veinticinco de Mayo",
    "country": "AR",
    "lat": -35.43247,
    "lng": -60.17156
  },
  {
    "name": "Vedia",
    "country": "AR",
    "lat": -34.49791,
    "lng": -61.54231
  },
  {
    "name": "Velm",
    "country": "AT",
    "lat": 48.03333,
    "lng": 16.43333
  },
  {
    "name": "Velden am Wörthersee",
    "country": "AT",
    "lat": 46.61301,
    "lng": 14.0413
  },
  {
    "name": "Veitsch",
    "country": "AT",
    "lat": 47.57815,
    "lng": 15.4945
  },
  {
    "name": "Vermont",
    "country": "AU",
    "lat": -37.83616,
    "lng": 145.19428
  },
  {
    "name": "Vermont South",
    "country": "AU",
    "lat": -37.85747,
    "lng": 145.1827
  },
  {
    "name": "Verkhniy Dashkesan",
    "country": "AZ",
    "lat": 40.49357,
    "lng": 46.07175
  },
  {
    "name": "Velika Sočanica",
    "country": "BA",
    "lat": 44.88465,
    "lng": 17.92341
  },
  {
    "name": "Velika Obarska",
    "country": "BA",
    "lat": 44.80461,
    "lng": 19.16183
  },
  {
    "name": "Velika Kladuša",
    "country": "BA",
    "lat": 45.18497,
    "lng": 15.80579
  },
  {
    "name": "Velagići",
    "country": "BA",
    "lat": 44.55618,
    "lng": 16.73349
  },
  {
    "name": "Vezon",
    "country": "BE",
    "lat": 50.56917,
    "lng": 3.50469
  },
  {
    "name": "Vezin",
    "country": "BE",
    "lat": 50.49623,
    "lng": 5.00899
  },
  {
    "name": "Veurne",
    "country": "BE",
    "lat": 51.07316,
    "lng": 2.66803
  },
  {
    "name": "Verviers",
    "country": "BE",
    "lat": 50.58907,
    "lng": 5.86241
  },
  {
    "name": "Vertrijk",
    "country": "BE",
    "lat": 50.82925,
    "lng": 4.8345
  },
  {
    "name": "Verrebroek",
    "country": "BE",
    "lat": 51.25537,
    "lng": 4.18882
  },
  {
    "name": "Verlaine",
    "country": "BE",
    "lat": 50.60743,
    "lng": 5.3174
  },
  {
    "name": "Velzeke-Ruddershove",
    "country": "BE",
    "lat": 50.88288,
    "lng": 3.78292
  },
  {
    "name": "Veltem-Beisem",
    "country": "BE",
    "lat": 50.90807,
    "lng": 4.61906
  },
  {
    "name": "Velm",
    "country": "BE",
    "lat": 50.7787,
    "lng": 5.13096
  },
  {
    "name": "Vellereille-les-Brayeux",
    "country": "BE",
    "lat": 50.37952,
    "lng": 4.15112
  },
  {
    "name": "Veldwezelt",
    "country": "BE",
    "lat": 50.86805,
    "lng": 5.63101
  },
  {
    "name": "Veldegem",
    "country": "BE",
    "lat": 51.1048,
    "lng": 3.1591
  },
  {
    "name": "Velaines",
    "country": "BE",
    "lat": 50.66801,
    "lng": 3.4866
  },
  {
    "name": "Velaine",
    "country": "BE",
    "lat": 50.47805,
    "lng": 4.61031
  },
  {
    "name": "Veerle",
    "country": "BE",
    "lat": 51.06989,
    "lng": 4.98761
  },
  {
    "name": "Vedrin",
    "country": "BE",
    "lat": 50.50273,
    "lng": 4.87604
  },
  {
    "name": "Vetrino",
    "country": "BG",
    "lat": 43.31667,
    "lng": 27.43333
  },
  {
    "name": "Vetovo",
    "country": "BG",
    "lat": 43.7,
    "lng": 26.26667
  },
  {
    "name": "Venets",
    "country": "BG",
    "lat": 43.55,
    "lng": 26.93333
  },
  {
    "name": "Velingrad",
    "country": "BG",
    "lat": 42.02754,
    "lng": 23.99155
  },
  {
    "name": "Veliko Tŭrnovo",
    "country": "BG",
    "lat": 43.08124,
    "lng": 25.62904
  },
  {
    "name": "Veliki Preslav",
    "country": "BG",
    "lat": 43.16667,
    "lng": 26.81667
  },
  {
    "name": "Vertentes",
    "country": "BR",
    "lat": -7.90278,
    "lng": -35.98833
  },
  {
    "name": "Verdejante",
    "country": "BR",
    "lat": -7.92556,
    "lng": -38.97167
  },
  {
    "name": "Vera Mendes",
    "country": "BR",
    "lat": -7.60333,
    "lng": -41.48278
  },
  {
    "name": "Vera Cruz",
    "country": "BR",
    "lat": -6.04417,
    "lng": -35.42833
  },
  {
    "name": "Venturosa",
    "country": "BR",
    "lat": -8.57472,
    "lng": -36.87417
  },
  {
    "name": "Vespasiano Corrêa",
    "country": "BR",
    "lat": -29.0675,
    "lng": -51.85917
  },
  {
    "name": "Vespasiano",
    "country": "BR",
    "lat": -19.69194,
    "lng": -43.92333
  },
  {
    "name": "Vermelho Novo",
    "country": "BR",
    "lat": -20.03611,
    "lng": -42.26694
  },
  {
    "name": "Veríssimo",
    "country": "BR",
    "lat": -19.66333,
    "lng": -48.30833
  },
  {
    "name": "Veredinha",
    "country": "BR",
    "lat": -17.39944,
    "lng": -42.73556
  },
  {
    "name": "Verê",
    "country": "BR",
    "lat": -25.88139,
    "lng": -52.90778
  },
  {
    "name": "Veranópolis",
    "country": "BR",
    "lat": -28.93611,
    "lng": -51.54944
  },
  {
    "name": "Vera Cruz",
    "country": "BR",
    "lat": -22.21972,
    "lng": -49.81944
  },
  {
    "name": "Vera Cruz",
    "country": "BR",
    "lat": -12.63333,
    "lng": -41.03333
  },
  {
    "name": "Ventania",
    "country": "BR",
    "lat": -24.24583,
    "lng": -50.24278
  },
  {
    "name": "Venda Nova do Imigrante",
    "country": "BR",
    "lat": -20.32693,
    "lng": -41.13427
  },
  {
    "name": "Venâncio Aires",
    "country": "BR",
    "lat": -29.60639,
    "lng": -52.19194
  },
  {
    "name": "Vera Cruz",
    "country": "BR",
    "lat": -29.71671,
    "lng": -52.50321
  },
  {
    "name": "Vera Cruz",
    "country": "BR",
    "lat": -12.96028,
    "lng": -38.60861
  },
  {
    "name": "Venha-Ver",
    "country": "BR",
    "lat": -6.32639,
    "lng": -38.48417
  },
  {
    "name": "Vera",
    "country": "BR",
    "lat": -12.30583,
    "lng": -55.31694
  },
  {
    "name": "Vera Cruz do Oeste",
    "country": "BR",
    "lat": -25.05778,
    "lng": -53.87694
  },
  {
    "name": "Verdelândia",
    "country": "BR",
    "lat": -15.58917,
    "lng": -43.60278
  },
  {
    "name": "Vereda",
    "country": "BR",
    "lat": -17.2225,
    "lng": -40.085
  },
  {
    "name": "Vertente do Lério",
    "country": "BR",
    "lat": -7.77139,
    "lng": -35.85
  },
  {
    "name": "Vera",
    "country": "BR",
    "lat": -12.28615,
    "lng": -55.29734
  },
  {
    "name": "Veyno",
    "country": "BY",
    "lat": 53.83333,
    "lng": 30.38333
  },
  {
    "name": "Verkhnedvinsk",
    "country": "BY",
    "lat": 55.77655,
    "lng": 27.93657
  },
  {
    "name": "Vedder Crossing",
    "country": "CA",
    "lat": 49.1,
    "lng": -121.96667
  },
  {
    "name": "Vegreville",
    "country": "CA",
    "lat": 53.50015,
    "lng": -112.05182
  },
  {
    "name": "Venise-en-Québec",
    "country": "CA",
    "lat": 45.08338,
    "lng": -73.13245
  },
  {
    "name": "Verchères",
    "country": "CA",
    "lat": 45.78338,
    "lng": -73.34916
  },
  {
    "name": "Verdun",
    "country": "CA",
    "lat": 45.46005,
    "lng": -73.57058
  },
  {
    "name": "Vermilion",
    "country": "CA",
    "lat": 53.35409,
    "lng": -110.85849
  },
  {
    "name": "Vernon",
    "country": "CA",
    "lat": 50.26729,
    "lng": -119.27337
  },
  {
    "name": "Veyrier",
    "country": "CH",
    "lat": 46.16699,
    "lng": 6.18436
  },
  {
    "name": "Vex",
    "country": "CH",
    "lat": 46.21239,
    "lng": 7.39826
  },
  {
    "name": "Vevey",
    "country": "CH",
    "lat": 46.46299,
    "lng": 6.84345
  },
  {
    "name": "Versoix",
    "country": "CH",
    "lat": 46.28382,
    "lng": 6.16214
  },
  {
    "name": "Verscio",
    "country": "CH",
    "lat": 46.18482,
    "lng": 8.73224
  },
  {
    "name": "Vernier",
    "country": "CH",
    "lat": 46.21702,
    "lng": 6.08497
  },
  {
    "name": "Vernayaz",
    "country": "CH",
    "lat": 46.13667,
    "lng": 7.03906
  },
  {
    "name": "Verbier",
    "country": "CH",
    "lat": 46.1002,
    "lng": 7.22651
  },
  {
    "name": "Veltheim (Kreis 5)",
    "country": "CH",
    "lat": 47.51419,
    "lng": 8.717
  },
  {
    "name": "Veltheim",
    "country": "CH",
    "lat": 47.43796,
    "lng": 8.14722
  },
  {
    "name": "Vechigen",
    "country": "CH",
    "lat": 46.94616,
    "lng": 7.56065
  },
  {
    "name": "Veltheim (Kreis 5) / Rosenberg",
    "country": "CH",
    "lat": 47.51386,
    "lng": 8.71583
  },
  {
    "name": "Veltheim (Kreis 5) / Blumenau",
    "country": "CH",
    "lat": 47.50618,
    "lng": 8.71563
  },
  {
    "name": "Veyras",
    "country": "CH",
    "lat": 46.30212,
    "lng": 7.53619
  },
  {
    "name": "Vetas",
    "country": "CO",
    "lat": 7.30911,
    "lng": -72.87122
  },
  {
    "name": "Versalles",
    "country": "CO",
    "lat": 4.57544,
    "lng": -76.19814
  },
  {
    "name": "Vergara",
    "country": "CO",
    "lat": 5.11841,
    "lng": -74.34549
  },
  {
    "name": "Ventaquemada",
    "country": "CO",
    "lat": 5.36753,
    "lng": -73.52075
  },
  {
    "name": "Venecia",
    "country": "CO",
    "lat": 5.96278,
    "lng": -75.73806
  },
  {
    "name": "Venecia",
    "country": "CO",
    "lat": 4.08808,
    "lng": -74.47746
  },
  {
    "name": "Venadillo",
    "country": "CO",
    "lat": 4.71929,
    "lng": -74.92918
  },
  {
    "name": "Vegachí",
    "country": "CO",
    "lat": 6.76141,
    "lng": -74.79473
  },
  {
    "name": "Vertientes",
    "country": "CU",
    "lat": 21.25817,
    "lng": -78.14979
  },
  {
    "name": "Venezuela",
    "country": "CU",
    "lat": 21.73748,
    "lng": -78.79336
  },
  {
    "name": "Vega Alta",
    "country": "CU",
    "lat": 22.55,
    "lng": -79.81917
  },
  {
    "name": "Vedado del Cotorro",
    "country": "CU",
    "lat": 23.05,
    "lng": -82.25
  },
  {
    "name": "Vedado",
    "country": "CU",
    "lat": 23.13767,
    "lng": -82.39339
  },
  {
    "name": "Veverská Bítýška",
    "country": "CZ",
    "lat": 49.27591,
    "lng": 16.43686
  },
  {
    "name": "Vestec",
    "country": "CZ",
    "lat": 49.9805,
    "lng": 14.50487
  },
  {
    "name": "Veselí nad Moravou",
    "country": "CZ",
    "lat": 48.95363,
    "lng": 17.37648
  },
  {
    "name": "Veselí nad Lužnicí",
    "country": "CZ",
    "lat": 49.1843,
    "lng": 14.69734
  },
  {
    "name": "Veřovice",
    "country": "CZ",
    "lat": 49.53916,
    "lng": 18.11425
  },
  {
    "name": "Verneřice",
    "country": "CZ",
    "lat": 50.66114,
    "lng": 14.30114
  },
  {
    "name": "Vendryně",
    "country": "CZ",
    "lat": 49.66662,
    "lng": 18.71307
  },
  {
    "name": "Velvary",
    "country": "CZ",
    "lat": 50.28152,
    "lng": 14.23616
  },
  {
    "name": "Veltrusy",
    "country": "CZ",
    "lat": 50.27046,
    "lng": 14.32857
  },
  {
    "name": "Veltruby",
    "country": "CZ",
    "lat": 50.07059,
    "lng": 15.18454
  },
  {
    "name": "Velký Újezd",
    "country": "CZ",
    "lat": 49.57858,
    "lng": 17.48347
  },
  {
    "name": "Velký Týnec",
    "country": "CZ",
    "lat": 49.54994,
    "lng": 17.33359
  },
  {
    "name": "Velký Šenov",
    "country": "CZ",
    "lat": 50.99078,
    "lng": 14.37428
  },
  {
    "name": "Velký Osek",
    "country": "CZ",
    "lat": 50.09867,
    "lng": 15.18629
  },
  {
    "name": "Velký Beranov",
    "country": "CZ",
    "lat": 49.40504,
    "lng": 15.667
  },
  {
    "name": "Velké Svatoňovice",
    "country": "CZ",
    "lat": 50.53164,
    "lng": 16.02853
  },
  {
    "name": "Velké Přílepy",
    "country": "CZ",
    "lat": 50.1605,
    "lng": 14.31447
  },
  {
    "name": "Velké Poříčí",
    "country": "CZ",
    "lat": 50.46177,
    "lng": 16.18931
  },
  {
    "name": "Velké Popovice",
    "country": "CZ",
    "lat": 49.92252,
    "lng": 14.63934
  },
  {
    "name": "Velké Pavlovice",
    "country": "CZ",
    "lat": 48.90469,
    "lng": 16.81605
  },
  {
    "name": "Velké Opatovice",
    "country": "CZ",
    "lat": 49.61237,
    "lng": 16.67947
  },
  {
    "name": "Velké Němčice",
    "country": "CZ",
    "lat": 48.99168,
    "lng": 16.67208
  },
  {
    "name": "Velké Meziříčí",
    "country": "CZ",
    "lat": 49.35522,
    "lng": 16.01224
  },
  {
    "name": "Velké Losiny",
    "country": "CZ",
    "lat": 50.03197,
    "lng": 17.04058
  },
  {
    "name": "Velké Karlovice",
    "country": "CZ",
    "lat": 49.36064,
    "lng": 18.28355
  },
  {
    "name": "Velké Hoštice",
    "country": "CZ",
    "lat": 49.93609,
    "lng": 17.9738
  },
  {
    "name": "Velké Heraltice",
    "country": "CZ",
    "lat": 49.97493,
    "lng": 17.72879
  },
  {
    "name": "Velké Hamry",
    "country": "CZ",
    "lat": 50.71373,
    "lng": 15.31539
  },
  {
    "name": "Velké Březno",
    "country": "CZ",
    "lat": 50.6627,
    "lng": 14.14174
  },
  {
    "name": "Velké Bílovice",
    "country": "CZ",
    "lat": 48.84929,
    "lng": 16.89227
  },
  {
    "name": "Velká Polom",
    "country": "CZ",
    "lat": 49.86359,
    "lng": 18.09331
  },
  {
    "name": "Velká nad Veličkou",
    "country": "CZ",
    "lat": 48.88257,
    "lng": 17.5206
  },
  {
    "name": "Velká Hleďsebe",
    "country": "CZ",
    "lat": 49.96151,
    "lng": 12.66763
  },
  {
    "name": "Velká Dobrá",
    "country": "CZ",
    "lat": 50.10964,
    "lng": 14.0698
  },
  {
    "name": "Velká Chuchle",
    "country": "CZ",
    "lat": 50.01177,
    "lng": 14.38703
  },
  {
    "name": "Velká Bystřice",
    "country": "CZ",
    "lat": 49.5948,
    "lng": 17.36544
  },
  {
    "name": "Velká Bíteš",
    "country": "CZ",
    "lat": 49.28838,
    "lng": 16.22742
  },
  {
    "name": "Velim",
    "country": "CZ",
    "lat": 50.05965,
    "lng": 15.10711
  },
  {
    "name": "Veleslavín",
    "country": "CZ",
    "lat": 50.09151,
    "lng": 14.35776
  },
  {
    "name": "Velešín",
    "country": "CZ",
    "lat": 48.82949,
    "lng": 14.46252
  },
  {
    "name": "Veleň",
    "country": "CZ",
    "lat": 50.17321,
    "lng": 14.55421
  },
  {
    "name": "Velemín",
    "country": "CZ",
    "lat": 50.53898,
    "lng": 13.97675
  },
  {
    "name": "Velehrad",
    "country": "CZ",
    "lat": 49.10543,
    "lng": 17.39426
  },
  {
    "name": "Vejprty",
    "country": "CZ",
    "lat": 50.49232,
    "lng": 13.03212
  },
  {
    "name": "Vejprnice",
    "country": "CZ",
    "lat": 49.72988,
    "lng": 13.27628
  },
  {
    "name": "Vettweiß",
    "country": "DE",
    "lat": 50.73333,
    "lng": 6.6
  },
  {
    "name": "Vettelschoß",
    "country": "DE",
    "lat": 50.61667,
    "lng": 7.35
  },
  {
    "name": "Vetschau",
    "country": "DE",
    "lat": 51.78638,
    "lng": 14.07941
  },
  {
    "name": "Vestenbergsgreuth",
    "country": "DE",
    "lat": 49.68764,
    "lng": 10.65157
  },
  {
    "name": "Versmold",
    "country": "DE",
    "lat": 52.04009,
    "lng": 8.15272
  },
  {
    "name": "Verl",
    "country": "DE",
    "lat": 51.88333,
    "lng": 8.51667
  },
  {
    "name": "Veringenstadt",
    "country": "DE",
    "lat": 48.18515,
    "lng": 9.21079
  },
  {
    "name": "Verden",
    "country": "DE",
    "lat": 52.92343,
    "lng": 9.23491
  },
  {
    "name": "Venusberg",
    "country": "DE",
    "lat": 50.69918,
    "lng": 13.01854
  },
  {
    "name": "Veltheim",
    "country": "DE",
    "lat": 52.21874,
    "lng": 10.68327
  },
  {
    "name": "Veltenhof",
    "country": "DE",
    "lat": 52.30774,
    "lng": 10.48937
  },
  {
    "name": "Velten",
    "country": "DE",
    "lat": 52.69149,
    "lng": 13.17533
  },
  {
    "name": "Velpke",
    "country": "DE",
    "lat": 52.40797,
    "lng": 10.93637
  },
  {
    "name": "Vellberg",
    "country": "DE",
    "lat": 49.0843,
    "lng": 9.87914
  },
  {
    "name": "Velgast",
    "country": "DE",
    "lat": 54.27204,
    "lng": 12.81075
  },
  {
    "name": "Velen",
    "country": "DE",
    "lat": 51.89447,
    "lng": 6.98807
  },
  {
    "name": "Velden",
    "country": "DE",
    "lat": 49.61388,
    "lng": 11.51008
  },
  {
    "name": "Velden",
    "country": "DE",
    "lat": 48.36632,
    "lng": 12.25596
  },
  {
    "name": "Velburg",
    "country": "DE",
    "lat": 49.23212,
    "lng": 11.6716
  },
  {
    "name": "Velbert",
    "country": "DE",
    "lat": 51.33537,
    "lng": 7.04348
  },
  {
    "name": "Veitshöchheim",
    "country": "DE",
    "lat": 49.83278,
    "lng": 9.88167
  },
  {
    "name": "Veitsbronn",
    "country": "DE",
    "lat": 49.51239,
    "lng": 10.88797
  },
  {
    "name": "Veilsdorf",
    "country": "DE",
    "lat": 50.40876,
    "lng": 10.80947
  },
  {
    "name": "Vegesack",
    "country": "DE",
    "lat": 53.17923,
    "lng": 8.62228
  },
  {
    "name": "Veckenstedt",
    "country": "DE",
    "lat": 51.90113,
    "lng": 10.73203
  },
  {
    "name": "Vechta",
    "country": "DE",
    "lat": 52.72632,
    "lng": 8.28598
  },
  {
    "name": "Vechelde",
    "country": "DE",
    "lat": 52.26038,
    "lng": 10.36491
  },
  {
    "name": "Vellmar",
    "country": "DE",
    "lat": 51.35806,
    "lng": 9.47974
  },
  {
    "name": "Veddel",
    "country": "DE",
    "lat": 53.52016,
    "lng": 10.03687
  },
  {
    "name": "Vester-Skerninge",
    "country": "DK",
    "lat": 55.07322,
    "lng": 10.45536
  },
  {
    "name": "Vester Hassing",
    "country": "DK",
    "lat": 57.06767,
    "lng": 10.12558
  },
  {
    "name": "Vestbjerg",
    "country": "DK",
    "lat": 57.13166,
    "lng": 9.95942
  },
  {
    "name": "Vemb",
    "country": "DK",
    "lat": 56.3423,
    "lng": 8.33749
  },
  {
    "name": "Veksø",
    "country": "DK",
    "lat": 55.75473,
    "lng": 12.23837
  },
  {
    "name": "Vejle",
    "country": "DK",
    "lat": 55.70927,
    "lng": 9.5357
  },
  {
    "name": "Vejen",
    "country": "DK",
    "lat": 55.48117,
    "lng": 9.13795
  },
  {
    "name": "Veragua Arriba",
    "country": "DO",
    "lat": 19.58333,
    "lng": -70.33333
  },
  {
    "name": "Ventanas",
    "country": "EC",
    "lat": -1.44285,
    "lng": -79.46274
  },
  {
    "name": "Veintiocho de Mayo",
    "country": "EC",
    "lat": -3.63617,
    "lng": -78.92654
  },
  {
    "name": "Ventura",
    "country": "EC",
    "lat": -2.24811,
    "lng": -79.12386
  },
  {
    "name": "Vergel",
    "country": "ES",
    "lat": 38.84709,
    "lng": 0.01034
  },
  {
    "name": "Vera",
    "country": "ES",
    "lat": 37.24345,
    "lng": -1.85905
  },
  {
    "name": "Ventas de Huelma",
    "country": "ES",
    "lat": 37.0684,
    "lng": -3.81983
  },
  {
    "name": "Ventas con Peña Aguilera",
    "country": "ES",
    "lat": 39.61033,
    "lng": -4.23128
  },
  {
    "name": "Venta del Moro",
    "country": "ES",
    "lat": 39.48333,
    "lng": -1.35
  },
  {
    "name": "Velez Rubio",
    "country": "ES",
    "lat": 37.64844,
    "lng": -2.07686
  },
  {
    "name": "Velefique",
    "country": "ES",
    "lat": 37.19407,
    "lng": -2.40155
  },
  {
    "name": "Velada",
    "country": "ES",
    "lat": 39.97687,
    "lng": -4.97641
  },
  {
    "name": "Vejer de la Frontera",
    "country": "ES",
    "lat": 36.25213,
    "lng": -5.96717
  },
  {
    "name": "Vega de San Mateo",
    "country": "ES",
    "lat": 28.00892,
    "lng": -15.5333
  },
  {
    "name": "Vezdemarbán",
    "country": "ES",
    "lat": 41.6548,
    "lng": -5.36609
  },
  {
    "name": "Vertavillo",
    "country": "ES",
    "lat": 41.83281,
    "lng": -4.32707
  },
  {
    "name": "Verín",
    "country": "ES",
    "lat": 41.94149,
    "lng": -7.43809
  },
  {
    "name": "Verges",
    "country": "ES",
    "lat": 42.06283,
    "lng": 3.04579
  },
  {
    "name": "Verea",
    "country": "ES",
    "lat": 42.10653,
    "lng": -8.00092
  },
  {
    "name": "Verdú",
    "country": "ES",
    "lat": 41.61057,
    "lng": 1.14284
  },
  {
    "name": "Vera de Moncayo",
    "country": "ES",
    "lat": 41.824,
    "lng": -1.68799
  },
  {
    "name": "Venturada",
    "country": "ES",
    "lat": 40.79717,
    "lng": -3.61974
  },
  {
    "name": "Ventrosa",
    "country": "ES",
    "lat": 42.15705,
    "lng": -2.85044
  },
  {
    "name": "Ventosa del Río Almar",
    "country": "ES",
    "lat": 40.92728,
    "lng": -5.34838
  },
  {
    "name": "Ventosa de la Cuesta",
    "country": "ES",
    "lat": 41.4111,
    "lng": -4.82932
  },
  {
    "name": "Ventosa",
    "country": "ES",
    "lat": 42.40495,
    "lng": -2.62651
  },
  {
    "name": "Ventalló",
    "country": "ES",
    "lat": 42.14921,
    "lng": 3.02635
  },
  {
    "name": "Venta de Baños",
    "country": "ES",
    "lat": 41.9211,
    "lng": -4.49089
  },
  {
    "name": "Venialbo",
    "country": "ES",
    "lat": 41.38957,
    "lng": -5.53596
  },
  {
    "name": "Velliza",
    "country": "ES",
    "lat": 41.57918,
    "lng": -4.94655
  },
  {
    "name": "Vellisca",
    "country": "ES",
    "lat": 40.12965,
    "lng": -2.81444
  },
  {
    "name": "Velilla de San Antonio",
    "country": "ES",
    "lat": 40.36516,
    "lng": -3.48484
  },
  {
    "name": "Velilla del Río Carrión",
    "country": "ES",
    "lat": 42.82611,
    "lng": -4.84626
  },
  {
    "name": "Velilla de los Ajos",
    "country": "ES",
    "lat": 41.49058,
    "lng": -2.25579
  },
  {
    "name": "Velilla de Jiloca",
    "country": "ES",
    "lat": 41.27509,
    "lng": -1.60396
  },
  {
    "name": "Velilla de Ebro",
    "country": "ES",
    "lat": 41.37416,
    "lng": -0.43483
  },
  {
    "name": "Velilla",
    "country": "ES",
    "lat": 41.5592,
    "lng": -5.00454
  },
  {
    "name": "Velayos",
    "country": "ES",
    "lat": 40.84157,
    "lng": -4.62324
  },
  {
    "name": "Velascálvaro",
    "country": "ES",
    "lat": 41.23028,
    "lng": -4.97242
  },
  {
    "name": "Velamazán",
    "country": "ES",
    "lat": 41.44895,
    "lng": -2.69935
  },
  {
    "name": "Veguillas de la Sierra",
    "country": "ES",
    "lat": 40.15,
    "lng": -1.4
  },
  {
    "name": "Vegas de Matute",
    "country": "ES",
    "lat": 40.79476,
    "lng": -4.27762
  },
  {
    "name": "Vegaquemada",
    "country": "ES",
    "lat": 42.8187,
    "lng": -5.33242
  },
  {
    "name": "Veganzones",
    "country": "ES",
    "lat": 41.19308,
    "lng": -3.99329
  },
  {
    "name": "Vegalatrave",
    "country": "ES",
    "lat": 41.70026,
    "lng": -6.10675
  },
  {
    "name": "Vega de Villalobos",
    "country": "ES",
    "lat": 41.97057,
    "lng": -5.46324
  },
  {
    "name": "Vega de Valdetronco",
    "country": "ES",
    "lat": 41.59364,
    "lng": -5.11319
  },
  {
    "name": "Vega de Valcarce",
    "country": "ES",
    "lat": 42.66068,
    "lng": -6.93785
  },
  {
    "name": "Vega de Tirados",
    "country": "ES",
    "lat": 41.02543,
    "lng": -5.88667
  },
  {
    "name": "Vega de Tera",
    "country": "ES",
    "lat": 41.99759,
    "lng": -6.125
  },
  {
    "name": "Vega de Santa María",
    "country": "ES",
    "lat": 40.83618,
    "lng": -4.64287
  },
  {
    "name": "Vega de Ruiponce",
    "country": "ES",
    "lat": 42.18808,
    "lng": -5.11477
  },
  {
    "name": "Vega de Pas",
    "country": "ES",
    "lat": 43.15692,
    "lng": -3.78316
  },
  {
    "name": "Vegadeo",
    "country": "ES",
    "lat": 43.46834,
    "lng": -7.0539
  },
  {
    "name": "Vega de Infanzones",
    "country": "ES",
    "lat": 42.48116,
    "lng": -5.53295
  },
  {
    "name": "Vega de Espinareda",
    "country": "ES",
    "lat": 42.72537,
    "lng": -6.65439
  },
  {
    "name": "Vegacervera",
    "country": "ES",
    "lat": 42.88808,
    "lng": -5.53549
  },
  {
    "name": "Vedra",
    "country": "ES",
    "lat": 42.77817,
    "lng": -8.47636
  },
  {
    "name": "Vecinos",
    "country": "ES",
    "lat": 40.77875,
    "lng": -5.87815
  },
  {
    "name": "Vecindario",
    "country": "ES",
    "lat": 27.84636,
    "lng": -15.44455
  },
  {
    "name": "Vega del Codorno",
    "country": "ES",
    "lat": 40.42457,
    "lng": -1.91312
  },
  {
    "name": "Verdun",
    "country": "ES",
    "lat": 41.44273,
    "lng": 2.17564
  },
  {
    "name": "Ventas",
    "country": "ES",
    "lat": 40.42248,
    "lng": -3.64741
  },
  {
    "name": "Veteli",
    "country": "FI",
    "lat": 63.47839,
    "lng": 23.78285
  },
  {
    "name": "Vesilahti",
    "country": "FI",
    "lat": 61.31667,
    "lng": 23.61667
  },
  {
    "name": "Vesanto",
    "country": "FI",
    "lat": 62.93333,
    "lng": 26.41667
  },
  {
    "name": "Velkua",
    "country": "FI",
    "lat": 60.46667,
    "lng": 21.66667
  },
  {
    "name": "Vehmersalmi",
    "country": "FI",
    "lat": 62.76101,
    "lng": 28.02853
  },
  {
    "name": "Vehmainen",
    "country": "FI",
    "lat": 61.47674,
    "lng": 23.91827
  },
  {
    "name": "Vehmaa",
    "country": "FI",
    "lat": 60.68333,
    "lng": 21.66667
  },
  {
    "name": "Veräjämäki",
    "country": "FI",
    "lat": 60.22745,
    "lng": 24.97484
  },
  {
    "name": "Vesala",
    "country": "FI",
    "lat": 60.23998,
    "lng": 25.10307
  },
  {
    "name": "Veisu",
    "country": "FI",
    "lat": 61.46995,
    "lng": 23.80908
  },
  {
    "name": "Veromies",
    "country": "FI",
    "lat": 60.29842,
    "lng": 24.96343
  },
  {
    "name": "Veikkari",
    "country": "FI",
    "lat": 60.60965,
    "lng": 24.81241
  },
  {
    "name": "Vestmanna",
    "country": "FO",
    "lat": 62.15354,
    "lng": -7.17291
  },
  {
    "name": "Vezins",
    "country": "FR",
    "lat": 47.12116,
    "lng": -0.71212
  },
  {
    "name": "Vezin-le-Coquet",
    "country": "FR",
    "lat": 48.11897,
    "lng": -1.7563
  },
  {
    "name": "Veyrier-du-Lac",
    "country": "FR",
    "lat": 45.88234,
    "lng": 6.17709
  },
  {
    "name": "Veyre-Monton",
    "country": "FR",
    "lat": 45.66866,
    "lng": 3.17144
  },
  {
    "name": "Veyras",
    "country": "FR",
    "lat": 44.73518,
    "lng": 4.56254
  },
  {
    "name": "Veyrac",
    "country": "FR",
    "lat": 45.89695,
    "lng": 1.1057
  },
  {
    "name": "Veynes",
    "country": "FR",
    "lat": 44.53406,
    "lng": 5.82321
  },
  {
    "name": "Veurey-Voroize",
    "country": "FR",
    "lat": 45.27268,
    "lng": 5.61372
  },
  {
    "name": "Vestric-et-Candiac",
    "country": "FR",
    "lat": 43.74067,
    "lng": 4.25861
  },
  {
    "name": "Vesseaux",
    "country": "FR",
    "lat": 44.65152,
    "lng": 4.44025
  },
  {
    "name": "Vesoul",
    "country": "FR",
    "lat": 47.62604,
    "lng": 6.14251
  },
  {
    "name": "Vescovato",
    "country": "FR",
    "lat": 42.49293,
    "lng": 9.43934
  },
  {
    "name": "Verzy",
    "country": "FR",
    "lat": 49.14576,
    "lng": 4.16409
  },
  {
    "name": "Verzenay",
    "country": "FR",
    "lat": 49.15918,
    "lng": 4.14543
  },
  {
    "name": "Vervins",
    "country": "FR",
    "lat": 49.8351,
    "lng": 3.90925
  },
  {
    "name": "Vertus",
    "country": "FR",
    "lat": 48.90609,
    "lng": 4.00216
  },
  {
    "name": "Vert-Saint-Denis",
    "country": "FR",
    "lat": 48.56818,
    "lng": 2.62007
  },
  {
    "name": "Vertou",
    "country": "FR",
    "lat": 47.16878,
    "lng": -1.4729
  },
  {
    "name": "Verton",
    "country": "FR",
    "lat": 50.40234,
    "lng": 1.64766
  },
  {
    "name": "Vert-le-Petit",
    "country": "FR",
    "lat": 48.55163,
    "lng": 2.36526
  },
  {
    "name": "Vert-le-Grand",
    "country": "FR",
    "lat": 48.57172,
    "lng": 2.35777
  },
  {
    "name": "Vertheuil",
    "country": "FR",
    "lat": 45.25049,
    "lng": -0.83448
  },
  {
    "name": "Vert-en-Drouais",
    "country": "FR",
    "lat": 48.76029,
    "lng": 1.2946
  },
  {
    "name": "Vertaizon",
    "country": "FR",
    "lat": 45.76983,
    "lng": 3.2865
  },
  {
    "name": "Ver-sur-Mer",
    "country": "FR",
    "lat": 49.32987,
    "lng": -0.53118
  },
  {
    "name": "Ver-sur-Launette",
    "country": "FR",
    "lat": 49.10495,
    "lng": 2.68409
  },
  {
    "name": "Versonnex",
    "country": "FR",
    "lat": 45.92914,
    "lng": 5.92586
  },
  {
    "name": "Verson",
    "country": "FR",
    "lat": 49.15432,
    "lng": -0.45628
  },
  {
    "name": "Versailles",
    "country": "FR",
    "lat": 48.80359,
    "lng": 2.13424
  },
  {
    "name": "Vers-Pont-du-Gard",
    "country": "FR",
    "lat": 43.96667,
    "lng": 4.53333
  },
  {
    "name": "Verrières-le-Buisson",
    "country": "FR",
    "lat": 48.74565,
    "lng": 2.26796
  },
  {
    "name": "Verrières",
    "country": "FR",
    "lat": 48.23334,
    "lng": 4.14893
  },
  {
    "name": "Verquin",
    "country": "FR",
    "lat": 50.5024,
    "lng": 2.63888
  },
  {
    "name": "Verny",
    "country": "FR",
    "lat": 49.00677,
    "lng": 6.2035
  },
  {
    "name": "Vern-sur-Seiche",
    "country": "FR",
    "lat": 48.04585,
    "lng": -1.60242
  },
  {
    "name": "Vernoux-en-Vivarais",
    "country": "FR",
    "lat": 44.89577,
    "lng": 4.64524
  },
  {
    "name": "Vernou-la-Celle-sur-Seine",
    "country": "FR",
    "lat": 48.38789,
    "lng": 2.84718
  },
  {
    "name": "Vernou-sur-Brenne",
    "country": "FR",
    "lat": 47.41936,
    "lng": 0.84757
  },
  {
    "name": "Vernouillet",
    "country": "FR",
    "lat": 48.97146,
    "lng": 1.98082
  },
  {
    "name": "Vernouillet",
    "country": "FR",
    "lat": 48.7209,
    "lng": 1.36951
  },
  {
    "name": "Vernosc-lès-Annonay",
    "country": "FR",
    "lat": 45.21596,
    "lng": 4.7131
  },
  {
    "name": "Vernon",
    "country": "FR",
    "lat": 49.09292,
    "lng": 1.46332
  },
  {
    "name": "Vernoil-le-Fourrier",
    "country": "FR",
    "lat": 47.38737,
    "lng": 0.07883
  },
  {
    "name": "Vernioz",
    "country": "FR",
    "lat": 45.42672,
    "lng": 4.88267
  },
  {
    "name": "Verniolle",
    "country": "FR",
    "lat": 43.08175,
    "lng": 1.64803
  },
  {
    "name": "Verneuil-sur-Vienne",
    "country": "FR",
    "lat": 45.84867,
    "lng": 1.12686
  },
  {
    "name": "Verneuil-sur-Seine",
    "country": "FR",
    "lat": 48.97388,
    "lng": 1.9648
  },
  {
    "name": "Verneuil-sur-Avre",
    "country": "FR",
    "lat": 48.73949,
    "lng": 0.92731
  },
  {
    "name": "Verneuil-en-Halatte",
    "country": "FR",
    "lat": 49.27914,
    "lng": 2.5241
  },
  {
    "name": "Vernet-les-Bains",
    "country": "FR",
    "lat": 42.54946,
    "lng": 2.38687
  },
  {
    "name": "Vernègues",
    "country": "FR",
    "lat": 43.68575,
    "lng": 5.17156
  },
  {
    "name": "Vern-d'Anjou",
    "country": "FR",
    "lat": 47.60101,
    "lng": -0.8349
  },
  {
    "name": "Vernantes",
    "country": "FR",
    "lat": 47.39323,
    "lng": 0.05155
  },
  {
    "name": "Vernaison",
    "country": "FR",
    "lat": 45.64781,
    "lng": 4.8114
  },
  {
    "name": "Vermenton",
    "country": "FR",
    "lat": 47.66459,
    "lng": 3.73501
  },
  {
    "name": "Vermelles",
    "country": "FR",
    "lat": 50.48949,
    "lng": 2.74739
  },
  {
    "name": "Vermand",
    "country": "FR",
    "lat": 49.8755,
    "lng": 3.14959
  },
  {
    "name": "Verlinghem",
    "country": "FR",
    "lat": 50.68291,
    "lng": 2.99907
  },
  {
    "name": "Vergt",
    "country": "FR",
    "lat": 45.0268,
    "lng": 0.7178
  },
  {
    "name": "Vergongheon",
    "country": "FR",
    "lat": 45.37107,
    "lng": 3.31981
  },
  {
    "name": "Vergigny",
    "country": "FR",
    "lat": 47.97059,
    "lng": 3.71861
  },
  {
    "name": "Vergèze",
    "country": "FR",
    "lat": 43.74363,
    "lng": 4.22018
  },
  {
    "name": "Verfeil",
    "country": "FR",
    "lat": 43.65781,
    "lng": 1.6634
  },
  {
    "name": "Verdun",
    "country": "FR",
    "lat": 49.15964,
    "lng": 5.3829
  },
  {
    "name": "Verdun-sur-le-Doubs",
    "country": "FR",
    "lat": 46.89692,
    "lng": 5.02127
  },
  {
    "name": "Verdun-sur-Garonne",
    "country": "FR",
    "lat": 43.85446,
    "lng": 1.23425
  },
  {
    "name": "Vercel-Villedieu-le-Camp",
    "country": "FR",
    "lat": 47.18318,
    "lng": 6.40082
  },
  {
    "name": "Verberie",
    "country": "FR",
    "lat": 49.31115,
    "lng": 2.7321
  },
  {
    "name": "Ventiseri",
    "country": "FR",
    "lat": 41.94356,
    "lng": 9.33342
  },
  {
    "name": "Ventabren",
    "country": "FR",
    "lat": 43.53847,
    "lng": 5.29541
  },
  {
    "name": "Venoy",
    "country": "FR",
    "lat": 47.80518,
    "lng": 3.63695
  },
  {
    "name": "Vennecy",
    "country": "FR",
    "lat": 47.95465,
    "lng": 2.05459
  },
  {
    "name": "Venizel",
    "country": "FR",
    "lat": 49.36583,
    "lng": 3.39321
  },
  {
    "name": "Veneux-les-Sablons",
    "country": "FR",
    "lat": 48.37872,
    "lng": 2.79499
  },
  {
    "name": "Venette",
    "country": "FR",
    "lat": 49.41705,
    "lng": 2.80317
  },
  {
    "name": "Venerque",
    "country": "FR",
    "lat": 43.43405,
    "lng": 1.44329
  },
  {
    "name": "Venelles",
    "country": "FR",
    "lat": 43.59859,
    "lng": 5.47977
  },
  {
    "name": "Vendres",
    "country": "FR",
    "lat": 43.26978,
    "lng": 3.22395
  },
  {
    "name": "Vendrennes",
    "country": "FR",
    "lat": 46.82613,
    "lng": -1.12339
  },
  {
    "name": "Vendôme",
    "country": "FR",
    "lat": 47.79292,
    "lng": 1.06556
  },
  {
    "name": "Vendœuvres",
    "country": "FR",
    "lat": 46.8,
    "lng": 1.35
  },
  {
    "name": "Vendin-le-Vieil",
    "country": "FR",
    "lat": 50.47385,
    "lng": 2.86674
  },
  {
    "name": "Vendin-lès-Béthune",
    "country": "FR",
    "lat": 50.54012,
    "lng": 2.60043
  },
  {
    "name": "Vendeville",
    "country": "FR",
    "lat": 50.57693,
    "lng": 3.0787
  },
  {
    "name": "Vendeuvre-sur-Barse",
    "country": "FR",
    "lat": 48.23786,
    "lng": 4.46905
  },
  {
    "name": "Vendeuvre-du-Poitou",
    "country": "FR",
    "lat": 46.73576,
    "lng": 0.30942
  },
  {
    "name": "Vendenheim",
    "country": "FR",
    "lat": 48.66948,
    "lng": 7.70983
  },
  {
    "name": "Vendegies-sur-Écaillon",
    "country": "FR",
    "lat": 50.26224,
    "lng": 3.51256
  },
  {
    "name": "Vendays-Montalivet",
    "country": "FR",
    "lat": 45.35588,
    "lng": -1.06062
  },
  {
    "name": "Vendat",
    "country": "FR",
    "lat": 46.16387,
    "lng": 3.35366
  },
  {
    "name": "Vendargues",
    "country": "FR",
    "lat": 43.65833,
    "lng": 3.97
  },
  {
    "name": "Vence",
    "country": "FR",
    "lat": 43.72254,
    "lng": 7.11183
  },
  {
    "name": "Venasque",
    "country": "FR",
    "lat": 43.99595,
    "lng": 5.14666
  },
  {
    "name": "Venarey-les-Laumes",
    "country": "FR",
    "lat": 47.54202,
    "lng": 4.46022
  },
  {
    "name": "Venansault",
    "country": "FR",
    "lat": 46.68614,
    "lng": -1.51386
  },
  {
    "name": "Velleron",
    "country": "FR",
    "lat": 43.95742,
    "lng": 5.02936
  },
  {
    "name": "Velaux",
    "country": "FR",
    "lat": 43.52839,
    "lng": 5.25661
  },
  {
    "name": "Velars-sur-Ouche",
    "country": "FR",
    "lat": 47.3196,
    "lng": 4.90594
  },
  {
    "name": "Velaines",
    "country": "FR",
    "lat": 48.6988,
    "lng": 5.30483
  },
  {
    "name": "Velaine-en-Haye",
    "country": "FR",
    "lat": 48.6999,
    "lng": 6.02754
  },
  {
    "name": "Veigy",
    "country": "FR",
    "lat": 46.26787,
    "lng": 6.26304
  },
  {
    "name": "Veigné",
    "country": "FR",
    "lat": 47.28556,
    "lng": 0.74079
  },
  {
    "name": "Vedène",
    "country": "FR",
    "lat": 43.97744,
    "lng": 4.90428
  },
  {
    "name": "Vecoux",
    "country": "FR",
    "lat": 47.97797,
    "lng": 6.63651
  },
  {
    "name": "Veauche",
    "country": "FR",
    "lat": 45.56326,
    "lng": 4.29192
  },
  {
    "name": "Vernet",
    "country": "FR",
    "lat": 43.43333,
    "lng": 1.41667
  },
  {
    "name": "Verduron",
    "country": "FR",
    "lat": 43.37063,
    "lng": 5.34513
  },
  {
    "name": "Verwood",
    "country": "GB",
    "lat": 50.87575,
    "lng": -1.87023
  },
  {
    "name": "Ventnor",
    "country": "GB",
    "lat": 50.59449,
    "lng": -1.20672
  },
  {
    "name": "Verdikoússa",
    "country": "GR",
    "lat": 39.78175,
    "lng": 21.97728
  },
  {
    "name": "Velestíno",
    "country": "GR",
    "lat": 39.38181,
    "lng": 22.74616
  },
  {
    "name": "Vergína",
    "country": "GR",
    "lat": 40.48654,
    "lng": 22.31735
  },
  {
    "name": "Velventós",
    "country": "GR",
    "lat": 40.25532,
    "lng": 22.07543
  },
  {
    "name": "Veracruz",
    "country": "HN",
    "lat": 14.91667,
    "lng": -88.78333
  },
  {
    "name": "Veprinac",
    "country": "HR",
    "lat": 45.3355,
    "lng": 14.27562
  },
  {
    "name": "Veliko Trojstvo",
    "country": "HR",
    "lat": 45.93556,
    "lng": 16.93417
  },
  {
    "name": "Veliko Trgovišće",
    "country": "HR",
    "lat": 46.0,
    "lng": 15.85
  },
  {
    "name": "Veliki Grđevac",
    "country": "HR",
    "lat": 45.75028,
    "lng": 17.0475
  },
  {
    "name": "Veliki Bukovec",
    "country": "HR",
    "lat": 46.29444,
    "lng": 16.71306
  },
  {
    "name": "Velika Trnovitica",
    "country": "HR",
    "lat": 45.6825,
    "lng": 16.95389
  },
  {
    "name": "Velika Pisanica",
    "country": "HR",
    "lat": 45.8016,
    "lng": 17.06551
  },
  {
    "name": "Velika Ostrna",
    "country": "HR",
    "lat": 45.78752,
    "lng": 16.28139
  },
  {
    "name": "Velika Mlaka",
    "country": "HR",
    "lat": 45.73639,
    "lng": 16.03111
  },
  {
    "name": "Velika Ludina",
    "country": "HR",
    "lat": 45.60657,
    "lng": 16.58881
  },
  {
    "name": "Velika Kopanica",
    "country": "HR",
    "lat": 45.15611,
    "lng": 18.39306
  },
  {
    "name": "Velika Gorica",
    "country": "HR",
    "lat": 45.7125,
    "lng": 16.07556
  },
  {
    "name": "Velika",
    "country": "HR",
    "lat": 45.45444,
    "lng": 17.66139
  },
  {
    "name": "Vela Luka",
    "country": "HR",
    "lat": 42.96333,
    "lng": 16.7225
  },
  {
    "name": "Veliko Polje",
    "country": "HR",
    "lat": 45.73682,
    "lng": 16.01584
  },
  {
    "name": "Veliko Selce",
    "country": "HR",
    "lat": 45.4295,
    "lng": 14.91373
  },
  {
    "name": "Veliki Prokop",
    "country": "HR",
    "lat": 45.63458,
    "lng": 16.84115
  },
  {
    "name": "Verrettes",
    "country": "HT",
    "lat": 19.0505,
    "lng": -72.46585
  },
  {
    "name": "Verpelét",
    "country": "HU",
    "lat": 47.85,
    "lng": 20.23333
  },
  {
    "name": "Veszprém",
    "country": "HU",
    "lat": 47.09327,
    "lng": 17.91149
  },
  {
    "name": "Verőce",
    "country": "HU",
    "lat": 47.82468,
    "lng": 19.03484
  },
  {
    "name": "Veresegyház",
    "country": "HU",
    "lat": 47.6459,
    "lng": 19.29536
  },
  {
    "name": "Velence",
    "country": "HU",
    "lat": 47.23855,
    "lng": 18.65484
  },
  {
    "name": "Vecsés",
    "country": "HU",
    "lat": 47.40705,
    "lng": 19.28648
  },
  {
    "name": "Vettūr",
    "country": "IN",
    "lat": 8.71742,
    "lng": 76.72582
  },
  {
    "name": "Vettavalam",
    "country": "IN",
    "lat": 12.10769,
    "lng": 79.24516
  },
  {
    "name": "Vettaikkaranpudur",
    "country": "IN",
    "lat": 10.56207,
    "lng": 76.91305
  },
  {
    "name": "Vetapālem",
    "country": "IN",
    "lat": 15.78502,
    "lng": 80.30663
  },
  {
    "name": "Verna",
    "country": "IN",
    "lat": 15.35479,
    "lng": 73.92454
  },
  {
    "name": "Verāval",
    "country": "IN",
    "lat": 20.9077,
    "lng": 70.36786
  },
  {
    "name": "Vepagunta",
    "country": "IN",
    "lat": 17.77844,
    "lng": 83.21577
  },
  {
    "name": "Venkatagiri",
    "country": "IN",
    "lat": 13.96005,
    "lng": 79.58032
  },
  {
    "name": "Vengurla",
    "country": "IN",
    "lat": 15.86125,
    "lng": 73.63182
  },
  {
    "name": "Vemalwāda",
    "country": "IN",
    "lat": 18.46523,
    "lng": 78.86894
  },
  {
    "name": "Velur",
    "country": "IN",
    "lat": 11.10825,
    "lng": 78.00113
  },
  {
    "name": "Vellore",
    "country": "IN",
    "lat": 12.9184,
    "lng": 79.13255
  },
  {
    "name": "Vellakkovil",
    "country": "IN",
    "lat": 10.94627,
    "lng": 77.71242
  },
  {
    "name": "Velankanni",
    "country": "IN",
    "lat": 10.68333,
    "lng": 79.83333
  },
  {
    "name": "Vejalpur",
    "country": "IN",
    "lat": 22.69021,
    "lng": 73.56299
  },
  {
    "name": "Vedasandūr",
    "country": "IN",
    "lat": 10.53102,
    "lng": 77.95019
  },
  {
    "name": "Vedaraniyam",
    "country": "IN",
    "lat": 10.37208,
    "lng": 79.85095
  },
  {
    "name": "Vengavasal",
    "country": "IN",
    "lat": 12.89911,
    "lng": 80.169
  },
  {
    "name": "Vellānūr",
    "country": "IN",
    "lat": 13.15804,
    "lng": 80.10634
  },
  {
    "name": "Vengattūr",
    "country": "IN",
    "lat": 13.09988,
    "lng": 79.93207
  },
  {
    "name": "Vennandur",
    "country": "IN",
    "lat": 11.51518,
    "lng": 78.09073
  },
  {
    "name": "Vembadithalam",
    "country": "IN",
    "lat": 11.56741,
    "lng": 78.01095
  },
  {
    "name": "Veeraganur",
    "country": "IN",
    "lat": 11.47685,
    "lng": 78.73522
  },
  {
    "name": "Vellalūr",
    "country": "IN",
    "lat": 10.97747,
    "lng": 77.02601
  },
  {
    "name": "Veppathur",
    "country": "IN",
    "lat": 11.01607,
    "lng": 79.4418
  },
  {
    "name": "Veparāla",
    "country": "IN",
    "lat": 14.85718,
    "lng": 78.34806
  },
  {
    "name": "Venkatāpuram",
    "country": "IN",
    "lat": 12.53441,
    "lng": 78.20198
  },
  {
    "name": "Vengikkal",
    "country": "IN",
    "lat": 12.26416,
    "lng": 79.06745
  },
  {
    "name": "Velāppākkam",
    "country": "IN",
    "lat": 12.85254,
    "lng": 79.29579
  },
  {
    "name": "Vellakkinar",
    "country": "IN",
    "lat": 11.07364,
    "lng": 76.95663
  },
  {
    "name": "Venkidanga",
    "country": "IN",
    "lat": 10.51917,
    "lng": 76.08599
  },
  {
    "name": "Veluthūr",
    "country": "IN",
    "lat": 10.53974,
    "lng": 76.22375
  },
  {
    "name": "Vellanikkara",
    "country": "IN",
    "lat": 10.54746,
    "lng": 76.25828
  },
  {
    "name": "Vengola Kizhakkumbāgam",
    "country": "IN",
    "lat": 10.06374,
    "lng": 76.47606
  },
  {
    "name": "Vellūr",
    "country": "IN",
    "lat": 8.62617,
    "lng": 76.83053
  },
  {
    "name": "Vettanād",
    "country": "IN",
    "lat": 8.60587,
    "lng": 76.94235
  },
  {
    "name": "Vedappatti",
    "country": "IN",
    "lat": 10.99882,
    "lng": 76.89602
  },
  {
    "name": "Vellarivalli",
    "country": "IN",
    "lat": 11.26719,
    "lng": 77.45525
  },
  {
    "name": "Velampālaiyam",
    "country": "IN",
    "lat": 11.13764,
    "lng": 77.31064
  },
  {
    "name": "Vellavādanparappu",
    "country": "IN",
    "lat": 11.18537,
    "lng": 77.84245
  },
  {
    "name": "Vengambūr",
    "country": "IN",
    "lat": 11.10531,
    "lng": 77.87831
  },
  {
    "name": "Vegarai",
    "country": "IN",
    "lat": 11.09025,
    "lng": 77.96791
  },
  {
    "name": "Verukulambu",
    "country": "IN",
    "lat": 8.29531,
    "lng": 77.29387
  },
  {
    "name": "Veillyāchi",
    "country": "IN",
    "lat": 8.15167,
    "lng": 77.33662
  },
  {
    "name": "Venkatapura",
    "country": "IN",
    "lat": 14.03213,
    "lng": 74.53329
  },
  {
    "name": "Venginissery",
    "country": "IN",
    "lat": 10.46809,
    "lng": 76.20063
  },
  {
    "name": "Vellookkara",
    "country": "IN",
    "lat": 10.32323,
    "lng": 76.21604
  },
  {
    "name": "Velloorkunnam",
    "country": "IN",
    "lat": 10.00474,
    "lng": 76.54738
  },
  {
    "name": "Venganoor",
    "country": "IN",
    "lat": 8.39638,
    "lng": 77.00331
  },
  {
    "name": "Vengara",
    "country": "IN",
    "lat": 11.05083,
    "lng": 75.97806
  },
  {
    "name": "Vehicle Factory Area Jabalpur",
    "country": "IN",
    "lat": 23.22657,
    "lng": 79.97695
  },
  {
    "name": "Venkatraipur",
    "country": "IN",
    "lat": 19.25927,
    "lng": 84.888
  },
  {
    "name": "Vellakkalpatty",
    "country": "IN",
    "lat": 11.7032,
    "lng": 78.10335
  },
  {
    "name": "Venkatachalapuram",
    "country": "IN",
    "lat": 9.37465,
    "lng": 77.91006
  },
  {
    "name": "Vestmannaeyjar",
    "country": "IS",
    "lat": 63.44273,
    "lng": -20.27339
  },
  {
    "name": "Verzino",
    "country": "IT",
    "lat": 39.31325,
    "lng": 16.85613
  },
  {
    "name": "Verbicaro",
    "country": "IT",
    "lat": 39.76076,
    "lng": 15.9073
  },
  {
    "name": "Ventimiglia di Sicilia",
    "country": "IT",
    "lat": 37.92361,
    "lng": 13.56768
  },
  {
    "name": "Venetico Superiore",
    "country": "IT",
    "lat": 38.19307,
    "lng": 15.38119
  },
  {
    "name": "Vergano-Villa",
    "country": "IT",
    "lat": 45.79416,
    "lng": 9.3746
  },
  {
    "name": "Vezzano sul Crostolo",
    "country": "IT",
    "lat": 44.60241,
    "lng": 10.54469
  },
  {
    "name": "Vezzano Ligure",
    "country": "IT",
    "lat": 44.14144,
    "lng": 9.88692
  },
  {
    "name": "Vezzano",
    "country": "IT",
    "lat": 46.07867,
    "lng": 10.99735
  },
  {
    "name": "Vezza d'Oglio",
    "country": "IT",
    "lat": 46.23867,
    "lng": 10.39825
  },
  {
    "name": "Vetto",
    "country": "IT",
    "lat": 44.48407,
    "lng": 10.33882
  },
  {
    "name": "Vetralla",
    "country": "IT",
    "lat": 42.31787,
    "lng": 12.07323
  },
  {
    "name": "Vestone",
    "country": "IT",
    "lat": 45.70783,
    "lng": 10.39611
  },
  {
    "name": "Vestignè",
    "country": "IT",
    "lat": 45.38655,
    "lng": 7.95336
  },
  {
    "name": "Vestenanova",
    "country": "IT",
    "lat": 45.57421,
    "lng": 11.22868
  },
  {
    "name": "Vessalico",
    "country": "IT",
    "lat": 44.04559,
    "lng": 7.96013
  },
  {
    "name": "Vespolate",
    "country": "IT",
    "lat": 45.34953,
    "lng": 8.66878
  },
  {
    "name": "Vesime",
    "country": "IT",
    "lat": 44.63535,
    "lng": 8.22683
  },
  {
    "name": "Vescovato",
    "country": "IT",
    "lat": 45.17419,
    "lng": 10.16451
  },
  {
    "name": "Vescovana",
    "country": "IT",
    "lat": 45.13422,
    "lng": 11.71261
  },
  {
    "name": "Verzuolo",
    "country": "IT",
    "lat": 44.59279,
    "lng": 7.48164
  },
  {
    "name": "Vervò",
    "country": "IT",
    "lat": 46.30989,
    "lng": 11.11972
  },
  {
    "name": "Verucchio",
    "country": "IT",
    "lat": 43.98171,
    "lng": 12.42317
  },
  {
    "name": "Vertova",
    "country": "IT",
    "lat": 45.81,
    "lng": 9.84944
  },
  {
    "name": "Vertemate Con Minoprio",
    "country": "IT",
    "lat": 45.72518,
    "lng": 9.073
  },
  {
    "name": "Verrone",
    "country": "IT",
    "lat": 45.50824,
    "lng": 8.11514
  },
  {
    "name": "Verres",
    "country": "IT",
    "lat": 45.66656,
    "lng": 7.68911
  },
  {
    "name": "Veronella",
    "country": "IT",
    "lat": 45.32378,
    "lng": 11.32582
  },
  {
    "name": "Verona",
    "country": "IT",
    "lat": 45.43854,
    "lng": 10.9938
  },
  {
    "name": "Veroli",
    "country": "IT",
    "lat": 41.69433,
    "lng": 13.41664
  },
  {
    "name": "Verolengo",
    "country": "IT",
    "lat": 45.1904,
    "lng": 7.97126
  },
  {
    "name": "Verolavecchia",
    "country": "IT",
    "lat": 45.32862,
    "lng": 10.05493
  },
  {
    "name": "Verolanuova",
    "country": "IT",
    "lat": 45.32834,
    "lng": 10.07857
  },
  {
    "name": "Vernole",
    "country": "IT",
    "lat": 40.28834,
    "lng": 18.30165
  },
  {
    "name": "Vernio",
    "country": "IT",
    "lat": 44.04755,
    "lng": 11.15052
  },
  {
    "name": "Vernazza",
    "country": "IT",
    "lat": 44.13501,
    "lng": 9.68346
  },
  {
    "name": "Vernate",
    "country": "IT",
    "lat": 45.31589,
    "lng": 9.06045
  },
  {
    "name": "Vernasca",
    "country": "IT",
    "lat": 44.79867,
    "lng": 9.83054
  },
  {
    "name": "Vernante",
    "country": "IT",
    "lat": 44.24447,
    "lng": 7.53455
  },
  {
    "name": "Vermiglio",
    "country": "IT",
    "lat": 46.29691,
    "lng": 10.69136
  },
  {
    "name": "Vermezzo",
    "country": "IT",
    "lat": 45.39627,
    "lng": 8.97904
  },
  {
    "name": "Vergiate",
    "country": "IT",
    "lat": 45.7221,
    "lng": 8.6953
  },
  {
    "name": "Verghereto",
    "country": "IT",
    "lat": 43.7945,
    "lng": 12.0052
  },
  {
    "name": "Vergato",
    "country": "IT",
    "lat": 44.28232,
    "lng": 11.10953
  },
  {
    "name": "Verdello",
    "country": "IT",
    "lat": 45.60372,
    "lng": 9.62852
  },
  {
    "name": "Vercurago",
    "country": "IT",
    "lat": 45.80943,
    "lng": 9.42211
  },
  {
    "name": "Vercelli",
    "country": "IT",
    "lat": 45.32163,
    "lng": 8.41989
  },
  {
    "name": "Verceia",
    "country": "IT",
    "lat": 46.19869,
    "lng": 9.45474
  },
  {
    "name": "Venzone",
    "country": "IT",
    "lat": 46.33031,
    "lng": 13.13825
  },
  {
    "name": "Venturina",
    "country": "IT",
    "lat": 43.02883,
    "lng": 10.60147
  },
  {
    "name": "Ventotene",
    "country": "IT",
    "lat": 40.79404,
    "lng": 13.42777
  },
  {
    "name": "Ventoso",
    "country": "IT",
    "lat": 44.58621,
    "lng": 10.68767
  },
  {
    "name": "Ventimiglia",
    "country": "IT",
    "lat": 43.78956,
    "lng": 7.60872
  },
  {
    "name": "Venosa",
    "country": "IT",
    "lat": 40.96283,
    "lng": 15.81285
  },
  {
    "name": "Venice",
    "country": "IT",
    "lat": 45.43713,
    "lng": 12.33265
  },
  {
    "name": "Venegono Superiore",
    "country": "IT",
    "lat": 45.75246,
    "lng": 8.89734
  },
  {
    "name": "Venegono Inferiore",
    "country": "IT",
    "lat": 45.73569,
    "lng": 8.89545
  },
  {
    "name": "Venasca",
    "country": "IT",
    "lat": 44.56134,
    "lng": 7.39698
  },
  {
    "name": "Venarotta",
    "country": "IT",
    "lat": 42.88266,
    "lng": 13.49157
  },
  {
    "name": "Venaria Reale",
    "country": "IT",
    "lat": 45.12597,
    "lng": 7.63136
  },
  {
    "name": "Venaus",
    "country": "IT",
    "lat": 45.1571,
    "lng": 7.0107
  },
  {
    "name": "Venafro",
    "country": "IT",
    "lat": 41.48275,
    "lng": 14.04773
  },
  {
    "name": "Velturno",
    "country": "IT",
    "lat": 46.66705,
    "lng": 11.59712
  },
  {
    "name": "Vellezzo Bellini",
    "country": "IT",
    "lat": 45.26948,
    "lng": 9.10088
  },
  {
    "name": "Velletri",
    "country": "IT",
    "lat": 41.68573,
    "lng": 12.77753
  },
  {
    "name": "Veleso",
    "country": "IT",
    "lat": 45.90875,
    "lng": 9.1809
  },
  {
    "name": "Vejano",
    "country": "IT",
    "lat": 42.21905,
    "lng": 12.09398
  },
  {
    "name": "Veglie",
    "country": "IT",
    "lat": 40.33474,
    "lng": 17.96238
  },
  {
    "name": "Veggiano",
    "country": "IT",
    "lat": 45.44719,
    "lng": 11.7128
  },
  {
    "name": "Vedeseta",
    "country": "IT",
    "lat": 45.89102,
    "lng": 9.53927
  },
  {
    "name": "Vedelago",
    "country": "IT",
    "lat": 45.68722,
    "lng": 12.01853
  },
  {
    "name": "Vedano Olona",
    "country": "IT",
    "lat": 45.7757,
    "lng": 8.88771
  },
  {
    "name": "Vecchiano-Nodica",
    "country": "IT",
    "lat": 43.78334,
    "lng": 10.3844
  },
  {
    "name": "Venezzano",
    "country": "IT",
    "lat": 44.68333,
    "lng": 11.33333
  },
  {
    "name": "Veternigo",
    "country": "IT",
    "lat": 45.51765,
    "lng": 12.05793
  },
  {
    "name": "Verbania",
    "country": "IT",
    "lat": 45.92136,
    "lng": 8.55183
  },
  {
    "name": "Verano Brianza",
    "country": "IT",
    "lat": 45.68868,
    "lng": 9.22454
  },
  {
    "name": "Verrua Savoia",
    "country": "IT",
    "lat": 45.15675,
    "lng": 8.09223
  },
  {
    "name": "Verrayes",
    "country": "IT",
    "lat": 45.76326,
    "lng": 7.5346
  },
  {
    "name": "Veniano",
    "country": "IT",
    "lat": 45.71629,
    "lng": 8.98501
  },
  {
    "name": "Veddasca",
    "country": "IT",
    "lat": 46.07058,
    "lng": 8.79873
  },
  {
    "name": "Verdellino",
    "country": "IT",
    "lat": 45.60108,
    "lng": 9.60805
  },
  {
    "name": "Velezzo Lomellina",
    "country": "IT",
    "lat": 45.16336,
    "lng": 8.73724
  },
  {
    "name": "Verretto",
    "country": "IT",
    "lat": 45.03976,
    "lng": 9.11315
  },
  {
    "name": "Verrua Po",
    "country": "IT",
    "lat": 45.10686,
    "lng": 9.17535
  },
  {
    "name": "Velo d'Astico",
    "country": "IT",
    "lat": 45.7884,
    "lng": 11.36769
  },
  {
    "name": "Vendone",
    "country": "IT",
    "lat": 44.07693,
    "lng": 8.07115
  },
  {
    "name": "Vezzi Portio",
    "country": "IT",
    "lat": 44.22933,
    "lng": 8.36505
  },
  {
    "name": "Venticano",
    "country": "IT",
    "lat": 41.04722,
    "lng": 14.91194
  },
  {
    "name": "Verano - Voeran",
    "country": "IT",
    "lat": 46.60472,
    "lng": 11.22607
  },
  {
    "name": "Veglio",
    "country": "IT",
    "lat": 45.64057,
    "lng": 8.11412
  },
  {
    "name": "Verduno",
    "country": "IT",
    "lat": 44.66614,
    "lng": 7.93074
  },
  {
    "name": "Vezza d'Alba",
    "country": "IT",
    "lat": 44.76274,
    "lng": 8.00793
  },
  {
    "name": "Veduggio Con Colzano",
    "country": "IT",
    "lat": 45.73388,
    "lng": 9.27024
  },
  {
    "name": "Vervio",
    "country": "IT",
    "lat": 46.25285,
    "lng": 10.24056
  },
  {
    "name": "Vedano al Lambro",
    "country": "IT",
    "lat": 45.60878,
    "lng": 9.26785
  },
  {
    "name": "Veruno",
    "country": "IT",
    "lat": 45.68887,
    "lng": 8.52863
  },
  {
    "name": "Verderio Inferiore",
    "country": "IT",
    "lat": 45.66558,
    "lng": 9.43345
  },
  {
    "name": "Verderio Superiore",
    "country": "IT",
    "lat": 45.66778,
    "lng": 9.44035
  },
  {
    "name": "Velo Veronese",
    "country": "IT",
    "lat": 45.60669,
    "lng": 11.09519
  },
  {
    "name": "Vendrogno",
    "country": "IT",
    "lat": 46.03439,
    "lng": 9.32944
  },
  {
    "name": "Vestreno",
    "country": "IT",
    "lat": 46.08329,
    "lng": 9.32484
  },
  {
    "name": "Vercana",
    "country": "IT",
    "lat": 46.15949,
    "lng": 9.33514
  },
  {
    "name": "Veggia-Villalunga",
    "country": "IT",
    "lat": 44.5607,
    "lng": 10.75621
  },
  {
    "name": "Velasca",
    "country": "IT",
    "lat": 45.63165,
    "lng": 9.35519
  },
  {
    "name": "Venegazzù",
    "country": "IT",
    "lat": 45.77934,
    "lng": 12.09148
  },
  {
    "name": "Vergnasco",
    "country": "IT",
    "lat": 45.48803,
    "lng": 8.08553
  },
  {
    "name": "Vescovado",
    "country": "IT",
    "lat": 43.16953,
    "lng": 11.39198
  },
  {
    "name": "Verla",
    "country": "IT",
    "lat": 46.15793,
    "lng": 11.15331
  },
  {
    "name": "Verano",
    "country": "IT",
    "lat": 46.60442,
    "lng": 11.22565
  },
  {
    "name": "Velo",
    "country": "IT",
    "lat": 45.78983,
    "lng": 11.36725
  },
  {
    "name": "Venetico Marina",
    "country": "IT",
    "lat": 38.21928,
    "lng": 15.36648
  },
  {
    "name": "Veun Sai",
    "country": "KH",
    "lat": 13.97598,
    "lng": 106.81144
  },
  {
    "name": "Veal Sbov",
    "country": "KH",
    "lat": 11.53525,
    "lng": 104.97595
  },
  {
    "name": "Veal Veaeng",
    "country": "KH",
    "lat": 12.30491,
    "lng": 103.1023
  },
  {
    "name": "Verkhniye Kayrakty",
    "country": "KZ",
    "lat": 48.68333,
    "lng": 73.28333
  },
  {
    "name": "Venta",
    "country": "LT",
    "lat": 56.19162,
    "lng": 22.69528
  },
  {
    "name": "Veisiejai",
    "country": "LT",
    "lat": 54.1011,
    "lng": 23.69614
  },
  {
    "name": "Vecumnieki",
    "country": "LV",
    "lat": 56.60608,
    "lng": 24.52232
  },
  {
    "name": "Ventspils",
    "country": "LV",
    "lat": 57.39485,
    "lng": 21.56121
  },
  {
    "name": "Vecpiebalga",
    "country": "LV",
    "lat": 57.0609,
    "lng": 25.81624
  },
  {
    "name": "Vecrīga",
    "country": "LV",
    "lat": 56.94966,
    "lng": 24.10418
  },
  {
    "name": "Vevčani",
    "country": "MK",
    "lat": 41.24041,
    "lng": 20.59279
  },
  {
    "name": "Veljusa",
    "country": "MK",
    "lat": 41.47611,
    "lng": 22.5675
  },
  {
    "name": "Velesta",
    "country": "MK",
    "lat": 41.24083,
    "lng": 20.64389
  },
  {
    "name": "Veles",
    "country": "MK",
    "lat": 41.71719,
    "lng": 21.77196
  },
  {
    "name": "Verdun",
    "country": "MU",
    "lat": -20.23417,
    "lng": 57.55476
  },
  {
    "name": "Veymandoo",
    "country": "MV",
    "lat": 2.18772,
    "lng": 73.09556
  },
  {
    "name": "Verapaz",
    "country": "MX",
    "lat": 15.71166,
    "lng": -92.06199
  },
  {
    "name": "Veracruz",
    "country": "MX",
    "lat": 19.18095,
    "lng": -96.1429
  },
  {
    "name": "Venustiano Carranza",
    "country": "MX",
    "lat": 16.33851,
    "lng": -92.56317
  },
  {
    "name": "Veinte de Noviembre",
    "country": "MX",
    "lat": 14.9773,
    "lng": -92.26509
  },
  {
    "name": "Vega del Rosario",
    "country": "MX",
    "lat": 15.52083,
    "lng": -92.3072
  },
  {
    "name": "Vega de Alatorre",
    "country": "MX",
    "lat": 20.02823,
    "lng": -96.64751
  },
  {
    "name": "Venta de Ocotillos",
    "country": "MX",
    "lat": 19.47141,
    "lng": -99.95879
  },
  {
    "name": "Vegas de la Soledad y Soledad Dos",
    "country": "MX",
    "lat": 20.94476,
    "lng": -97.83273
  },
  {
    "name": "Veinte de Noviembre",
    "country": "MX",
    "lat": 17.84673,
    "lng": -92.58933
  },
  {
    "name": "Venustiano Carranza",
    "country": "MX",
    "lat": 16.89631,
    "lng": -93.0049
  },
  {
    "name": "Veinte de Noviembre",
    "country": "MX",
    "lat": 16.54108,
    "lng": -92.89624
  },
  {
    "name": "Venustiano Carranza",
    "country": "MX",
    "lat": 16.1902,
    "lng": -91.92749
  },
  {
    "name": "Venustiano Carranza",
    "country": "MX",
    "lat": 20.50667,
    "lng": -97.66806
  },
  {
    "name": "Venta Grande",
    "country": "MX",
    "lat": 20.11893,
    "lng": -98.09944
  },
  {
    "name": "Veinte de Noviembre",
    "country": "MX",
    "lat": 18.865,
    "lng": -96.95472
  },
  {
    "name": "Venustiano Carranza (Peña Blanca)",
    "country": "MX",
    "lat": 17.64194,
    "lng": -94.75417
  },
  {
    "name": "Venustiano Carranza",
    "country": "MX",
    "lat": 19.44361,
    "lng": -99.10499
  },
  {
    "name": "Ventana",
    "country": "MX",
    "lat": 25.32695,
    "lng": -103.47772
  },
  {
    "name": "Vetagrande",
    "country": "MX",
    "lat": 22.83402,
    "lng": -102.55609
  },
  {
    "name": "Venustiano Carranza",
    "country": "MX",
    "lat": 25.35191,
    "lng": -102.95712
  },
  {
    "name": "Venustiano Carranza",
    "country": "MX",
    "lat": 24.47175,
    "lng": -104.62632
  },
  {
    "name": "Venustiano Carranza",
    "country": "MX",
    "lat": 20.11553,
    "lng": -102.65391
  },
  {
    "name": "Venecia",
    "country": "MX",
    "lat": 25.77979,
    "lng": -103.35347
  },
  {
    "name": "Venado",
    "country": "MX",
    "lat": 22.92997,
    "lng": -101.09537
  },
  {
    "name": "Velardeña",
    "country": "MX",
    "lat": 25.06402,
    "lng": -103.73628
  },
  {
    "name": "Veinte de Noviembre",
    "country": "MX",
    "lat": 25.71177,
    "lng": -103.32886
  },
  {
    "name": "Veinte de Noviembre (Santa Lucía)",
    "country": "MX",
    "lat": 25.78923,
    "lng": -103.15127
  },
  {
    "name": "Venta de Bravo",
    "country": "MX",
    "lat": 19.86376,
    "lng": -100.17323
  },
  {
    "name": "Venceremos",
    "country": "MX",
    "lat": 20.55083,
    "lng": -100.39806
  },
  {
    "name": "Veintidós de Febrero",
    "country": "MX",
    "lat": 19.61139,
    "lng": -99.34667
  },
  {
    "name": "Veinte de Noviembre",
    "country": "MX",
    "lat": 16.62,
    "lng": -92.08194
  },
  {
    "name": "Veintiuno de Agosto",
    "country": "MX",
    "lat": 19.725,
    "lng": -97.27222
  },
  {
    "name": "Vega del Sol",
    "country": "MX",
    "lat": 17.80972,
    "lng": -96.21694
  },
  {
    "name": "Ventoquipa",
    "country": "MX",
    "lat": 20.03361,
    "lng": -98.33778
  },
  {
    "name": "Veracruz",
    "country": "MX",
    "lat": 16.40417,
    "lng": -91.99944
  },
  {
    "name": "Vessem",
    "country": "NL",
    "lat": 51.42083,
    "lng": 5.28889
  },
  {
    "name": "Venray",
    "country": "NL",
    "lat": 51.525,
    "lng": 5.975
  },
  {
    "name": "Venlo",
    "country": "NL",
    "lat": 51.37,
    "lng": 6.16806
  },
  {
    "name": "Venhorst",
    "country": "NL",
    "lat": 51.60833,
    "lng": 5.7375
  },
  {
    "name": "Ven",
    "country": "NL",
    "lat": 51.64,
    "lng": 5.55
  },
  {
    "name": "Veltum",
    "country": "NL",
    "lat": 51.51954,
    "lng": 5.96032
  },
  {
    "name": "Velsen-Zuid",
    "country": "NL",
    "lat": 52.46,
    "lng": 4.65
  },
  {
    "name": "Velp",
    "country": "NL",
    "lat": 51.995,
    "lng": 5.97361
  },
  {
    "name": "Veldhuizen",
    "country": "NL",
    "lat": 52.07537,
    "lng": 5.01234
  },
  {
    "name": "Veldhoven",
    "country": "NL",
    "lat": 51.41833,
    "lng": 5.40278
  },
  {
    "name": "Veghel",
    "country": "NL",
    "lat": 51.61667,
    "lng": 5.54861
  },
  {
    "name": "Veenoord",
    "country": "NL",
    "lat": 52.71087,
    "lng": 6.84869
  },
  {
    "name": "Veenendaal",
    "country": "NL",
    "lat": 52.02863,
    "lng": 5.55891
  },
  {
    "name": "Veendam",
    "country": "NL",
    "lat": 53.10667,
    "lng": 6.87917
  },
  {
    "name": "Veen",
    "country": "NL",
    "lat": 51.7775,
    "lng": 5.10833
  },
  {
    "name": "Vevelstad",
    "country": "NO",
    "lat": 65.6978,
    "lng": 12.43706
  },
  {
    "name": "Vestbygd",
    "country": "NO",
    "lat": 58.09991,
    "lng": 6.58696
  },
  {
    "name": "Vestby",
    "country": "NO",
    "lat": 59.60511,
    "lng": 10.75233
  },
  {
    "name": "Verdal",
    "country": "NO",
    "lat": 63.79332,
    "lng": 11.4817
  },
  {
    "name": "Vennesla",
    "country": "NO",
    "lat": 58.26856,
    "lng": 7.97314
  },
  {
    "name": "Vedavågen",
    "country": "NO",
    "lat": 59.29483,
    "lng": 5.21874
  },
  {
    "name": "Vestnes",
    "country": "NO",
    "lat": 62.62544,
    "lng": 7.08696
  },
  {
    "name": "Veracruz",
    "country": "PA",
    "lat": 8.89319,
    "lng": -79.62338
  },
  {
    "name": "Veladero",
    "country": "PA",
    "lat": 8.23455,
    "lng": -81.65246
  },
  {
    "name": "Ventanilla",
    "country": "PE",
    "lat": -11.87528,
    "lng": -77.11833
  },
  {
    "name": "Velinga",
    "country": "PE",
    "lat": -15.27401,
    "lng": -73.02229
  },
  {
    "name": "Velille",
    "country": "PE",
    "lat": -14.50889,
    "lng": -71.88528
  },
  {
    "name": "Venecia",
    "country": "PE",
    "lat": -7.25158,
    "lng": -78.03656
  },
  {
    "name": "Veruela",
    "country": "PH",
    "lat": 8.0731,
    "lng": 125.9558
  },
  {
    "name": "Vega Alta",
    "country": "PR",
    "lat": 18.41217,
    "lng": -66.33128
  },
  {
    "name": "Vega Baja",
    "country": "PR",
    "lat": 18.44439,
    "lng": -66.38767
  },
  {
    "name": "Vestiaria",
    "country": "PT",
    "lat": 39.55271,
    "lng": -8.9979
  },
  {
    "name": "Ventosa",
    "country": "PT",
    "lat": 39.12696,
    "lng": -9.08423
  },
  {
    "name": "Vendas Novas",
    "country": "PT",
    "lat": 38.67706,
    "lng": -8.45792
  },
  {
    "name": "Venda do Pinheiro",
    "country": "PT",
    "lat": 38.92365,
    "lng": -9.23178
  },
  {
    "name": "Vermoim",
    "country": "PT",
    "lat": 41.24315,
    "lng": -8.60651
  },
  {
    "name": "Velas",
    "country": "PT",
    "lat": 38.68182,
    "lng": -28.20909
  },
  {
    "name": "Veza",
    "country": "RO",
    "lat": 46.16747,
    "lng": 23.9247
  },
  {
    "name": "Vetiş",
    "country": "RO",
    "lat": 47.8,
    "lng": 22.76667
  },
  {
    "name": "Veţel",
    "country": "RO",
    "lat": 45.9,
    "lng": 22.81667
  },
  {
    "name": "Veţca",
    "country": "RO",
    "lat": 46.35,
    "lng": 24.78333
  },
  {
    "name": "Veștem",
    "country": "RO",
    "lat": 45.71752,
    "lng": 24.23958
  },
  {
    "name": "Veseuș",
    "country": "RO",
    "lat": 46.27456,
    "lng": 24.14276
  },
  {
    "name": "Verșești",
    "country": "RO",
    "lat": 46.44904,
    "lng": 26.70183
  },
  {
    "name": "Verșeni",
    "country": "RO",
    "lat": 47.11294,
    "lng": 26.64341
  },
  {
    "name": "Verneşti",
    "country": "RO",
    "lat": 45.21667,
    "lng": 26.73333
  },
  {
    "name": "Vermești",
    "country": "RO",
    "lat": 46.42172,
    "lng": 26.4766
  },
  {
    "name": "Vermeş",
    "country": "RO",
    "lat": 45.52056,
    "lng": 21.65972
  },
  {
    "name": "Verguleasa",
    "country": "RO",
    "lat": 44.65,
    "lng": 24.31667
  },
  {
    "name": "Vereşti",
    "country": "RO",
    "lat": 47.6,
    "lng": 26.43333
  },
  {
    "name": "Verendin",
    "country": "RO",
    "lat": 45.07755,
    "lng": 22.23917
  },
  {
    "name": "Verbiţa",
    "country": "RO",
    "lat": 44.3,
    "lng": 23.16667
  },
  {
    "name": "Vela",
    "country": "RO",
    "lat": 44.28333,
    "lng": 23.41667
  },
  {
    "name": "Vedea",
    "country": "RO",
    "lat": 44.78333,
    "lng": 24.61667
  },
  {
    "name": "Vedea",
    "country": "RO",
    "lat": 44.092,
    "lng": 25.065
  },
  {
    "name": "Vedea",
    "country": "RO",
    "lat": 43.78333,
    "lng": 25.78333
  },
  {
    "name": "Vetrişoaia",
    "country": "RO",
    "lat": 46.43,
    "lng": 28.20833
  },
  {
    "name": "Veliko Središte",
    "country": "RS",
    "lat": 45.17919,
    "lng": 21.40353
  },
  {
    "name": "Veliko Gradište",
    "country": "RS",
    "lat": 44.76329,
    "lng": 21.51646
  },
  {
    "name": "Veliki Gaj",
    "country": "RS",
    "lat": 45.28849,
    "lng": 21.17057
  },
  {
    "name": "Velika Plana",
    "country": "RS",
    "lat": 44.33389,
    "lng": 21.07676
  },
  {
    "name": "Velika Moštanica",
    "country": "RS",
    "lat": 44.66486,
    "lng": 20.35395
  },
  {
    "name": "Velika Ivanča",
    "country": "RS",
    "lat": 44.42639,
    "lng": 20.58028
  },
  {
    "name": "Velika Greda",
    "country": "RS",
    "lat": 45.24376,
    "lng": 21.03498
  },
  {
    "name": "Veternik",
    "country": "RS",
    "lat": 45.25446,
    "lng": 19.7588
  },
  {
    "name": "Veydelevka",
    "country": "RU",
    "lat": 50.15106,
    "lng": 38.44898
  },
  {
    "name": "Vetluzhskiy",
    "country": "RU",
    "lat": 58.39016,
    "lng": 45.46543
  },
  {
    "name": "Vetluzhskiy",
    "country": "RU",
    "lat": 57.17355,
    "lng": 45.12272
  },
  {
    "name": "Vetluga",
    "country": "RU",
    "lat": 57.85516,
    "lng": 45.77773
  },
  {
    "name": "Ves’yegonsk",
    "country": "RU",
    "lat": 58.66769,
    "lng": 37.26365
  },
  {
    "name": "Veshnyaki",
    "country": "RU",
    "lat": 55.72393,
    "lng": 37.81952
  },
  {
    "name": "Veshkayma",
    "country": "RU",
    "lat": 54.05021,
    "lng": 47.12197
  },
  {
    "name": "Veshchevo",
    "country": "RU",
    "lat": 60.73107,
    "lng": 29.18305
  },
  {
    "name": "Vesëlyy",
    "country": "RU",
    "lat": 47.09245,
    "lng": 40.74209
  },
  {
    "name": "Verkhozim",
    "country": "RU",
    "lat": 52.71221,
    "lng": 45.41803
  },
  {
    "name": "Verkhov’ye",
    "country": "RU",
    "lat": 52.81025,
    "lng": 37.24187
  },
  {
    "name": "Verkhovazh’ye",
    "country": "RU",
    "lat": 60.74717,
    "lng": 42.04652
  },
  {
    "name": "Verkhoshizhem’ye",
    "country": "RU",
    "lat": 58.00814,
    "lng": 49.1066
  },
  {
    "name": "Verkhnyaya Tura",
    "country": "RU",
    "lat": 58.36083,
    "lng": 59.80667
  },
  {
    "name": "Verkhnyaya Toyma",
    "country": "RU",
    "lat": 62.23712,
    "lng": 45.00404
  },
  {
    "name": "Verkhnyaya Tishanka",
    "country": "RU",
    "lat": 51.3249,
    "lng": 40.5299
  },
  {
    "name": "Verkhnyaya Maksakovka",
    "country": "RU",
    "lat": 61.63504,
    "lng": 50.9674
  },
  {
    "name": "Verkhnyaya Khava",
    "country": "RU",
    "lat": 51.84242,
    "lng": 39.93845
  },
  {
    "name": "Verkhnyaya Balkariya",
    "country": "RU",
    "lat": 43.12545,
    "lng": 43.45687
  },
  {
    "name": "Verkhniy Uslon",
    "country": "RU",
    "lat": 55.768,
    "lng": 48.9776
  },
  {
    "name": "Verkhniy Tagil",
    "country": "RU",
    "lat": 57.37416,
    "lng": 59.95422
  },
  {
    "name": "Verkhniy Mamon",
    "country": "RU",
    "lat": 50.16421,
    "lng": 40.38936
  },
  {
    "name": "Verkhniy Lomov",
    "country": "RU",
    "lat": 53.46778,
    "lng": 43.55111
  },
  {
    "name": "Verkhniy Landekh",
    "country": "RU",
    "lat": 56.83955,
    "lng": 42.59731
  },
  {
    "name": "Verkhniy Kurkuzhin",
    "country": "RU",
    "lat": 43.69556,
    "lng": 43.27472
  },
  {
    "name": "Verkhniy Fiagdon",
    "country": "RU",
    "lat": 42.83454,
    "lng": 44.30604
  },
  {
    "name": "Verkhniye Tatyshly",
    "country": "RU",
    "lat": 56.28879,
    "lng": 55.86031
  },
  {
    "name": "Verkhniye Sergi",
    "country": "RU",
    "lat": 56.64694,
    "lng": 59.55556
  },
  {
    "name": "Verkhniye Osel’ki",
    "country": "RU",
    "lat": 60.24948,
    "lng": 30.44938
  },
  {
    "name": "Verkhniye Kigi",
    "country": "RU",
    "lat": 55.40772,
    "lng": 58.60131
  },
  {
    "name": "Verkhniye Achaluki",
    "country": "RU",
    "lat": 43.34694,
    "lng": 44.6975
  },
  {
    "name": "Verkhniy Baskunchak",
    "country": "RU",
    "lat": 48.22564,
    "lng": 46.72169
  },
  {
    "name": "Verkhniy Avzyan",
    "country": "RU",
    "lat": 53.52889,
    "lng": 57.53722
  },
  {
    "name": "Verkhneye Kazanishche",
    "country": "RU",
    "lat": 42.73547,
    "lng": 47.1378
  },
  {
    "name": "Verkhneyarkeyevo",
    "country": "RU",
    "lat": 55.45109,
    "lng": 54.30638
  },
  {
    "name": "Verkhneural’sk",
    "country": "RU",
    "lat": 53.87897,
    "lng": 59.21651
  },
  {
    "name": "Verkhnetulomskiy",
    "country": "RU",
    "lat": 68.60727,
    "lng": 31.79621
  },
  {
    "name": "Verkhnedneprovskiy",
    "country": "RU",
    "lat": 54.98131,
    "lng": 33.34573
  },
  {
    "name": "Verkhnechusovskiye Gorodki",
    "country": "RU",
    "lat": 58.1671,
    "lng": 57.1086
  },
  {
    "name": "Vereya",
    "country": "RU",
    "lat": 55.77373,
    "lng": 39.09766
  },
  {
    "name": "Vereya",
    "country": "RU",
    "lat": 55.61472,
    "lng": 38.03917
  },
  {
    "name": "Vereya",
    "country": "RU",
    "lat": 55.34472,
    "lng": 36.17194
  },
  {
    "name": "Vereshchagino",
    "country": "RU",
    "lat": 58.07815,
    "lng": 54.65648
  },
  {
    "name": "Verbilki",
    "country": "RU",
    "lat": 56.53333,
    "lng": 37.6
  },
  {
    "name": "Ventsy",
    "country": "RU",
    "lat": 45.37639,
    "lng": 40.83583
  },
  {
    "name": "Venëv",
    "country": "RU",
    "lat": 54.35074,
    "lng": 38.26304
  },
  {
    "name": "Vel’ye",
    "country": "RU",
    "lat": 56.97005,
    "lng": 28.57883
  },
  {
    "name": "Vel’sk",
    "country": "RU",
    "lat": 61.06919,
    "lng": 42.0992
  },
  {
    "name": "Velizh",
    "country": "RU",
    "lat": 55.60448,
    "lng": 31.1986
  },
  {
    "name": "Velikovechnoye",
    "country": "RU",
    "lat": 44.93402,
    "lng": 39.75499
  },
  {
    "name": "Velikooktyabr’skiy",
    "country": "RU",
    "lat": 57.43333,
    "lng": 33.81595
  },
  {
    "name": "Velikodvorskiy",
    "country": "RU",
    "lat": 55.24996,
    "lng": 40.6678
  },
  {
    "name": "Velikiy Ustyug",
    "country": "RU",
    "lat": 60.76186,
    "lng": 46.31352
  },
  {
    "name": "Velikiye Luki",
    "country": "RU",
    "lat": 56.34063,
    "lng": 30.54377
  },
  {
    "name": "Velikent",
    "country": "RU",
    "lat": 42.18762,
    "lng": 48.06366
  },
  {
    "name": "Vedeno",
    "country": "RU",
    "lat": 42.971,
    "lng": 46.09719
  },
  {
    "name": "Velikiy Novgorod",
    "country": "RU",
    "lat": 58.52131,
    "lng": 31.27104
  },
  {
    "name": "Verkhnebakanskiy",
    "country": "RU",
    "lat": 44.84917,
    "lng": 37.65722
  },
  {
    "name": "Veseloyarsk",
    "country": "RU",
    "lat": 51.28737,
    "lng": 81.10703
  },
  {
    "name": "Vershina Tei",
    "country": "RU",
    "lat": 53.26858,
    "lng": 89.56008
  },
  {
    "name": "Verkh-Suyetka",
    "country": "RU",
    "lat": 53.30448,
    "lng": 80.04794
  },
  {
    "name": "Verkhotur’ye",
    "country": "RU",
    "lat": 58.86332,
    "lng": 60.80564
  },
  {
    "name": "Verkh-Tula",
    "country": "RU",
    "lat": 54.8839,
    "lng": 82.7762
  },
  {
    "name": "Verkhnyaya Sysert’",
    "country": "RU",
    "lat": 56.44012,
    "lng": 60.75563
  },
  {
    "name": "Verkhnyaya Sinyachikha",
    "country": "RU",
    "lat": 57.97604,
    "lng": 61.66733
  },
  {
    "name": "Verkhnyaya Salda",
    "country": "RU",
    "lat": 58.045,
    "lng": 60.551
  },
  {
    "name": "Verkhnyaya Pyshma",
    "country": "RU",
    "lat": 56.97047,
    "lng": 60.58219
  },
  {
    "name": "Verkhnyaya Inta",
    "country": "RU",
    "lat": 65.98115,
    "lng": 60.30945
  },
  {
    "name": "Verkhniy Ufaley",
    "country": "RU",
    "lat": 56.0549,
    "lng": 60.22566
  },
  {
    "name": "Verkhniy Bekhtemir",
    "country": "RU",
    "lat": 52.76582,
    "lng": 85.91011
  },
  {
    "name": "Verkh-Neyvinskiy",
    "country": "RU",
    "lat": 57.27013,
    "lng": 60.13762
  },
  {
    "name": "Verkhneye Dubrovo",
    "country": "RU",
    "lat": 56.75689,
    "lng": 61.05313
  },
  {
    "name": "Verkh-Katunskoye",
    "country": "RU",
    "lat": 52.45,
    "lng": 85.43162
  },
  {
    "name": "Verkh-Chebula",
    "country": "RU",
    "lat": 56.03065,
    "lng": 87.62022
  },
  {
    "name": "Vengerovo",
    "country": "RU",
    "lat": 55.68278,
    "lng": 76.74531
  },
  {
    "name": "Velikopetrovka",
    "country": "RU",
    "lat": 53.25042,
    "lng": 60.48606
  },
  {
    "name": "Vershino-Shakhtaminskiy",
    "country": "RU",
    "lat": 51.2992,
    "lng": 117.88834
  },
  {
    "name": "Vershino-Darasunskiy",
    "country": "RU",
    "lat": 52.36633,
    "lng": 115.53046
  },
  {
    "name": "Verkh-Usugli",
    "country": "RU",
    "lat": 52.7,
    "lng": 115.16667
  },
  {
    "name": "Verkh-Usugli",
    "country": "RU",
    "lat": 52.6906,
    "lng": 115.19113
  },
  {
    "name": "Verkhoyansk",
    "country": "RU",
    "lat": 67.55387,
    "lng": 133.38976
  },
  {
    "name": "Verkhnevilyuysk",
    "country": "RU",
    "lat": 63.44571,
    "lng": 120.30814
  },
  {
    "name": "Vetlanda",
    "country": "SE",
    "lat": 57.42887,
    "lng": 15.07762
  },
  {
    "name": "Vellinge",
    "country": "SE",
    "lat": 55.47124,
    "lng": 13.01971
  },
  {
    "name": "Vejbystrand",
    "country": "SE",
    "lat": 56.31778,
    "lng": 12.76722
  },
  {
    "name": "Veinge",
    "country": "SE",
    "lat": 56.55,
    "lng": 13.06667
  },
  {
    "name": "Veddige",
    "country": "SE",
    "lat": 57.26591,
    "lng": 12.3322
  },
  {
    "name": "Veberöd",
    "country": "SE",
    "lat": 55.63333,
    "lng": 13.48333
  },
  {
    "name": "Veržej",
    "country": "SI",
    "lat": 46.58327,
    "lng": 16.16403
  },
  {
    "name": "Verd",
    "country": "SI",
    "lat": 45.95667,
    "lng": 14.30583
  },
  {
    "name": "Velike Lašče",
    "country": "SI",
    "lat": 45.83371,
    "lng": 14.63636
  },
  {
    "name": "Velika Polana",
    "country": "SI",
    "lat": 46.57215,
    "lng": 16.3472
  },
  {
    "name": "Velenje",
    "country": "SI",
    "lat": 46.35719,
    "lng": 15.11277
  },
  {
    "name": "Veľký Šariš",
    "country": "SK",
    "lat": 49.04114,
    "lng": 21.1993
  },
  {
    "name": "Veľké Kapušany",
    "country": "SK",
    "lat": 48.55197,
    "lng": 22.08036
  },
  {
    "name": "Veľký Meder",
    "country": "SK",
    "lat": 47.85798,
    "lng": 17.76884
  },
  {
    "name": "Veľký Lapáš",
    "country": "SK",
    "lat": 48.29105,
    "lng": 18.181
  },
  {
    "name": "Veľký Kýr",
    "country": "SK",
    "lat": 48.18245,
    "lng": 18.15733
  },
  {
    "name": "Veľký Krtíš",
    "country": "SK",
    "lat": 48.21059,
    "lng": 19.35043
  },
  {
    "name": "Veľký Cetín",
    "country": "SK",
    "lat": 48.22033,
    "lng": 18.19087
  },
  {
    "name": "Veľký Biel",
    "country": "SK",
    "lat": 48.21335,
    "lng": 17.3608
  },
  {
    "name": "Veľké Zálužie",
    "country": "SK",
    "lat": 48.30841,
    "lng": 17.93874
  },
  {
    "name": "Veľké Úľany",
    "country": "SK",
    "lat": 48.16647,
    "lng": 17.57519
  },
  {
    "name": "Veľké Ludince",
    "country": "SK",
    "lat": 47.96271,
    "lng": 18.5114
  },
  {
    "name": "Veľké Leváre",
    "country": "SK",
    "lat": 48.50403,
    "lng": 17.00358
  },
  {
    "name": "Veľké Dvorníky",
    "country": "SK",
    "lat": 48.00112,
    "lng": 17.65634
  },
  {
    "name": "Veľké Blahovo",
    "country": "SK",
    "lat": 48.00371,
    "lng": 17.57641
  },
  {
    "name": "Venilale",
    "country": "TL",
    "lat": -8.64306,
    "lng": 126.37833
  },
  {
    "name": "Veitongo",
    "country": "TO",
    "lat": -21.18478,
    "lng": -175.21251
  },
  {
    "name": "Vezirköprü",
    "country": "TR",
    "lat": 41.14361,
    "lng": 35.45472
  },
  {
    "name": "Vezirhan",
    "country": "TR",
    "lat": 40.24472,
    "lng": 30.02
  },
  {
    "name": "Velimeşe",
    "country": "TR",
    "lat": 41.25361,
    "lng": 27.87833
  },
  {
    "name": "Veliköy",
    "country": "TR",
    "lat": 41.31528,
    "lng": 42.4325
  },
  {
    "name": "Veselyy Kut",
    "country": "UA",
    "lat": 46.05437,
    "lng": 29.28918
  },
  {
    "name": "Veselynove",
    "country": "UA",
    "lat": 47.35688,
    "lng": 31.23219
  },
  {
    "name": "Vesele",
    "country": "UA",
    "lat": 47.00973,
    "lng": 34.91843
  },
  {
    "name": "Vesele",
    "country": "UA",
    "lat": 44.85521,
    "lng": 34.87961
  },
  {
    "name": "Veselovka",
    "country": "UA",
    "lat": 45.37733,
    "lng": 33.21385
  },
  {
    "name": "Vesela Dolyna",
    "country": "UA",
    "lat": 46.23216,
    "lng": 29.32385
  },
  {
    "name": "Verkhivtseve",
    "country": "UA",
    "lat": 48.48127,
    "lng": 34.24003
  },
  {
    "name": "Verkhovyna",
    "country": "UA",
    "lat": 48.15536,
    "lng": 24.82986
  },
  {
    "name": "Verkhorechye",
    "country": "UA",
    "lat": 44.69738,
    "lng": 33.98696
  },
  {
    "name": "Verkhnia Syrovatka",
    "country": "UA",
    "lat": 50.82902,
    "lng": 34.95861
  },
  {
    "name": "Verchnia Rozhanka",
    "country": "UA",
    "lat": 48.7805,
    "lng": 23.51545
  },
  {
    "name": "Verkhnia Bilka",
    "country": "UA",
    "lat": 49.81575,
    "lng": 24.30328
  },
  {
    "name": "Verkhnyachka",
    "country": "UA",
    "lat": 48.82842,
    "lng": 30.03662
  },
  {
    "name": "Verkhniy Yasenov",
    "country": "UA",
    "lat": 48.16156,
    "lng": 24.94532
  },
  {
    "name": "Verkhniy Rohachyk",
    "country": "UA",
    "lat": 47.25208,
    "lng": 34.33557
  },
  {
    "name": "Verkhni Petrivtsi",
    "country": "UA",
    "lat": 48.06657,
    "lng": 25.70473
  },
  {
    "name": "Verkhnie Synevydne",
    "country": "UA",
    "lat": 49.10307,
    "lng": 23.59099
  },
  {
    "name": "Verkhnotoretske",
    "country": "UA",
    "lat": 48.224,
    "lng": 37.87345
  },
  {
    "name": "Verkhnesadovoye",
    "country": "UA",
    "lat": 44.68932,
    "lng": 33.70207
  },
  {
    "name": "Verkhnodniprovsk",
    "country": "UA",
    "lat": 48.65557,
    "lng": 34.3262
  },
  {
    "name": "Veresayevo",
    "country": "UA",
    "lat": 45.30551,
    "lng": 33.50004
  },
  {
    "name": "Verenchanka",
    "country": "UA",
    "lat": 48.54622,
    "lng": 25.74094
  },
  {
    "name": "Verblyany",
    "country": "UA",
    "lat": 50.04747,
    "lng": 23.42189
  },
  {
    "name": "Verbivka",
    "country": "UA",
    "lat": 49.41667,
    "lng": 35.53333
  },
  {
    "name": "Vepryk",
    "country": "UA",
    "lat": 50.37007,
    "lng": 34.176
  },
  {
    "name": "Vendychany",
    "country": "UA",
    "lat": 48.6152,
    "lng": 27.79394
  },
  {
    "name": "Velykoploske",
    "country": "UA",
    "lat": 47.01317,
    "lng": 29.67094
  },
  {
    "name": "Velyka Mykhaylivka",
    "country": "UA",
    "lat": 47.07847,
    "lng": 29.85253
  },
  {
    "name": "Velykyy Bychkiv",
    "country": "UA",
    "lat": 47.96821,
    "lng": 24.01061
  },
  {
    "name": "Velykokomarivka",
    "country": "UA",
    "lat": 47.08588,
    "lng": 29.6476
  },
  {
    "name": "Velykodolynske",
    "country": "UA",
    "lat": 46.34642,
    "lng": 30.57902
  },
  {
    "name": "Velykyi Trostianets",
    "country": "UA",
    "lat": 49.49764,
    "lng": 34.53738
  },
  {
    "name": "Velykyi Rakovets",
    "country": "UA",
    "lat": 48.27368,
    "lng": 23.14912
  },
  {
    "name": "Velykyi Liubin",
    "country": "UA",
    "lat": 49.72252,
    "lng": 23.73523
  },
  {
    "name": "Velykyy Kuchuriv",
    "country": "UA",
    "lat": 48.1901,
    "lng": 25.89593
  },
  {
    "name": "Velykyi Kliuchiv",
    "country": "UA",
    "lat": 48.46436,
    "lng": 24.94196
  },
  {
    "name": "Velykyi Khutir",
    "country": "UA",
    "lat": 49.85707,
    "lng": 32.10048
  },
  {
    "name": "Velyki Sorochyntsi",
    "country": "UA",
    "lat": 50.02314,
    "lng": 33.94144
  },
  {
    "name": "Velyki Mosty",
    "country": "UA",
    "lat": 50.24329,
    "lng": 24.1423
  },
  {
    "name": "Velyki Luchky",
    "country": "UA",
    "lat": 48.41822,
    "lng": 22.56765
  },
  {
    "name": "Velyki Korovyntsi",
    "country": "UA",
    "lat": 49.98197,
    "lng": 28.29531
  },
  {
    "name": "Velyki Kopani",
    "country": "UA",
    "lat": 46.48818,
    "lng": 32.97348
  },
  {
    "name": "Velyki Komiaty",
    "country": "UA",
    "lat": 48.23741,
    "lng": 22.97717
  },
  {
    "name": "Velyki Budyshcha",
    "country": "UA",
    "lat": 50.46403,
    "lng": 34.14589
  },
  {
    "name": "Velyki Birky",
    "country": "UA",
    "lat": 49.52456,
    "lng": 25.75491
  },
  {
    "name": "Velykyi Dalnyk",
    "country": "UA",
    "lat": 46.47494,
    "lng": 30.56099
  },
  {
    "name": "Velykyi Burluk",
    "country": "UA",
    "lat": 50.0617,
    "lng": 37.38373
  },
  {
    "name": "Velykyy Bereznyy",
    "country": "UA",
    "lat": 48.8934,
    "lng": 22.46121
  },
  {
    "name": "Velyka Rublivka",
    "country": "UA",
    "lat": 49.89123,
    "lng": 34.81245
  },
  {
    "name": "Velyka Pysarivka",
    "country": "UA",
    "lat": 50.4243,
    "lng": 35.47989
  },
  {
    "name": "Velyka Pavlivka",
    "country": "UA",
    "lat": 50.2393,
    "lng": 34.26945
  },
  {
    "name": "Velyka Novosilka",
    "country": "UA",
    "lat": 47.8451,
    "lng": 36.83512
  },
  {
    "name": "Velyka Mechetnya",
    "country": "UA",
    "lat": 48.08733,
    "lng": 30.59032
  },
  {
    "name": "Velyka Lepetykha",
    "country": "UA",
    "lat": 47.17138,
    "lng": 33.93147
  },
  {
    "name": "Velyka Krucha",
    "country": "UA",
    "lat": 50.19282,
    "lng": 32.56459
  },
  {
    "name": "Velyka Dymerka",
    "country": "UA",
    "lat": 50.59333,
    "lng": 30.90313
  },
  {
    "name": "Velyka Dobron",
    "country": "UA",
    "lat": 48.41979,
    "lng": 22.38857
  },
  {
    "name": "Velyka Buda",
    "country": "UA",
    "lat": 48.14793,
    "lng": 26.0973
  },
  {
    "name": "Velyka Berezovytsya",
    "country": "UA",
    "lat": 49.49869,
    "lng": 25.61231
  },
  {
    "name": "Velyka Bilozerka",
    "country": "UA",
    "lat": 47.27572,
    "lng": 34.68457
  },
  {
    "name": "Velyka Bahachka",
    "country": "UA",
    "lat": 49.79819,
    "lng": 33.72013
  },
  {
    "name": "Velyka Oleksandrivka",
    "country": "UA",
    "lat": 47.31888,
    "lng": 33.29059
  },
  {
    "name": "Velykosillya",
    "country": "UA",
    "lat": 48.1573,
    "lng": 26.30032
  },
  {
    "name": "Velyki Mezhyrichi",
    "country": "UA",
    "lat": 50.65431,
    "lng": 26.86626
  },
  {
    "name": "Vesnyane",
    "country": "UA",
    "lat": 46.97783,
    "lng": 31.88733
  },
  {
    "name": "Velyki Budyshcha",
    "country": "UA",
    "lat": 49.85673,
    "lng": 34.57789
  },
  {
    "name": "Velyka Balka",
    "country": "UA",
    "lat": 46.56141,
    "lng": 30.6089
  },
  {
    "name": "Velykyi Buialyk",
    "country": "UA",
    "lat": 46.93891,
    "lng": 30.65189
  },
  {
    "name": "Velyki Berehy",
    "country": "UA",
    "lat": 48.23161,
    "lng": 22.74985
  },
  {
    "name": "Verkhni Stanivtsi",
    "country": "UA",
    "lat": 48.28765,
    "lng": 25.59001
  },
  {
    "name": "Velykomykhailivka",
    "country": "UA",
    "lat": 48.15008,
    "lng": 35.62361
  },
  {
    "name": "Vernon",
    "country": "US",
    "lat": 33.75705,
    "lng": -88.10892
  },
  {
    "name": "Vestavia Hills",
    "country": "US",
    "lat": 33.44872,
    "lng": -86.78777
  },
  {
    "name": "Venice",
    "country": "US",
    "lat": 27.09978,
    "lng": -82.45426
  },
  {
    "name": "Venice Gardens",
    "country": "US",
    "lat": 27.07311,
    "lng": -82.4076
  },
  {
    "name": "Vero Beach",
    "country": "US",
    "lat": 27.63864,
    "lng": -80.39727
  },
  {
    "name": "Venice",
    "country": "US",
    "lat": 38.67227,
    "lng": -90.16983
  },
  {
    "name": "Versailles",
    "country": "US",
    "lat": 39.072,
    "lng": -85.2519
  },
  {
    "name": "Vevay",
    "country": "US",
    "lat": 38.74784,
    "lng": -85.06717
  },
  {
    "name": "Verona",
    "country": "US",
    "lat": 38.8184,
    "lng": -84.66078
  },
  {
    "name": "Versailles",
    "country": "US",
    "lat": 38.05258,
    "lng": -84.72995
  },
  {
    "name": "Velda Village",
    "country": "US",
    "lat": 38.69005,
    "lng": -90.29428
  },
  {
    "name": "Velda Village Hills",
    "country": "US",
    "lat": 38.69061,
    "lng": -90.28734
  },
  {
    "name": "Versailles",
    "country": "US",
    "lat": 38.43141,
    "lng": -92.84103
  },
  {
    "name": "Verona",
    "country": "US",
    "lat": 34.19427,
    "lng": -88.71977
  },
  {
    "name": "Ventnor City",
    "country": "US",
    "lat": 39.34039,
    "lng": -74.47737
  },
  {
    "name": "Verdigris",
    "country": "US",
    "lat": 36.23482,
    "lng": -95.69109
  },
  {
    "name": "Venus",
    "country": "US",
    "lat": 32.43347,
    "lng": -97.10251
  },
  {
    "name": "Vernon",
    "country": "US",
    "lat": 34.15536,
    "lng": -99.26628
  },
  {
    "name": "Verona",
    "country": "US",
    "lat": 38.20208,
    "lng": -79.00836
  },
  {
    "name": "Venetian Village",
    "country": "US",
    "lat": 42.39863,
    "lng": -88.05258
  },
  {
    "name": "Vernon Hills",
    "country": "US",
    "lat": 42.21947,
    "lng": -87.97952
  },
  {
    "name": "Veedersburg",
    "country": "US",
    "lat": 40.11309,
    "lng": -87.26251
  },
  {
    "name": "Veazie",
    "country": "US",
    "lat": 44.83868,
    "lng": -68.70531
  },
  {
    "name": "Verona",
    "country": "US",
    "lat": 40.82982,
    "lng": -74.24015
  },
  {
    "name": "Vernon Valley",
    "country": "US",
    "lat": 41.23676,
    "lng": -74.4871
  },
  {
    "name": "Vernon",
    "country": "US",
    "lat": 43.07951,
    "lng": -75.53934
  },
  {
    "name": "Verplanck",
    "country": "US",
    "lat": 41.25287,
    "lng": -73.95986
  },
  {
    "name": "Vestal",
    "country": "US",
    "lat": 42.08507,
    "lng": -76.05381
  },
  {
    "name": "Vermilion",
    "country": "US",
    "lat": 41.42199,
    "lng": -82.36461
  },
  {
    "name": "Vermilion-on-the-Lake",
    "country": "US",
    "lat": 41.42838,
    "lng": -82.32377
  },
  {
    "name": "Versailles",
    "country": "US",
    "lat": 40.22255,
    "lng": -84.4844
  },
  {
    "name": "Verona",
    "country": "US",
    "lat": 40.50646,
    "lng": -79.8431
  },
  {
    "name": "Versailles",
    "country": "US",
    "lat": 40.31563,
    "lng": -79.83116
  },
  {
    "name": "Vermillion",
    "country": "US",
    "lat": 42.77944,
    "lng": -96.92921
  },
  {
    "name": "Vergennes",
    "country": "US",
    "lat": 44.16728,
    "lng": -73.25401
  },
  {
    "name": "Verona",
    "country": "US",
    "lat": 42.99083,
    "lng": -89.53318
  },
  {
    "name": "Venice",
    "country": "US",
    "lat": 33.99084,
    "lng": -118.46008
  },
  {
    "name": "Ventura",
    "country": "US",
    "lat": 34.27834,
    "lng": -119.29317
  },
  {
    "name": "Verdi",
    "country": "US",
    "lat": 39.51824,
    "lng": -119.98881
  },
  {
    "name": "Vega",
    "country": "US",
    "lat": 35.24283,
    "lng": -102.42826
  },
  {
    "name": "Velva",
    "country": "US",
    "lat": 48.05612,
    "lng": -100.92932
  },
  {
    "name": "Veneta",
    "country": "US",
    "lat": 44.04873,
    "lng": -123.35093
  },
  {
    "name": "Vernonia",
    "country": "US",
    "lat": 45.85872,
    "lng": -123.19289
  },
  {
    "name": "Vernal",
    "country": "US",
    "lat": 40.45552,
    "lng": -109.52875
  },
  {
    "name": "Veradale",
    "country": "US",
    "lat": 47.64995,
    "lng": -117.20738
  },
  {
    "name": "Venersborg",
    "country": "US",
    "lat": 45.77373,
    "lng": -122.42454
  },
  {
    "name": "Verde Village",
    "country": "US",
    "lat": 34.7105,
    "lng": -112.01152
  },
  {
    "name": "Vero Beach South",
    "country": "US",
    "lat": 27.61638,
    "lng": -80.41308
  },
  {
    "name": "Verona Walk",
    "country": "US",
    "lat": 26.08412,
    "lng": -81.67985
  },
  {
    "name": "Vernon Center",
    "country": "US",
    "lat": 41.18879,
    "lng": -74.50405
  },
  {
    "name": "Vermont Square",
    "country": "US",
    "lat": 34.00204,
    "lng": -118.29896
  },
  {
    "name": "Vergara",
    "country": "UY",
    "lat": -32.94419,
    "lng": -53.9381
  },
  {
    "name": "Velázquez",
    "country": "UY",
    "lat": -34.03631,
    "lng": -54.28054
  },
  {
    "name": "Veguitas",
    "country": "VE",
    "lat": 8.82391,
    "lng": -69.99581
  },
  {
    "name": "Verkeerdevlei",
    "country": "ZA",
    "lat": -28.83264,
    "lng": 26.7777
  },
  {
    "name": "Verena",
    "country": "ZA",
    "lat": -25.48251,
    "lng": 29.02763
  },
  {
    "name": "Vereeniging",
    "country": "ZA",
    "lat": -26.67313,
    "lng": 27.92615
  },
  {
    "name": "Venterstad",
    "country": "ZA",
    "lat": -30.77619,
    "lng": 25.79923
  },
  {
    "name": "Ventersdorp",
    "country": "ZA",
    "lat": -26.31401,
    "lng": 26.82223
  },
  {
    "name": "Ventersburg",
    "country": "ZA",
    "lat": -28.08561,
    "lng": 27.13814
  },
  {
    "name": "Velddrif",
    "country": "ZA",
    "lat": -32.78518,
    "lng": 18.17859
  }
]