[
  {
    "name": "Yangī Qal‘ah",
    "country": "AF",
    "lat": 37.46572,
    "lng": 69.61131
  },
  {
    "name": "Yaḩyá Khēl",
    "country": "AF",
    "lat": 32.93742,
    "lng": 68.64622
  },
  {
    "name": "Yatayti Calle",
    "country": "AR",
    "lat": -29.02831,
    "lng": -58.9123
  },
  {
    "name": "Yapeyú",
    "country": "AR",
    "lat": -29.46907,
    "lng": -56.81837
  },
  {
    "name": "Yacimientos Río Turbio",
    "country": "AR",
    "lat": -51.53642,
    "lng": -72.33786
  },
  {
    "name": "Yanchep",
    "country": "AU",
    "lat": -31.54678,
    "lng": 115.63171
  },
  {
    "name": "Yallingup",
    "country": "AU",
    "lat": -33.64592,
    "lng": 115.03514
  },
  {
    "name": "Yatala",
    "country": "AU",
    "lat": -27.71667,
    "lng": 153.21667
  },
  {
    "name": "Yass",
    "country": "AU",
    "lat": -34.84036,
    "lng": 148.90987
  },
  {
    "name": "Yarrawonga",
    "country": "AU",
    "lat": -36.01923,
    "lng": 145.99973
  },
  {
    "name": "Yarraville",
    "country": "AU",
    "lat": -37.81667,
    "lng": 144.9
  },
  {
    "name": "Yarraman",
    "country": "AU",
    "lat": -26.84167,
    "lng": 151.98138
  },
  {
    "name": "Yarram",
    "country": "AU",
    "lat": -38.56479,
    "lng": 146.67557
  },
  {
    "name": "Yarra Junction",
    "country": "AU",
    "lat": -37.78192,
    "lng": 145.6143
  },
  {
    "name": "Yarragon",
    "country": "AU",
    "lat": -38.20525,
    "lng": 146.06079
  },
  {
    "name": "Yarra Glen",
    "country": "AU",
    "lat": -37.65794,
    "lng": 145.37416
  },
  {
    "name": "Yandina",
    "country": "AU",
    "lat": -26.56165,
    "lng": 152.95595
  },
  {
    "name": "Yamba",
    "country": "AU",
    "lat": -29.4375,
    "lng": 153.35914
  },
  {
    "name": "Yackandandah",
    "country": "AU",
    "lat": -36.31371,
    "lng": 146.83958
  },
  {
    "name": "Yarrawarrah",
    "country": "AU",
    "lat": -34.05351,
    "lng": 151.03563
  },
  {
    "name": "Yamanto",
    "country": "AU",
    "lat": -27.66027,
    "lng": 152.73863
  },
  {
    "name": "Yaroomba",
    "country": "AU",
    "lat": -26.55126,
    "lng": 153.09701
  },
  {
    "name": "Yakamia",
    "country": "AU",
    "lat": -35.00392,
    "lng": 117.87828
  },
  {
    "name": "Yalyalup",
    "country": "AU",
    "lat": -33.67496,
    "lng": 115.41449
  },
  {
    "name": "Yarravel",
    "country": "AU",
    "lat": -31.04295,
    "lng": 152.76191
  },
  {
    "name": "Yarralumla",
    "country": "AU",
    "lat": -35.2998,
    "lng": 149.10585
  },
  {
    "name": "Yarrabah",
    "country": "AU",
    "lat": -16.99454,
    "lng": 145.89716
  },
  {
    "name": "Yagoona",
    "country": "AU",
    "lat": -33.9049,
    "lng": 151.01996
  },
  {
    "name": "Yarrambat",
    "country": "AU",
    "lat": -37.63751,
    "lng": 145.13486
  },
  {
    "name": "Yallambie",
    "country": "AU",
    "lat": -37.72515,
    "lng": 145.09352
  },
  {
    "name": "Yangebup",
    "country": "AU",
    "lat": -32.12065,
    "lng": 115.81623
  },
  {
    "name": "Yallourn North",
    "country": "AU",
    "lat": -38.16053,
    "lng": 146.36449
  },
  {
    "name": "Yarrabilba",
    "country": "AU",
    "lat": -27.80864,
    "lng": 153.11163
  },
  {
    "name": "Yaycı",
    "country": "AZ",
    "lat": 38.94052,
    "lng": 45.73244
  },
  {
    "name": "Yardımlı",
    "country": "AZ",
    "lat": 38.90771,
    "lng": 48.24052
  },
  {
    "name": "Yanıqlı",
    "country": "AZ",
    "lat": 40.8432,
    "lng": 45.6803
  },
  {
    "name": "Yalgo",
    "country": "BF",
    "lat": 12.93333,
    "lng": -0.85
  },
  {
    "name": "Yako",
    "country": "BF",
    "lat": 12.9591,
    "lng": -2.26075
  },
  {
    "name": "Yambol",
    "country": "BG",
    "lat": 42.48243,
    "lng": 26.50006
  },
  {
    "name": "Yakoruda",
    "country": "BG",
    "lat": 42.02528,
    "lng": 23.68417
  },
  {
    "name": "Yakimovo",
    "country": "BG",
    "lat": 43.63472,
    "lng": 23.3535
  },
  {
    "name": "Yablanitsa",
    "country": "BG",
    "lat": 43.02813,
    "lng": 24.10244
  },
  {
    "name": "Yamparáez",
    "country": "BO",
    "lat": -19.18929,
    "lng": -65.12329
  },
  {
    "name": "Yacuiba",
    "country": "BO",
    "lat": -22.01643,
    "lng": -63.67753
  },
  {
    "name": "Yalizava",
    "country": "BY",
    "lat": 53.3994,
    "lng": 29.0048
  },
  {
    "name": "Yamachiche",
    "country": "CA",
    "lat": 46.28175,
    "lng": -72.82873
  },
  {
    "name": "Yarmouth",
    "country": "CA",
    "lat": 43.83345,
    "lng": -66.11557
  },
  {
    "name": "Yarrow",
    "country": "CA",
    "lat": 49.08207,
    "lng": -122.05034
  },
  {
    "name": "Yaletown",
    "country": "CA",
    "lat": 49.27608,
    "lng": -123.11772
  },
  {
    "name": "Yangambi",
    "country": "CD",
    "lat": 0.76755,
    "lng": 24.43973
  },
  {
    "name": "Yaloké",
    "country": "CF",
    "lat": 5.31953,
    "lng": 17.10114
  },
  {
    "name": "Yaouda",
    "country": "CI",
    "lat": 6.49151,
    "lng": -5.55185
  },
  {
    "name": "Yapokpa",
    "country": "CI",
    "lat": 5.80595,
    "lng": -4.14354
  },
  {
    "name": "Yapleu",
    "country": "CI",
    "lat": 7.09056,
    "lng": -7.71028
  },
  {
    "name": "Yaoudé",
    "country": "CI",
    "lat": 6.5588,
    "lng": -7.44612
  },
  {
    "name": "Yaou",
    "country": "CI",
    "lat": 5.79773,
    "lng": -3.13823
  },
  {
    "name": "Yaokro",
    "country": "CI",
    "lat": 7.74595,
    "lng": -3.9857
  },
  {
    "name": "Yaokimkroum",
    "country": "CI",
    "lat": 7.60096,
    "lng": -3.00403
  },
  {
    "name": "Yaogotouo",
    "country": "CI",
    "lat": 6.84729,
    "lng": -8.28465
  },
  {
    "name": "Yaobou",
    "country": "CI",
    "lat": 5.7115,
    "lng": -4.41274
  },
  {
    "name": "Yanguileu",
    "country": "CI",
    "lat": 7.6785,
    "lng": -8.10992
  },
  {
    "name": "Yango",
    "country": "CI",
    "lat": 7.70964,
    "lng": -2.99308
  },
  {
    "name": "Yanantifla",
    "country": "CI",
    "lat": 6.59286,
    "lng": -6.04458
  },
  {
    "name": "Yamoussoukro",
    "country": "CI",
    "lat": 6.82055,
    "lng": -5.27674
  },
  {
    "name": "Yala",
    "country": "CI",
    "lat": 7.37778,
    "lng": -6.82639
  },
  {
    "name": "Yakassémé",
    "country": "CI",
    "lat": 5.81052,
    "lng": -3.9511
  },
  {
    "name": "Yakassé",
    "country": "CI",
    "lat": 7.77923,
    "lng": -3.50834
  },
  {
    "name": "Yakassé-Feyassé",
    "country": "CI",
    "lat": 6.9557,
    "lng": -3.4126
  },
  {
    "name": "Yakassé-Attobrou",
    "country": "CI",
    "lat": 6.18174,
    "lng": -3.65111
  },
  {
    "name": "Yafi-Kouamékro",
    "country": "CI",
    "lat": 7.0499,
    "lng": -4.29621
  },
  {
    "name": "Yaégo",
    "country": "CI",
    "lat": 8.35601,
    "lng": -2.95615
  },
  {
    "name": "Yadio",
    "country": "CI",
    "lat": 6.07276,
    "lng": -4.07399
  },
  {
    "name": "Yadibikro",
    "country": "CI",
    "lat": 7.10427,
    "lng": -5.35893
  },
  {
    "name": "Yacoéoua",
    "country": "CI",
    "lat": 5.97747,
    "lng": -6.48762
  },
  {
    "name": "Yabrasso",
    "country": "CI",
    "lat": 7.44379,
    "lng": -3.46982
  },
  {
    "name": "Yaplassou",
    "country": "CI",
    "lat": 7.48317,
    "lng": -5.26986
  },
  {
    "name": "Yabayo",
    "country": "CI",
    "lat": 5.93876,
    "lng": -6.59826
  },
  {
    "name": "Yasségouiné",
    "country": "CI",
    "lat": 7.52592,
    "lng": -8.01362
  },
  {
    "name": "Yapokoi",
    "country": "CI",
    "lat": 5.80863,
    "lng": -3.68406
  },
  {
    "name": "Yakpabo-Sakassou",
    "country": "CI",
    "lat": 6.92752,
    "lng": -4.8869
  },
  {
    "name": "Ya",
    "country": "CI",
    "lat": 7.16775,
    "lng": -4.37435
  },
  {
    "name": "Yaffo-Agni",
    "country": "CI",
    "lat": 6.55324,
    "lng": -3.93502
  },
  {
    "name": "Yaffo-Abongoua",
    "country": "CI",
    "lat": 6.58655,
    "lng": -4.03113
  },
  {
    "name": "Yaffo-Attié",
    "country": "CI",
    "lat": 6.53998,
    "lng": -3.93405
  },
  {
    "name": "Yapo-Gare",
    "country": "CI",
    "lat": 5.79742,
    "lng": -4.13774
  },
  {
    "name": "Yabli-Guinglo",
    "country": "CI",
    "lat": 7.02942,
    "lng": -7.45184
  },
  {
    "name": "Yabligué",
    "country": "CI",
    "lat": 7.02834,
    "lng": -7.41144
  },
  {
    "name": "Yaokro",
    "country": "CI",
    "lat": 7.2978,
    "lng": -3.21938
  },
  {
    "name": "Yakassé-Akidom",
    "country": "CI",
    "lat": 7.80469,
    "lng": -2.88424
  },
  {
    "name": "Yaoundé",
    "country": "CM",
    "lat": 3.86667,
    "lng": 11.51667
  },
  {
    "name": "Yagoua",
    "country": "CM",
    "lat": 10.34107,
    "lng": 15.23288
  },
  {
    "name": "Yabassi",
    "country": "CM",
    "lat": 4.45697,
    "lng": 9.96822
  },
  {
    "name": "Yanduo",
    "country": "CN",
    "lat": 30.65722,
    "lng": 97.5731
  },
  {
    "name": "Yanqi",
    "country": "CN",
    "lat": 42.06321,
    "lng": 86.57185
  },
  {
    "name": "Yaxing",
    "country": "CN",
    "lat": 19.44778,
    "lng": 109.26273
  },
  {
    "name": "Yatunpu",
    "country": "CN",
    "lat": 26.155,
    "lng": 109.62667
  },
  {
    "name": "Yatou",
    "country": "CN",
    "lat": 37.1566,
    "lng": 122.43762
  },
  {
    "name": "Yashan",
    "country": "CN",
    "lat": 22.1975,
    "lng": 109.94194
  },
  {
    "name": "Yaozhou",
    "country": "CN",
    "lat": 34.90528,
    "lng": 108.97
  },
  {
    "name": "Yaowan",
    "country": "CN",
    "lat": 34.18333,
    "lng": 118.06667
  },
  {
    "name": "Yaoshi",
    "country": "CN",
    "lat": 27.63944,
    "lng": 109.53028
  },
  {
    "name": "Yaoshi",
    "country": "CN",
    "lat": 26.29306,
    "lng": 110.78917
  },
  {
    "name": "Yaoji",
    "country": "CN",
    "lat": 34.06667,
    "lng": 117.81667
  },
  {
    "name": "Yaohua",
    "country": "CN",
    "lat": 32.12152,
    "lng": 118.8717
  },
  {
    "name": "Yaodu",
    "country": "CN",
    "lat": 30.1,
    "lng": 117.01667
  },
  {
    "name": "Yaocheng",
    "country": "CN",
    "lat": 37.3325,
    "lng": 114.70139
  },
  {
    "name": "Yanzibu",
    "country": "CN",
    "lat": 34.50561,
    "lng": 117.70222
  },
  {
    "name": "Yanzhou",
    "country": "CN",
    "lat": 35.55278,
    "lng": 116.82861
  },
  {
    "name": "Yantian",
    "country": "CN",
    "lat": 26.85333,
    "lng": 119.8575
  },
  {
    "name": "Yantan",
    "country": "CN",
    "lat": 29.27396,
    "lng": 104.8738
  },
  {
    "name": "Yantai",
    "country": "CN",
    "lat": 37.47649,
    "lng": 121.44081
  },
  {
    "name": "Yansi",
    "country": "CN",
    "lat": 29.82365,
    "lng": 118.33792
  },
  {
    "name": "Yanshan",
    "country": "CN",
    "lat": 38.05735,
    "lng": 117.22466
  },
  {
    "name": "Yanmen",
    "country": "CN",
    "lat": 27.855,
    "lng": 109.74028
  },
  {
    "name": "Yanling",
    "country": "CN",
    "lat": 29.53065,
    "lng": 104.66108
  },
  {
    "name": "Yanliang",
    "country": "CN",
    "lat": 34.65918,
    "lng": 109.22921
  },
  {
    "name": "Yankou",
    "country": "CN",
    "lat": 30.35115,
    "lng": 106.28669
  },
  {
    "name": "Yanjing",
    "country": "CN",
    "lat": 29.94494,
    "lng": 106.35025
  },
  {
    "name": "Yanjing",
    "country": "CN",
    "lat": 27.42699,
    "lng": 101.50968
  },
  {
    "name": "Yanjin",
    "country": "CN",
    "lat": 35.14664,
    "lng": 114.19411
  },
  {
    "name": "Yanjin",
    "country": "CN",
    "lat": 28.11221,
    "lng": 104.23251
  },
  {
    "name": "Yanjia",
    "country": "CN",
    "lat": 29.82758,
    "lng": 106.99734
  },
  {
    "name": "Yangshi",
    "country": "CN",
    "lat": 30.81431,
    "lng": 109.04568
  },
  {
    "name": "Yangzhou",
    "country": "CN",
    "lat": 32.39722,
    "lng": 119.43583
  },
  {
    "name": "Yangzhong",
    "country": "CN",
    "lat": 26.70556,
    "lng": 119.37444
  },
  {
    "name": "Yangxin",
    "country": "CN",
    "lat": 37.64472,
    "lng": 117.57667
  },
  {
    "name": "Yangzhou",
    "country": "CN",
    "lat": 33.22192,
    "lng": 107.54267
  },
  {
    "name": "Yanguan",
    "country": "CN",
    "lat": 34.26389,
    "lng": 105.46389
  },
  {
    "name": "Yangtun",
    "country": "CN",
    "lat": 34.88333,
    "lng": 116.88333
  },
  {
    "name": "Yangtou",
    "country": "CN",
    "lat": 27.68944,
    "lng": 109.41389
  },
  {
    "name": "Yangshuo",
    "country": "CN",
    "lat": 24.78081,
    "lng": 110.48967
  },
  {
    "name": "Yangsha",
    "country": "CN",
    "lat": 34.83155,
    "lng": 103.66816
  },
  {
    "name": "Yangri",
    "country": "CN",
    "lat": 31.73986,
    "lng": 110.81493
  },
  {
    "name": "Yangquan",
    "country": "CN",
    "lat": 37.8575,
    "lng": 113.56333
  },
  {
    "name": "Yangpu",
    "country": "CN",
    "lat": 31.26193,
    "lng": 121.51904
  },
  {
    "name": "Yangliuqing",
    "country": "CN",
    "lat": 39.1375,
    "lng": 116.99972
  },
  {
    "name": "Yangliujie",
    "country": "CN",
    "lat": 26.36667,
    "lng": 107.5
  },
  {
    "name": "Yangling",
    "country": "CN",
    "lat": 34.27173,
    "lng": 108.07891
  },
  {
    "name": "Yangjinzhuang",
    "country": "CN",
    "lat": 39.885,
    "lng": 117.39806
  },
  {
    "name": "Yangjiaying",
    "country": "CN",
    "lat": 39.48055,
    "lng": 111.69301
  },
  {
    "name": "Yangjiapo",
    "country": "CN",
    "lat": 39.29417,
    "lng": 117.8875
  },
  {
    "name": "Yangjiao",
    "country": "CN",
    "lat": 29.3979,
    "lng": 107.60649
  },
  {
    "name": "Yangdian",
    "country": "CN",
    "lat": 33.93332,
    "lng": 106.42656
  },
  {
    "name": "Yanghou",
    "country": "CN",
    "lat": 26.64083,
    "lng": 118.50806
  },
  {
    "name": "Yanghe",
    "country": "CN",
    "lat": 38.27852,
    "lng": 106.24776
  },
  {
    "name": "Yanggu",
    "country": "CN",
    "lat": 36.11056,
    "lng": 115.77528
  },
  {
    "name": "Yangezhuang",
    "country": "CN",
    "lat": 39.99639,
    "lng": 117.69028
  },
  {
    "name": "Yangcun",
    "country": "CN",
    "lat": 39.36389,
    "lng": 117.06028
  },
  {
    "name": "Yangcheng",
    "country": "CN",
    "lat": 35.4922,
    "lng": 112.40428
  },
  {
    "name": "Yandong",
    "country": "CN",
    "lat": 26.09861,
    "lng": 108.96639
  },
  {
    "name": "Yancheng Chengguanzhen",
    "country": "CN",
    "lat": 33.58472,
    "lng": 113.98667
  },
  {
    "name": "Yancheng",
    "country": "CN",
    "lat": 33.3575,
    "lng": 120.1573
  },
  {
    "name": "Yan’an",
    "country": "CN",
    "lat": 36.59889,
    "lng": 109.49167
  },
  {
    "name": "Yakoucun",
    "country": "CN",
    "lat": 24.67194,
    "lng": 118.63722
  },
  {
    "name": "Yajiang",
    "country": "CN",
    "lat": 29.45477,
    "lng": 107.37369
  },
  {
    "name": "Yacheng",
    "country": "CN",
    "lat": 34.32278,
    "lng": 105.13528
  },
  {
    "name": "Yacha",
    "country": "CN",
    "lat": 19.23056,
    "lng": 109.4475
  },
  {
    "name": "Ya'an",
    "country": "CN",
    "lat": 29.98521,
    "lng": 102.999
  },
  {
    "name": "Yaofeng",
    "country": "CN",
    "lat": 35.13861,
    "lng": 111.21222
  },
  {
    "name": "Yancheng",
    "country": "CN",
    "lat": 38.91538,
    "lng": 111.86928
  },
  {
    "name": "Yakou",
    "country": "CN",
    "lat": 33.29649,
    "lng": 113.52351
  },
  {
    "name": "Yanta",
    "country": "CN",
    "lat": 36.24111,
    "lng": 115.66722
  },
  {
    "name": "Yangjiaping",
    "country": "CN",
    "lat": 29.50512,
    "lng": 106.50135
  },
  {
    "name": "Yancheng",
    "country": "CN",
    "lat": 29.65068,
    "lng": 104.06723
  },
  {
    "name": "Yangjiang",
    "country": "CN",
    "lat": 21.85563,
    "lng": 111.96272
  },
  {
    "name": "Yancheng",
    "country": "CN",
    "lat": 29.74357,
    "lng": 103.56679
  },
  {
    "name": "Yanshi",
    "country": "CN",
    "lat": 34.72419,
    "lng": 112.78365
  },
  {
    "name": "Yangchun",
    "country": "CN",
    "lat": 22.16667,
    "lng": 111.78333
  },
  {
    "name": "Yanhe",
    "country": "CN",
    "lat": 32.05904,
    "lng": 108.39583
  },
  {
    "name": "Yangying",
    "country": "CN",
    "lat": 35.81805,
    "lng": 115.94807
  },
  {
    "name": "Yangba",
    "country": "CN",
    "lat": 33.01027,
    "lng": 105.76643
  },
  {
    "name": "Yantai",
    "country": "CN",
    "lat": 30.1467,
    "lng": 107.3196
  },
  {
    "name": "Yanta",
    "country": "CN",
    "lat": 34.20636,
    "lng": 108.9524
  },
  {
    "name": "Yantongshan",
    "country": "CN",
    "lat": 43.29194,
    "lng": 126.00944
  },
  {
    "name": "Yanshou",
    "country": "CN",
    "lat": 45.44432,
    "lng": 128.30451
  },
  {
    "name": "Yanqing",
    "country": "CN",
    "lat": 40.46093,
    "lng": 115.9715
  },
  {
    "name": "Yanji",
    "country": "CN",
    "lat": 42.88825,
    "lng": 129.50241
  },
  {
    "name": "Yakeshi",
    "country": "CN",
    "lat": 49.28333,
    "lng": 120.73333
  },
  {
    "name": "Yanshan",
    "country": "CN",
    "lat": 30.55435,
    "lng": 108.30908
  },
  {
    "name": "Yangyong",
    "country": "CN",
    "lat": 34.6459,
    "lng": 103.47198
  },
  {
    "name": "Yan’anxiang",
    "country": "CN",
    "lat": 34.46001,
    "lng": 104.91673
  },
  {
    "name": "Yanwan",
    "country": "CN",
    "lat": 31.1957,
    "lng": 109.5301
  },
  {
    "name": "Yanxi",
    "country": "CN",
    "lat": 30.29705,
    "lng": 108.12682
  },
  {
    "name": "Yajiang",
    "country": "CN",
    "lat": 28.45935,
    "lng": 109.17753
  },
  {
    "name": "Yandong",
    "country": "CN",
    "lat": 29.28576,
    "lng": 108.23809
  },
  {
    "name": "Yanwo",
    "country": "CN",
    "lat": 30.33178,
    "lng": 106.07357
  },
  {
    "name": "Yangcheng",
    "country": "CN",
    "lat": 29.99968,
    "lng": 106.25604
  },
  {
    "name": "Yangming",
    "country": "CN",
    "lat": 44.59435,
    "lng": 129.6285
  },
  {
    "name": "Yanqiao",
    "country": "CN",
    "lat": 31.68918,
    "lng": 120.278
  },
  {
    "name": "Yanglong",
    "country": "CN",
    "lat": 38.80761,
    "lng": 98.43418
  },
  {
    "name": "Yangzi Jianglu",
    "country": "CN",
    "lat": 43.77332,
    "lng": 87.58879
  },
  {
    "name": "Yanji",
    "country": "CN",
    "lat": 33.9653,
    "lng": 116.451
  },
  {
    "name": "Yak'airike",
    "country": "CN",
    "lat": 38.196,
    "lng": 76.96505
  },
  {
    "name": "Yanping",
    "country": "CN",
    "lat": 26.63811,
    "lng": 118.16819
  },
  {
    "name": "Yanshan",
    "country": "CN",
    "lat": 25.10307,
    "lng": 110.28203
  },
  {
    "name": "Yanghe",
    "country": "CN",
    "lat": 34.51831,
    "lng": 105.0077
  },
  {
    "name": "Yanjia",
    "country": "CN",
    "lat": 34.92307,
    "lng": 106.37383
  },
  {
    "name": "Yawa",
    "country": "CN",
    "lat": 37.4119,
    "lng": 79.51429
  },
  {
    "name": "Yanghe",
    "country": "CN",
    "lat": 36.13806,
    "lng": 119.91353
  },
  {
    "name": "Yabian",
    "country": "CN",
    "lat": 22.74198,
    "lng": 113.81216
  },
  {
    "name": "Yanhanshan",
    "country": "CN",
    "lat": 22.53685,
    "lng": 113.98249
  },
  {
    "name": "Yarumal",
    "country": "CO",
    "lat": 6.96321,
    "lng": -75.41738
  },
  {
    "name": "Yalí",
    "country": "CO",
    "lat": 6.67457,
    "lng": -74.8343
  },
  {
    "name": "Yaguará",
    "country": "CO",
    "lat": 2.66355,
    "lng": -75.51753
  },
  {
    "name": "Yacuanquer",
    "country": "CO",
    "lat": 1.11577,
    "lng": -77.40169
  },
  {
    "name": "Yacopí",
    "country": "CO",
    "lat": 5.45948,
    "lng": -74.33823
  },
  {
    "name": "Yara",
    "country": "CU",
    "lat": 20.27465,
    "lng": -76.95132
  },
  {
    "name": "Yaguajay",
    "country": "CU",
    "lat": 22.32691,
    "lng": -79.23567
  },
  {
    "name": "Yayas de Viajama",
    "country": "DO",
    "lat": 18.6071,
    "lng": -70.92753
  },
  {
    "name": "Yamasá",
    "country": "DO",
    "lat": 18.77315,
    "lng": -70.02583
  },
  {
    "name": "Yaguate",
    "country": "DO",
    "lat": 18.3353,
    "lng": -70.18113
  },
  {
    "name": "Yaruquíes",
    "country": "EC",
    "lat": -1.68908,
    "lng": -78.67636
  },
  {
    "name": "Yaruquí",
    "country": "EC",
    "lat": -0.16544,
    "lng": -78.31627
  },
  {
    "name": "Yantzaza",
    "country": "EC",
    "lat": -3.83299,
    "lng": -78.76122
  },
  {
    "name": "Yanayacu",
    "country": "EC",
    "lat": -1.43361,
    "lng": -78.66487
  },
  {
    "name": "Yaguachi Nuevo",
    "country": "EC",
    "lat": -2.09757,
    "lng": -79.69261
  },
  {
    "name": "Yamana",
    "country": "EC",
    "lat": -4.00016,
    "lng": -79.69839
  },
  {
    "name": "Yaiza",
    "country": "ES",
    "lat": 28.95678,
    "lng": -13.76535
  },
  {
    "name": "Yanguas de Eresma",
    "country": "ES",
    "lat": 41.07201,
    "lng": -4.23905
  },
  {
    "name": "Yanguas",
    "country": "ES",
    "lat": 42.10171,
    "lng": -2.33986
  },
  {
    "name": "Yabēlo",
    "country": "ET",
    "lat": 4.88333,
    "lng": 38.08333
  },
  {
    "name": "Yamarugley",
    "country": "ET",
    "lat": 6.80768,
    "lng": 46.08482
  },
  {
    "name": "Yainville",
    "country": "FR",
    "lat": 49.45371,
    "lng": 0.8292
  },
  {
    "name": "Yazor",
    "country": "GB",
    "lat": 52.11667,
    "lng": -2.86667
  },
  {
    "name": "Yaxley",
    "country": "GB",
    "lat": 52.51768,
    "lng": -0.25852
  },
  {
    "name": "Yatton",
    "country": "GB",
    "lat": 51.96667,
    "lng": -2.53333
  },
  {
    "name": "Yatton",
    "country": "GB",
    "lat": 51.38839,
    "lng": -2.82353
  },
  {
    "name": "Yate",
    "country": "GB",
    "lat": 51.54074,
    "lng": -2.41839
  },
  {
    "name": "Yarnton",
    "country": "GB",
    "lat": 51.80448,
    "lng": -1.31149
  },
  {
    "name": "Yarmouth",
    "country": "GB",
    "lat": 50.70529,
    "lng": -1.49929
  },
  {
    "name": "Yarm",
    "country": "GB",
    "lat": 54.50364,
    "lng": -1.35793
  },
  {
    "name": "Yapton",
    "country": "GB",
    "lat": 50.8209,
    "lng": -0.613
  },
  {
    "name": "Yalding",
    "country": "GB",
    "lat": 51.22387,
    "lng": 0.4292
  },
  {
    "name": "Yateley",
    "country": "GB",
    "lat": 51.34305,
    "lng": -0.82985
  },
  {
    "name": "Yau Yat Chuen",
    "country": "HK",
    "lat": 22.33101,
    "lng": 114.17413
  },
  {
    "name": "Yau Tong",
    "country": "HK",
    "lat": 22.29569,
    "lng": 114.23599
  },
  {
    "name": "Yau Ma Tei",
    "country": "HK",
    "lat": 22.3138,
    "lng": 114.16857
  },
  {
    "name": "Yarumela",
    "country": "HN",
    "lat": 14.33578,
    "lng": -87.64557
  },
  {
    "name": "Yaruchel",
    "country": "HN",
    "lat": 14.52794,
    "lng": -88.81579
  },
  {
    "name": "Yamaranguila",
    "country": "HN",
    "lat": 14.28333,
    "lng": -88.24199
  },
  {
    "name": "Yaguacire",
    "country": "HN",
    "lat": 14.01573,
    "lng": -87.216
  },
  {
    "name": "Yavne’el",
    "country": "IL",
    "lat": 32.70619,
    "lng": 35.50435
  },
  {
    "name": "Yavné",
    "country": "IL",
    "lat": 31.87808,
    "lng": 34.73983
  },
  {
    "name": "Yashresh",
    "country": "IL",
    "lat": 31.91481,
    "lng": 34.84911
  },
  {
    "name": "Yarẖiv",
    "country": "IL",
    "lat": 32.15239,
    "lng": 34.9679
  },
  {
    "name": "Yagur",
    "country": "IL",
    "lat": 32.7421,
    "lng": 35.0774
  },
  {
    "name": "Yad Rambam",
    "country": "IL",
    "lat": 31.89997,
    "lng": 34.90027
  },
  {
    "name": "Yad Binyamin",
    "country": "IL",
    "lat": 31.7974,
    "lng": 34.82083
  },
  {
    "name": "Yanuah Jat",
    "country": "IL",
    "lat": 32.9798,
    "lng": 35.23806
  },
  {
    "name": "Yanuh-Jat",
    "country": "IL",
    "lat": 32.98515,
    "lng": 35.2491
  },
  {
    "name": "Yavatmāl",
    "country": "IN",
    "lat": 20.39324,
    "lng": 78.13201
  },
  {
    "name": "Yanam",
    "country": "IN",
    "lat": 16.73308,
    "lng": 82.21364
  },
  {
    "name": "Yamuna Nagar",
    "country": "IN",
    "lat": 30.12796,
    "lng": 77.28371
  },
  {
    "name": "Yairipok",
    "country": "IN",
    "lat": 24.67792,
    "lng": 94.04767
  },
  {
    "name": "Yadgir",
    "country": "IN",
    "lat": 16.77007,
    "lng": 77.13755
  },
  {
    "name": "Yamjāl",
    "country": "IN",
    "lat": 17.26944,
    "lng": 78.57667
  },
  {
    "name": "Yanamalakuduru",
    "country": "IN",
    "lat": 16.48531,
    "lng": 80.66746
  },
  {
    "name": "Yadagirigutta",
    "country": "IN",
    "lat": 17.58894,
    "lng": 78.94336
  },
  {
    "name": "Yasuj",
    "country": "IR",
    "lat": 30.66824,
    "lng": 51.58796
  },
  {
    "name": "Yazd",
    "country": "IR",
    "lat": 31.89722,
    "lng": 54.3675
  },
  {
    "name": "Yallahs",
    "country": "JM",
    "lat": 17.8748,
    "lng": -76.56245
  },
  {
    "name": "Yarqā",
    "country": "JO",
    "lat": 31.97583,
    "lng": 35.69638
  },
  {
    "name": "Yawata",
    "country": "JP",
    "lat": 34.87009,
    "lng": 135.7027
  },
  {
    "name": "Yatsuomachi-higashikumisaka",
    "country": "JP",
    "lat": 36.56667,
    "lng": 137.13333
  },
  {
    "name": "Yasugichō",
    "country": "JP",
    "lat": 35.42146,
    "lng": 133.24224
  },
  {
    "name": "Yasuda",
    "country": "JP",
    "lat": 33.43563,
    "lng": 133.98501
  },
  {
    "name": "Yashiro",
    "country": "JP",
    "lat": 34.91667,
    "lng": 134.96667
  },
  {
    "name": "Yashio",
    "country": "JP",
    "lat": 35.82255,
    "lng": 139.83905
  },
  {
    "name": "Yaotsu",
    "country": "JP",
    "lat": 35.46667,
    "lng": 137.15
  },
  {
    "name": "Yao",
    "country": "JP",
    "lat": 34.61667,
    "lng": 135.6
  },
  {
    "name": "Yanaizu",
    "country": "JP",
    "lat": 37.52416,
    "lng": 139.72167
  },
  {
    "name": "Yanai",
    "country": "JP",
    "lat": 33.96667,
    "lng": 132.11667
  },
  {
    "name": "Yanagawa",
    "country": "JP",
    "lat": 33.16667,
    "lng": 130.4
  },
  {
    "name": "Yamato-Takada",
    "country": "JP",
    "lat": 34.51667,
    "lng": 135.75
  },
  {
    "name": "Yamatohama",
    "country": "JP",
    "lat": 28.36077,
    "lng": 129.39413
  },
  {
    "name": "Yamashita",
    "country": "JP",
    "lat": 33.56554,
    "lng": 133.70284
  },
  {
    "name": "Yamazakichō-nakabirose",
    "country": "JP",
    "lat": 35.0,
    "lng": 134.55
  },
  {
    "name": "Yamakita",
    "country": "JP",
    "lat": 35.36344,
    "lng": 139.07975
  },
  {
    "name": "Yamaguchi",
    "country": "JP",
    "lat": 34.18333,
    "lng": 131.46667
  },
  {
    "name": "Yamaga",
    "country": "JP",
    "lat": 33.01667,
    "lng": 130.68911
  },
  {
    "name": "Yakage",
    "country": "JP",
    "lat": 34.62849,
    "lng": 133.59237
  },
  {
    "name": "Yaizu",
    "country": "JP",
    "lat": 34.86877,
    "lng": 138.31952
  },
  {
    "name": "Yaita",
    "country": "JP",
    "lat": 36.8,
    "lng": 139.93333
  },
  {
    "name": "Yahiko",
    "country": "JP",
    "lat": 37.7,
    "lng": 138.83333
  },
  {
    "name": "Yae",
    "country": "JP",
    "lat": 34.68333,
    "lng": 132.53333
  },
  {
    "name": "Yabu",
    "country": "JP",
    "lat": 35.40304,
    "lng": 134.77118
  },
  {
    "name": "Yabase",
    "country": "JP",
    "lat": 35.5,
    "lng": 133.68333
  },
  {
    "name": "Yanagawamachi-saiwaichō",
    "country": "JP",
    "lat": 37.85,
    "lng": 140.6
  },
  {
    "name": "Yamoto",
    "country": "JP",
    "lat": 38.42738,
    "lng": 141.21487
  },
  {
    "name": "Yamagata",
    "country": "JP",
    "lat": 38.23333,
    "lng": 140.36667
  },
  {
    "name": "Yamada",
    "country": "JP",
    "lat": 39.46667,
    "lng": 141.95
  },
  {
    "name": "Yachimata",
    "country": "JP",
    "lat": 35.65,
    "lng": 140.31667
  },
  {
    "name": "Yachi",
    "country": "JP",
    "lat": 38.42194,
    "lng": 140.30833
  },
  {
    "name": "Yabuki",
    "country": "JP",
    "lat": 37.2,
    "lng": 140.31667
  },
  {
    "name": "Yamanobe",
    "country": "JP",
    "lat": 38.29111,
    "lng": 140.26667
  },
  {
    "name": "Yakumo",
    "country": "JP",
    "lat": 42.25389,
    "lng": 140.26917
  },
  {
    "name": "Yachiyo",
    "country": "JP",
    "lat": 35.73531,
    "lng": 140.12445
  },
  {
    "name": "Yamagata",
    "country": "JP",
    "lat": 35.47619,
    "lng": 136.7721
  },
  {
    "name": "Yaese",
    "country": "JP",
    "lat": 26.12733,
    "lng": 127.7432
  },
  {
    "name": "Yawatahama",
    "country": "JP",
    "lat": 33.45737,
    "lng": 132.4328
  },
  {
    "name": "Yachigoya",
    "country": "JP",
    "lat": 37.87671,
    "lng": 140.90528
  },
  {
    "name": "Yamakiya",
    "country": "JP",
    "lat": 37.60526,
    "lng": 140.66054
  },
  {
    "name": "Yagoshima",
    "country": "JP",
    "lat": 37.26868,
    "lng": 139.88718
  },
  {
    "name": "Yamaguma",
    "country": "JP",
    "lat": 33.42118,
    "lng": 130.6136
  },
  {
    "name": "Yamata",
    "country": "JP",
    "lat": 36.08171,
    "lng": 139.37162
  },
  {
    "name": "Yakami",
    "country": "JP",
    "lat": 34.1385,
    "lng": 134.50185
  },
  {
    "name": "Yamada",
    "country": "JP",
    "lat": 33.66322,
    "lng": 130.488
  },
  {
    "name": "Yanase",
    "country": "JP",
    "lat": 32.21923,
    "lng": 130.79385
  },
  {
    "name": "Yamanaka",
    "country": "JP",
    "lat": 35.42452,
    "lng": 138.84208
  },
  {
    "name": "Yamada",
    "country": "JP",
    "lat": 32.69678,
    "lng": 130.96469
  },
  {
    "name": "Yasu",
    "country": "JP",
    "lat": 35.10053,
    "lng": 136.01778
  },
  {
    "name": "Yame",
    "country": "JP",
    "lat": 33.22792,
    "lng": 130.64873
  },
  {
    "name": "Yamatokōriyama",
    "country": "JP",
    "lat": 34.60658,
    "lng": 135.77033
  },
  {
    "name": "Yamato",
    "country": "JP",
    "lat": 35.47276,
    "lng": 139.45101
  },
  {
    "name": "Yamanashi",
    "country": "JP",
    "lat": 35.67152,
    "lng": 138.69827
  },
  {
    "name": "Yatomi",
    "country": "JP",
    "lat": 35.1053,
    "lng": 136.73378
  },
  {
    "name": "Yatsushiro",
    "country": "JP",
    "lat": 32.55723,
    "lng": 130.65285
  },
  {
    "name": "Yamagata",
    "country": "JP",
    "lat": 35.58306,
    "lng": 136.7585
  },
  {
    "name": "Yasugi",
    "country": "JP",
    "lat": 35.33613,
    "lng": 133.18382
  },
  {
    "name": "Yabe",
    "country": "JP",
    "lat": 35.57203,
    "lng": 139.38638
  },
  {
    "name": "Yamabuki",
    "country": "JP",
    "lat": 35.57652,
    "lng": 137.90026
  },
  {
    "name": "Yachiyo",
    "country": "JP",
    "lat": 36.18229,
    "lng": 139.89096
  },
  {
    "name": "Yahaba",
    "country": "JP",
    "lat": 39.61114,
    "lng": 141.14743
  },
  {
    "name": "Yamae",
    "country": "JP",
    "lat": 32.24674,
    "lng": 130.76651
  },
  {
    "name": "Yasuoka",
    "country": "JP",
    "lat": 35.37753,
    "lng": 137.84602
  },
  {
    "name": "Yala",
    "country": "KE",
    "lat": 0.09438,
    "lng": 34.53602
  },
  {
    "name": "Yangsan",
    "country": "KR",
    "lat": 35.34199,
    "lng": 129.03358
  },
  {
    "name": "Yangp'yŏng",
    "country": "KR",
    "lat": 37.48972,
    "lng": 127.49056
  },
  {
    "name": "Yangju",
    "country": "KR",
    "lat": 37.83311,
    "lng": 127.06169
  },
  {
    "name": "Yanggu",
    "country": "KR",
    "lat": 38.10583,
    "lng": 127.98944
  },
  {
    "name": "Yangsa",
    "country": "KR",
    "lat": 37.79872,
    "lng": 126.408
  },
  {
    "name": "Yavlenka",
    "country": "KZ",
    "lat": 54.34525,
    "lng": 68.4574
  },
  {
    "name": "Yafran",
    "country": "LY",
    "lat": 32.06329,
    "lng": 12.52859
  },
  {
    "name": "Yanfolila",
    "country": "ML",
    "lat": 11.18333,
    "lng": -8.15
  },
  {
    "name": "Yawnghwe",
    "country": "MM",
    "lat": 20.65973,
    "lng": 96.93376
  },
  {
    "name": "Yana",
    "country": "MM",
    "lat": 25.61501,
    "lng": 95.44476
  },
  {
    "name": "Yamethin",
    "country": "MM",
    "lat": 20.43189,
    "lng": 96.13875
  },
  {
    "name": "Yangon",
    "country": "MM",
    "lat": 16.80528,
    "lng": 96.15611
  },
  {
    "name": "Yaxkukul",
    "country": "MX",
    "lat": 21.06235,
    "lng": -89.41906
  },
  {
    "name": "Yaxe",
    "country": "MX",
    "lat": 16.72595,
    "lng": -96.47191
  },
  {
    "name": "Yaxcopoil",
    "country": "MX",
    "lat": 20.74498,
    "lng": -89.72217
  },
  {
    "name": "Yaxcabá",
    "country": "MX",
    "lat": 20.54846,
    "lng": -88.82714
  },
  {
    "name": "Yautepec",
    "country": "MX",
    "lat": 18.88188,
    "lng": -99.06715
  },
  {
    "name": "Yatzachi",
    "country": "MX",
    "lat": 17.22588,
    "lng": -96.22137
  },
  {
    "name": "Yaonahuac",
    "country": "MX",
    "lat": 19.87076,
    "lng": -97.46587
  },
  {
    "name": "Yanga",
    "country": "MX",
    "lat": 18.83288,
    "lng": -96.79837
  },
  {
    "name": "Yalkoba",
    "country": "MX",
    "lat": 20.79167,
    "lng": -88.03673
  },
  {
    "name": "Yajalón",
    "country": "MX",
    "lat": 17.17291,
    "lng": -92.33392
  },
  {
    "name": "Yahualica",
    "country": "MX",
    "lat": 20.95401,
    "lng": -98.3805
  },
  {
    "name": "Yalina",
    "country": "MX",
    "lat": 17.23969,
    "lng": -96.26233
  },
  {
    "name": "Yaganiza",
    "country": "MX",
    "lat": 17.14495,
    "lng": -96.2296
  },
  {
    "name": "Yauhquemehcan",
    "country": "MX",
    "lat": 19.40697,
    "lng": -98.1823
  },
  {
    "name": "Yaltem",
    "country": "MX",
    "lat": 16.84402,
    "lng": -92.79057
  },
  {
    "name": "Yasha",
    "country": "MX",
    "lat": 16.39141,
    "lng": -92.06878
  },
  {
    "name": "Yaxhachen",
    "country": "MX",
    "lat": 20.05177,
    "lng": -89.56604
  },
  {
    "name": "Yavaros",
    "country": "MX",
    "lat": 26.70507,
    "lng": -109.52033
  },
  {
    "name": "Yahualica de González Gallo",
    "country": "MX",
    "lat": 21.17978,
    "lng": -102.88611
  },
  {
    "name": "Yago",
    "country": "MX",
    "lat": 21.83601,
    "lng": -105.06451
  },
  {
    "name": "Yashanal",
    "country": "MX",
    "lat": 16.82889,
    "lng": -92.45194
  },
  {
    "name": "Yan Besar",
    "country": "MY",
    "lat": 5.7989,
    "lng": 100.37264
  },
  {
    "name": "Yaté-Barrage",
    "country": "NC",
    "lat": -22.15,
    "lng": 166.88333
  },
  {
    "name": "Yashikira",
    "country": "NG",
    "lat": 9.76794,
    "lng": 3.398
  },
  {
    "name": "Yandev",
    "country": "NG",
    "lat": 7.36308,
    "lng": 9.04235
  },
  {
    "name": "Yanda Bayo",
    "country": "NG",
    "lat": 11.5071,
    "lng": 10.7459
  },
  {
    "name": "Yamrat",
    "country": "NG",
    "lat": 10.11161,
    "lng": 9.82604
  },
  {
    "name": "Yajiwa",
    "country": "NG",
    "lat": 11.38623,
    "lng": 12.71992
  },
  {
    "name": "Yabo",
    "country": "NG",
    "lat": 12.72217,
    "lng": 5.01329
  },
  {
    "name": "Yana",
    "country": "NG",
    "lat": 11.40724,
    "lng": 10.01345
  },
  {
    "name": "Yalagüina",
    "country": "NI",
    "lat": 13.48383,
    "lng": -86.49305
  },
  {
    "name": "Yangor",
    "country": "NR",
    "lat": -0.53536,
    "lng": 166.91048
  },
  {
    "name": "Yaren",
    "country": "NR",
    "lat": -0.55085,
    "lng": 166.9252
  },
  {
    "name": "Yaldhurst",
    "country": "NZ",
    "lat": -43.51667,
    "lng": 172.51667
  },
  {
    "name": "Yanqul",
    "country": "OM",
    "lat": 23.58645,
    "lng": 56.53969
  },
  {
    "name": "Yaviza",
    "country": "PA",
    "lat": 8.15835,
    "lng": -77.69276
  },
  {
    "name": "Yape",
    "country": "PA",
    "lat": 8.09839,
    "lng": -77.59817
  },
  {
    "name": "Yauyucán",
    "country": "PE",
    "lat": -6.67714,
    "lng": -78.81866
  },
  {
    "name": "Yauya",
    "country": "PE",
    "lat": -8.99135,
    "lng": -77.29147
  },
  {
    "name": "Yaután",
    "country": "PE",
    "lat": -9.51191,
    "lng": -77.99637
  },
  {
    "name": "Yanas",
    "country": "PE",
    "lat": -9.71457,
    "lng": -76.74891
  },
  {
    "name": "Yanama",
    "country": "PE",
    "lat": -9.02094,
    "lng": -77.47102
  },
  {
    "name": "Yanac",
    "country": "PE",
    "lat": -8.6179,
    "lng": -77.86362
  },
  {
    "name": "Yambrasbamba",
    "country": "PE",
    "lat": -5.73581,
    "lng": -77.92487
  },
  {
    "name": "Yamango",
    "country": "PE",
    "lat": -5.18114,
    "lng": -79.75055
  },
  {
    "name": "Yauyos",
    "country": "PE",
    "lat": -12.45944,
    "lng": -75.91722
  },
  {
    "name": "Yaurisque",
    "country": "PE",
    "lat": -13.66134,
    "lng": -71.92267
  },
  {
    "name": "Yauri",
    "country": "PE",
    "lat": -14.79083,
    "lng": -71.40986
  },
  {
    "name": "Yauli",
    "country": "PE",
    "lat": -11.71334,
    "lng": -75.47449
  },
  {
    "name": "Yauli",
    "country": "PE",
    "lat": -11.66645,
    "lng": -76.08652
  },
  {
    "name": "Yauca",
    "country": "PE",
    "lat": -15.66111,
    "lng": -74.52722
  },
  {
    "name": "Yarabamba",
    "country": "PE",
    "lat": -16.54691,
    "lng": -71.47527
  },
  {
    "name": "Yanque",
    "country": "PE",
    "lat": -15.64917,
    "lng": -71.65778
  },
  {
    "name": "Yangas",
    "country": "PE",
    "lat": -11.69509,
    "lng": -76.84686
  },
  {
    "name": "Yanaquihua",
    "country": "PE",
    "lat": -15.77511,
    "lng": -72.87583
  },
  {
    "name": "Yanaoca",
    "country": "PE",
    "lat": -14.21806,
    "lng": -71.43167
  },
  {
    "name": "Yanahuaya",
    "country": "PE",
    "lat": -14.25882,
    "lng": -69.1693
  },
  {
    "name": "Yanahuara",
    "country": "PE",
    "lat": -16.38639,
    "lng": -71.54
  },
  {
    "name": "Yanahuanca",
    "country": "PE",
    "lat": -10.51667,
    "lng": -76.49861
  },
  {
    "name": "Yanacancha",
    "country": "PE",
    "lat": -12.20105,
    "lng": -75.38647
  },
  {
    "name": "Yanacancha",
    "country": "PE",
    "lat": -10.24111,
    "lng": -76.64556
  },
  {
    "name": "Yanaca",
    "country": "PE",
    "lat": -14.22574,
    "lng": -73.16012
  },
  {
    "name": "Yanahuanca",
    "country": "PE",
    "lat": -10.49139,
    "lng": -76.51667
  },
  {
    "name": "Yauyos",
    "country": "PE",
    "lat": -11.78115,
    "lng": -75.4991
  },
  {
    "name": "Yanacancha",
    "country": "PE",
    "lat": -10.66585,
    "lng": -76.25525
  },
  {
    "name": "Yauli",
    "country": "PE",
    "lat": -12.76974,
    "lng": -74.85131
  },
  {
    "name": "Yapak",
    "country": "PH",
    "lat": 11.95,
    "lng": 121.93333
  },
  {
    "name": "Yazman",
    "country": "PK",
    "lat": 29.12122,
    "lng": 71.74459
  },
  {
    "name": "Yabucoa",
    "country": "PR",
    "lat": 18.05052,
    "lng": -65.87933
  },
  {
    "name": "Yauco",
    "country": "PR",
    "lat": 18.03496,
    "lng": -66.8499
  },
  {
    "name": "Yaurel",
    "country": "PR",
    "lat": 18.02691,
    "lng": -66.05711
  },
  {
    "name": "Yaţţā",
    "country": "PS",
    "lat": 31.4459,
    "lng": 35.09443
  },
  {
    "name": "Yatmā",
    "country": "PS",
    "lat": 32.10889,
    "lng": 35.26909
  },
  {
    "name": "Yaqqir",
    "country": "PS",
    "lat": 32.14969,
    "lng": 35.11528
  },
  {
    "name": "Ya‘bad",
    "country": "PS",
    "lat": 32.44566,
    "lng": 35.16822
  },
  {
    "name": "Yataity del Norte",
    "country": "PY",
    "lat": -24.84752,
    "lng": -56.35538
  },
  {
    "name": "Yaguarón",
    "country": "PY",
    "lat": -25.56219,
    "lng": -57.28662
  },
  {
    "name": "Yazykovo",
    "country": "RU",
    "lat": 55.21988,
    "lng": 56.13532
  },
  {
    "name": "Yazykovo",
    "country": "RU",
    "lat": 54.69178,
    "lng": 55.0099
  },
  {
    "name": "Yazykovo",
    "country": "RU",
    "lat": 54.2922,
    "lng": 47.3891
  },
  {
    "name": "Yayva",
    "country": "RU",
    "lat": 59.3347,
    "lng": 57.2592
  },
  {
    "name": "Yavas",
    "country": "RU",
    "lat": 54.4159,
    "lng": 42.8491
  },
  {
    "name": "Yasnyy",
    "country": "RU",
    "lat": 51.03534,
    "lng": 59.87234
  },
  {
    "name": "Yasnogorsk",
    "country": "RU",
    "lat": 54.48091,
    "lng": 37.6982
  },
  {
    "name": "Yashkul’",
    "country": "RU",
    "lat": 46.1709,
    "lng": 45.34213
  },
  {
    "name": "Yashalta",
    "country": "RU",
    "lat": 46.33849,
    "lng": 42.27268
  },
  {
    "name": "Yasenskaya",
    "country": "RU",
    "lat": 46.35753,
    "lng": 38.26863
  },
  {
    "name": "Yasenevo",
    "country": "RU",
    "lat": 55.60686,
    "lng": 37.51991
  },
  {
    "name": "Yartsevo",
    "country": "RU",
    "lat": 55.06491,
    "lng": 32.69693
  },
  {
    "name": "Yaroslavskaya",
    "country": "RU",
    "lat": 44.61056,
    "lng": 40.46417
  },
  {
    "name": "Yaroslavl",
    "country": "RU",
    "lat": 57.62987,
    "lng": 39.87368
  },
  {
    "name": "Yaroslavichi",
    "country": "RU",
    "lat": 60.49275,
    "lng": 34.50806
  },
  {
    "name": "Yaropolets",
    "country": "RU",
    "lat": 56.13333,
    "lng": 35.83317
  },
  {
    "name": "Yarensk",
    "country": "RU",
    "lat": 62.17359,
    "lng": 49.0978
  },
  {
    "name": "Yarega",
    "country": "RU",
    "lat": 63.43543,
    "lng": 53.5765
  },
  {
    "name": "Yaransk",
    "country": "RU",
    "lat": 57.30496,
    "lng": 47.87387
  },
  {
    "name": "Yar",
    "country": "RU",
    "lat": 58.2458,
    "lng": 52.1054
  },
  {
    "name": "Yantikovo",
    "country": "RU",
    "lat": 55.82158,
    "lng": 47.91036
  },
  {
    "name": "Yanis’yarvi",
    "country": "RU",
    "lat": 61.89127,
    "lng": 30.94849
  },
  {
    "name": "Yanishpole",
    "country": "RU",
    "lat": 62.11095,
    "lng": 34.27013
  },
  {
    "name": "Yandyki",
    "country": "RU",
    "lat": 45.76913,
    "lng": 47.12577
  },
  {
    "name": "Yanaul",
    "country": "RU",
    "lat": 56.27233,
    "lng": 54.92964
  },
  {
    "name": "Yamkino",
    "country": "RU",
    "lat": 55.92088,
    "lng": 38.40417
  },
  {
    "name": "Yambirno",
    "country": "RU",
    "lat": 54.1231,
    "lng": 42.0911
  },
  {
    "name": "Yam",
    "country": "RU",
    "lat": 55.48785,
    "lng": 37.74458
  },
  {
    "name": "Yalkhoy-Mokhk",
    "country": "RU",
    "lat": 43.10528,
    "lng": 46.19045
  },
  {
    "name": "Yakshur-Bod’ya",
    "country": "RU",
    "lat": 57.184,
    "lng": 53.16117
  },
  {
    "name": "Yaksatovo",
    "country": "RU",
    "lat": 46.24343,
    "lng": 48.01514
  },
  {
    "name": "Yakovlevskoye",
    "country": "RU",
    "lat": 55.44194,
    "lng": 37.94806
  },
  {
    "name": "Yakovlevo",
    "country": "RU",
    "lat": 60.29409,
    "lng": 29.488
  },
  {
    "name": "Yakovlevo",
    "country": "RU",
    "lat": 50.85475,
    "lng": 36.44614
  },
  {
    "name": "Yakhroma",
    "country": "RU",
    "lat": 56.3,
    "lng": 37.48333
  },
  {
    "name": "Yagry",
    "country": "RU",
    "lat": 64.59417,
    "lng": 39.81028
  },
  {
    "name": "Yadrin",
    "country": "RU",
    "lat": 55.94052,
    "lng": 46.20622
  },
  {
    "name": "Yablonovskiy",
    "country": "RU",
    "lat": 44.98901,
    "lng": 38.94324
  },
  {
    "name": "Yaroslavskiy",
    "country": "RU",
    "lat": 55.88333,
    "lng": 37.71667
  },
  {
    "name": "Yanino-1",
    "country": "RU",
    "lat": 59.94808,
    "lng": 30.55914
  },
  {
    "name": "Yasnaya Polyana",
    "country": "RU",
    "lat": 44.0225,
    "lng": 42.7539
  },
  {
    "name": "Yalga",
    "country": "RU",
    "lat": 54.12567,
    "lng": 45.12958
  },
  {
    "name": "Yaya",
    "country": "RU",
    "lat": 56.19905,
    "lng": 86.43421
  },
  {
    "name": "Yashkino",
    "country": "RU",
    "lat": 55.87377,
    "lng": 85.4338
  },
  {
    "name": "Yar-Sale",
    "country": "RU",
    "lat": 66.8654,
    "lng": 70.83784
  },
  {
    "name": "Yarovoye",
    "country": "RU",
    "lat": 52.92656,
    "lng": 78.57508
  },
  {
    "name": "Yarkovo",
    "country": "RU",
    "lat": 57.40332,
    "lng": 67.06787
  },
  {
    "name": "Yarkovo",
    "country": "RU",
    "lat": 54.8056,
    "lng": 82.5989
  },
  {
    "name": "Yalutorovsk",
    "country": "RU",
    "lat": 56.65317,
    "lng": 66.30048
  },
  {
    "name": "Yagunovskiy",
    "country": "RU",
    "lat": 55.2828,
    "lng": 85.978
  },
  {
    "name": "Yagunovo",
    "country": "RU",
    "lat": 55.24645,
    "lng": 86.01097
  },
  {
    "name": "Yaroslavskiy",
    "country": "RU",
    "lat": 44.18624,
    "lng": 132.22865
  },
  {
    "name": "Yakutsk",
    "country": "RU",
    "lat": 62.03114,
    "lng": 129.72288
  },
  {
    "name": "Yakovlevka",
    "country": "RU",
    "lat": 44.42678,
    "lng": 133.47582
  },
  {
    "name": "Yantal’",
    "country": "RU",
    "lat": 56.8471,
    "lng": 105.2542
  },
  {
    "name": "Yagodnoye",
    "country": "RU",
    "lat": 62.52725,
    "lng": 149.62502
  },
  {
    "name": "Yablochnyy",
    "country": "RU",
    "lat": 47.15156,
    "lng": 142.0571
  },
  {
    "name": "Yantarnyy",
    "country": "RU",
    "lat": 54.87102,
    "lng": 19.94016
  },
  {
    "name": "Yasnogorsk",
    "country": "RU",
    "lat": 50.87344,
    "lng": 115.69558
  },
  {
    "name": "Yanbu",
    "country": "SA",
    "lat": 24.08954,
    "lng": 38.0618
  },
  {
    "name": "Yambio",
    "country": "SS",
    "lat": 4.57083,
    "lng": 28.39417
  },
  {
    "name": "Yabrūd",
    "country": "SY",
    "lat": 33.96921,
    "lng": 36.65729
  },
  {
    "name": "Yao",
    "country": "TD",
    "lat": 12.8488,
    "lng": 17.55656
  },
  {
    "name": "Yan Ta Khao",
    "country": "TH",
    "lat": 7.38622,
    "lng": 99.66692
  },
  {
    "name": "Yang Si Surat",
    "country": "TH",
    "lat": 15.68361,
    "lng": 103.10311
  },
  {
    "name": "Yasothon",
    "country": "TH",
    "lat": 15.79408,
    "lng": 104.1451
  },
  {
    "name": "Yaring",
    "country": "TH",
    "lat": 6.86617,
    "lng": 101.36894
  },
  {
    "name": "Yan Nawa",
    "country": "TH",
    "lat": 13.69634,
    "lng": 100.54212
  },
  {
    "name": "Yang Talat",
    "country": "TH",
    "lat": 16.39982,
    "lng": 103.36785
  },
  {
    "name": "Yang Chum Noi",
    "country": "TH",
    "lat": 15.26453,
    "lng": 104.39769
  },
  {
    "name": "Yarang",
    "country": "TH",
    "lat": 6.75986,
    "lng": 101.29339
  },
  {
    "name": "Yala",
    "country": "TH",
    "lat": 6.53995,
    "lng": 101.28128
  },
  {
    "name": "Yaha",
    "country": "TH",
    "lat": 6.4797,
    "lng": 101.132
  },
  {
    "name": "Yavrudoğan",
    "country": "TR",
    "lat": 36.87896,
    "lng": 31.3107
  },
  {
    "name": "Yazyurdu",
    "country": "TR",
    "lat": 38.79926,
    "lng": 36.9319
  },
  {
    "name": "Yazır",
    "country": "TR",
    "lat": 36.47556,
    "lng": 29.97194
  },
  {
    "name": "Yazıkent",
    "country": "TR",
    "lat": 37.6925,
    "lng": 28.38694
  },
  {
    "name": "Yazıhan",
    "country": "TR",
    "lat": 38.59292,
    "lng": 38.17327
  },
  {
    "name": "Yayvantepe",
    "country": "TR",
    "lat": 37.29987,
    "lng": 41.52027
  },
  {
    "name": "Yaylı",
    "country": "TR",
    "lat": 37.2023,
    "lng": 40.75417
  },
  {
    "name": "Yaylalı",
    "country": "TR",
    "lat": 36.51444,
    "lng": 32.10591
  },
  {
    "name": "Yaylak",
    "country": "TR",
    "lat": 37.38268,
    "lng": 38.33892
  },
  {
    "name": "Yayladere",
    "country": "TR",
    "lat": 39.22614,
    "lng": 40.0695
  },
  {
    "name": "Yayladağı",
    "country": "TR",
    "lat": 35.9025,
    "lng": 36.06272
  },
  {
    "name": "Yayla",
    "country": "TR",
    "lat": 38.63092,
    "lng": 40.52793
  },
  {
    "name": "Yaygın",
    "country": "TR",
    "lat": 38.89748,
    "lng": 41.30613
  },
  {
    "name": "Yavuzeli",
    "country": "TR",
    "lat": 37.31772,
    "lng": 37.56824
  },
  {
    "name": "Yavu",
    "country": "TR",
    "lat": 39.79202,
    "lng": 36.20603
  },
  {
    "name": "Yatağan",
    "country": "TR",
    "lat": 37.34025,
    "lng": 28.14279
  },
  {
    "name": "Yarpuzlu",
    "country": "TR",
    "lat": 38.05414,
    "lng": 38.5213
  },
  {
    "name": "Yarpuz",
    "country": "TR",
    "lat": 37.04824,
    "lng": 36.43066
  },
  {
    "name": "Yarma",
    "country": "TR",
    "lat": 37.81149,
    "lng": 32.88278
  },
  {
    "name": "Yarışlı",
    "country": "TR",
    "lat": 38.5475,
    "lng": 30.64611
  },
  {
    "name": "Yarımca",
    "country": "TR",
    "lat": 38.65806,
    "lng": 39.76243
  },
  {
    "name": "Yardımcı",
    "country": "TR",
    "lat": 37.02091,
    "lng": 39.00533
  },
  {
    "name": "Yarbasan",
    "country": "TR",
    "lat": 38.98889,
    "lng": 28.80806
  },
  {
    "name": "Yaprakbaşı",
    "country": "TR",
    "lat": 37.65409,
    "lng": 40.54635
  },
  {
    "name": "Yanışlı",
    "country": "TR",
    "lat": 36.1638,
    "lng": 33.49965
  },
  {
    "name": "Yanarsu",
    "country": "TR",
    "lat": 38.03641,
    "lng": 41.55227
  },
  {
    "name": "Yavuzlu",
    "country": "TR",
    "lat": 36.69551,
    "lng": 37.27197
  },
  {
    "name": "Yamaçoba",
    "country": "TR",
    "lat": 37.17242,
    "lng": 37.08849
  },
  {
    "name": "Yamaç",
    "country": "TR",
    "lat": 38.77623,
    "lng": 40.43894
  },
  {
    "name": "Yalvaç",
    "country": "TR",
    "lat": 38.29556,
    "lng": 31.17778
  },
  {
    "name": "Yalınca",
    "country": "TR",
    "lat": 37.85657,
    "lng": 43.5223
  },
  {
    "name": "Yalıkavak",
    "country": "TR",
    "lat": 37.10528,
    "lng": 27.29722
  },
  {
    "name": "Yalıhüyük",
    "country": "TR",
    "lat": 37.30077,
    "lng": 32.08548
  },
  {
    "name": "Yalankoz",
    "country": "TR",
    "lat": 37.22117,
    "lng": 37.40732
  },
  {
    "name": "Yalangöz",
    "country": "TR",
    "lat": 36.5768,
    "lng": 36.50766
  },
  {
    "name": "Yakasinek",
    "country": "TR",
    "lat": 38.55167,
    "lng": 31.1725
  },
  {
    "name": "Yakapınar",
    "country": "TR",
    "lat": 36.97342,
    "lng": 35.62043
  },
  {
    "name": "Yahyalı",
    "country": "TR",
    "lat": 38.10228,
    "lng": 35.35704
  },
  {
    "name": "Yahşihan",
    "country": "TR",
    "lat": 39.85028,
    "lng": 33.45294
  },
  {
    "name": "Yahşiler",
    "country": "TR",
    "lat": 37.64489,
    "lng": 28.88051
  },
  {
    "name": "Yağcılar",
    "country": "TR",
    "lat": 39.41712,
    "lng": 28.38109
  },
  {
    "name": "Yağca",
    "country": "TR",
    "lat": 37.06274,
    "lng": 30.55824
  },
  {
    "name": "Yavuzkemal",
    "country": "TR",
    "lat": 40.69329,
    "lng": 38.33723
  },
  {
    "name": "Yapraklı",
    "country": "TR",
    "lat": 40.75785,
    "lng": 33.77819
  },
  {
    "name": "Yalova",
    "country": "TR",
    "lat": 40.65501,
    "lng": 29.27693
  },
  {
    "name": "Yalnızçam",
    "country": "TR",
    "lat": 41.06444,
    "lng": 42.50081
  },
  {
    "name": "Yalakdere",
    "country": "TR",
    "lat": 40.60636,
    "lng": 29.56225
  },
  {
    "name": "Yakuplu",
    "country": "TR",
    "lat": 40.98894,
    "lng": 28.67582
  },
  {
    "name": "Yakakent",
    "country": "TR",
    "lat": 41.6325,
    "lng": 35.52889
  },
  {
    "name": "Yakacık",
    "country": "TR",
    "lat": 40.896,
    "lng": 35.4291
  },
  {
    "name": "Yağmurdere",
    "country": "TR",
    "lat": 40.57487,
    "lng": 39.86244
  },
  {
    "name": "Yağlıdere",
    "country": "TR",
    "lat": 40.85672,
    "lng": 38.62035
  },
  {
    "name": "Yağlıdere",
    "country": "TR",
    "lat": 40.54432,
    "lng": 39.52762
  },
  {
    "name": "Yağınözü",
    "country": "TR",
    "lat": 41.16902,
    "lng": 35.39547
  },
  {
    "name": "Yarhisar",
    "country": "TR",
    "lat": 40.21673,
    "lng": 29.87088
  },
  {
    "name": "Yaniklar",
    "country": "TR",
    "lat": 36.70827,
    "lng": 29.05081
  },
  {
    "name": "Yakınca",
    "country": "TR",
    "lat": 38.30533,
    "lng": 38.23828
  },
  {
    "name": "Yaylacık",
    "country": "TR",
    "lat": 40.17333,
    "lng": 28.90176
  },
  {
    "name": "Yalıntaş",
    "country": "TR",
    "lat": 40.01836,
    "lng": 28.39846
  },
  {
    "name": "Yalıköy",
    "country": "TR",
    "lat": 37.41638,
    "lng": 27.22307
  },
  {
    "name": "Yakutiye",
    "country": "TR",
    "lat": 39.89821,
    "lng": 41.26916
  },
  {
    "name": "Yavoriv",
    "country": "UA",
    "lat": 49.93864,
    "lng": 23.38254
  },
  {
    "name": "Yavkyne",
    "country": "UA",
    "lat": 47.26913,
    "lng": 32.61095
  },
  {
    "name": "Yats’kivka",
    "country": "UA",
    "lat": 49.17996,
    "lng": 37.52379
  },
  {
    "name": "Yastrubynove",
    "country": "UA",
    "lat": 47.50562,
    "lng": 31.39348
  },
  {
    "name": "Yasky",
    "country": "UA",
    "lat": 46.50966,
    "lng": 30.07587
  },
  {
    "name": "Yasinya",
    "country": "UA",
    "lat": 48.2726,
    "lng": 24.36029
  },
  {
    "name": "Yasynuvata",
    "country": "UA",
    "lat": 48.1298,
    "lng": 37.8594
  },
  {
    "name": "Yasenove Druhe",
    "country": "UA",
    "lat": 47.89931,
    "lng": 30.01188
  },
  {
    "name": "Yarove",
    "country": "UA",
    "lat": 46.04494,
    "lng": 29.09588
  },
  {
    "name": "Yaroslavka",
    "country": "UA",
    "lat": 46.07618,
    "lng": 29.87163
  },
  {
    "name": "Yarmolyntsi",
    "country": "UA",
    "lat": 49.19271,
    "lng": 26.83437
  },
  {
    "name": "Yarkoye Pole",
    "country": "UA",
    "lat": 45.61293,
    "lng": 34.31834
  },
  {
    "name": "Yarkoye",
    "country": "UA",
    "lat": 45.6912,
    "lng": 34.26323
  },
  {
    "name": "Yampil’",
    "country": "UA",
    "lat": 51.94765,
    "lng": 33.78759
  },
  {
    "name": "Yampil",
    "country": "UA",
    "lat": 49.96195,
    "lng": 26.23867
  },
  {
    "name": "Yampil’",
    "country": "UA",
    "lat": 48.93555,
    "lng": 37.95634
  },
  {
    "name": "Yamnytsia",
    "country": "UA",
    "lat": 48.98605,
    "lng": 24.70957
  },
  {
    "name": "Yalta",
    "country": "UA",
    "lat": 46.96098,
    "lng": 37.27446
  },
  {
    "name": "Yalta",
    "country": "UA",
    "lat": 44.50218,
    "lng": 34.16624
  },
  {
    "name": "Yahotyn",
    "country": "UA",
    "lat": 50.27975,
    "lng": 31.76246
  },
  {
    "name": "Yahilnytsia",
    "country": "UA",
    "lat": 48.94145,
    "lng": 25.749
  },
  {
    "name": "Yabluniv",
    "country": "UA",
    "lat": 48.40235,
    "lng": 24.94038
  },
  {
    "name": "Yablunytsia",
    "country": "UA",
    "lat": 48.31107,
    "lng": 24.48363
  },
  {
    "name": "Yampil",
    "country": "UA",
    "lat": 48.24056,
    "lng": 28.28141
  },
  {
    "name": "Yantarnoye",
    "country": "UA",
    "lat": 45.43473,
    "lng": 34.22134
  },
  {
    "name": "Yany Kapu",
    "country": "UA",
    "lat": 45.95547,
    "lng": 33.79261
  },
  {
    "name": "Yarivka",
    "country": "UA",
    "lat": 48.35915,
    "lng": 26.52994
  },
  {
    "name": "Yavornytske",
    "country": "UA",
    "lat": 48.40458,
    "lng": 35.27933
  },
  {
    "name": "Yaremche",
    "country": "UA",
    "lat": 48.44886,
    "lng": 24.55335
  },
  {
    "name": "Yakymivka",
    "country": "UA",
    "lat": 46.7011,
    "lng": 35.16334
  },
  {
    "name": "Yasnopolyanskoye",
    "country": "UA",
    "lat": 45.94097,
    "lng": 34.35262
  },
  {
    "name": "Yarkoye Pole",
    "country": "UA",
    "lat": 45.20581,
    "lng": 35.19848
  },
  {
    "name": "Yalaha",
    "country": "US",
    "lat": 28.7386,
    "lng": -81.80869
  },
  {
    "name": "Yates Center",
    "country": "US",
    "lat": 37.88115,
    "lng": -95.73332
  },
  {
    "name": "Yazoo City",
    "country": "US",
    "lat": 32.85513,
    "lng": -90.40565
  },
  {
    "name": "Yadkinville",
    "country": "US",
    "lat": 36.13458,
    "lng": -80.65951
  },
  {
    "name": "Yanceyville",
    "country": "US",
    "lat": 36.40403,
    "lng": -79.33613
  },
  {
    "name": "Yale",
    "country": "US",
    "lat": 36.11423,
    "lng": -96.69919
  },
  {
    "name": "Yardville",
    "country": "US",
    "lat": 40.18122,
    "lng": -74.66432
  },
  {
    "name": "Yarmouth",
    "country": "US",
    "lat": 41.70567,
    "lng": -70.22863
  },
  {
    "name": "Yarmouth Port",
    "country": "US",
    "lat": 41.70205,
    "lng": -70.24947
  },
  {
    "name": "Yarmouth",
    "country": "US",
    "lat": 43.80064,
    "lng": -70.18672
  },
  {
    "name": "Yale",
    "country": "US",
    "lat": 43.13003,
    "lng": -82.79826
  },
  {
    "name": "Yaphank",
    "country": "US",
    "lat": 40.83677,
    "lng": -72.91705
  },
  {
    "name": "Yardley",
    "country": "US",
    "lat": 40.24566,
    "lng": -74.846
  },
  {
    "name": "Yankton",
    "country": "US",
    "lat": 42.87111,
    "lng": -97.39728
  },
  {
    "name": "Yamhill",
    "country": "US",
    "lat": 45.3415,
    "lng": -123.18733
  },
  {
    "name": "Yacolt",
    "country": "US",
    "lat": 45.86595,
    "lng": -122.40621
  },
  {
    "name": "Yakima",
    "country": "US",
    "lat": 46.60207,
    "lng": -120.5059
  },
  {
    "name": "Yarrow Point",
    "country": "US",
    "lat": 47.64621,
    "lng": -122.21735
  },
  {
    "name": "Yale Heights",
    "country": "US",
    "lat": 39.27612,
    "lng": -76.69056
  },
  {
    "name": "Yangi Mirishkor",
    "country": "UZ",
    "lat": 38.85143,
    "lng": 65.27789
  },
  {
    "name": "Yakkabog‘ Shahri",
    "country": "UZ",
    "lat": 38.97664,
    "lng": 66.68867
  },
  {
    "name": "Yangi-Nishon Shahri",
    "country": "UZ",
    "lat": 38.64501,
    "lng": 65.68952
  },
  {
    "name": "Yaypan",
    "country": "UZ",
    "lat": 40.37583,
    "lng": 70.81556
  },
  {
    "name": "Yangiyŭl",
    "country": "UZ",
    "lat": 41.11202,
    "lng": 69.0471
  },
  {
    "name": "Yangiyer",
    "country": "UZ",
    "lat": 40.275,
    "lng": 68.8225
  },
  {
    "name": "Yangirabot",
    "country": "UZ",
    "lat": 40.02539,
    "lng": 65.96095
  },
  {
    "name": "Yangiqo‘rg‘on",
    "country": "UZ",
    "lat": 41.19474,
    "lng": 71.72385
  },
  {
    "name": "Yangibozor",
    "country": "UZ",
    "lat": 41.71157,
    "lng": 60.53394
  },
  {
    "name": "Yangibozor Qishlog’i",
    "country": "UZ",
    "lat": 40.03839,
    "lng": 64.38587
  },
  {
    "name": "Yangiariq",
    "country": "UZ",
    "lat": 41.36583,
    "lng": 60.60438
  },
  {
    "name": "Yangiobod",
    "country": "UZ",
    "lat": 41.11919,
    "lng": 70.09406
  },
  {
    "name": "Yangi Marg‘ilon",
    "country": "UZ",
    "lat": 40.42722,
    "lng": 71.71889
  },
  {
    "name": "Yaritagua",
    "country": "VE",
    "lat": 10.08081,
    "lng": -69.1242
  },
  {
    "name": "Yaracal",
    "country": "VE",
    "lat": 10.96985,
    "lng": -68.54648
  },
  {
    "name": "Yaguaraparo",
    "country": "VE",
    "lat": 10.56839,
    "lng": -62.82628
  },
  {
    "name": "Yarīm",
    "country": "YE",
    "lat": 14.29804,
    "lng": 44.37795
  }
]