[
  {
    "name": "Yeghegnavan",
    "country": "AM",
    "lat": 39.83893,
    "lng": 44.61951
  },
  {
    "name": "Yeghegnadzor",
    "country": "AM",
    "lat": 39.7644,
    "lng": 45.33268
  },
  {
    "name": "Yelpin",
    "country": "AM",
    "lat": 39.80832,
    "lng": 45.10985
  },
  {
    "name": "Yeghegis",
    "country": "AM",
    "lat": 39.8723,
    "lng": 45.3575
  },
  {
    "name": "Yerevan",
    "country": "AM",
    "lat": 40.17765,
    "lng": 44.5126
  },
  {
    "name": "Yerazgavors",
    "country": "AM",
    "lat": 40.70288,
    "lng": 43.77649
  },
  {
    "name": "Yeraskhahun",
    "country": "AM",
    "lat": 40.07233,
    "lng": 44.21948
  },
  {
    "name": "Yeranos",
    "country": "AM",
    "lat": 40.20428,
    "lng": 45.19209
  },
  {
    "name": "Yeghegnut",
    "country": "AM",
    "lat": 40.08893,
    "lng": 44.16669
  },
  {
    "name": "Yeghvard",
    "country": "AM",
    "lat": 40.32293,
    "lng": 44.48418
  },
  {
    "name": "Yerba Buena",
    "country": "AR",
    "lat": -26.81298,
    "lng": -65.29543
  },
  {
    "name": "Yerrinbool",
    "country": "AU",
    "lat": -34.36884,
    "lng": 150.53848
  },
  {
    "name": "Yeppoon",
    "country": "AU",
    "lat": -23.12683,
    "lng": 150.74406
  },
  {
    "name": "Yenda",
    "country": "AU",
    "lat": -34.24525,
    "lng": 146.20273
  },
  {
    "name": "Yea",
    "country": "AU",
    "lat": -37.21067,
    "lng": 145.42755
  },
  {
    "name": "Yennora",
    "country": "AU",
    "lat": -33.86173,
    "lng": 150.96865
  },
  {
    "name": "Yeerongpilly",
    "country": "AU",
    "lat": -27.53097,
    "lng": 153.00935
  },
  {
    "name": "Yeronga",
    "country": "AU",
    "lat": -27.51571,
    "lng": 153.01642
  },
  {
    "name": "Yeppoon city centre",
    "country": "AU",
    "lat": -23.1295,
    "lng": 150.73639
  },
  {
    "name": "Yevlakh",
    "country": "AZ",
    "lat": 40.61832,
    "lng": 47.15014
  },
  {
    "name": "Yeni Suraxanı",
    "country": "AZ",
    "lat": 40.43026,
    "lng": 50.03598
  },
  {
    "name": "Yel’sk",
    "country": "BY",
    "lat": 51.81358,
    "lng": 29.15444
  },
  {
    "name": "Yellowknife",
    "country": "CA",
    "lat": 62.45411,
    "lng": -114.37248
  },
  {
    "name": "Yennadon",
    "country": "CA",
    "lat": 49.23297,
    "lng": -122.5859
  },
  {
    "name": "Yeboué",
    "country": "CI",
    "lat": 7.50937,
    "lng": -4.94524
  },
  {
    "name": "Yeniugou",
    "country": "CN",
    "lat": 38.42731,
    "lng": 99.51866
  },
  {
    "name": "Yengisar",
    "country": "CN",
    "lat": 38.92583,
    "lng": 76.17139
  },
  {
    "name": "Yengibag",
    "country": "CN",
    "lat": 36.96583,
    "lng": 81.67833
  },
  {
    "name": "Yengitam",
    "country": "CN",
    "lat": 43.74583,
    "lng": 81.65694
  },
  {
    "name": "Yezhou",
    "country": "CN",
    "lat": 30.60369,
    "lng": 109.72333
  },
  {
    "name": "Yeyuan",
    "country": "CN",
    "lat": 36.41667,
    "lng": 118.5
  },
  {
    "name": "Yeliguan",
    "country": "CN",
    "lat": 34.9644,
    "lng": 103.66049
  },
  {
    "name": "Yebao",
    "country": "CN",
    "lat": 34.93722,
    "lng": 105.64667
  },
  {
    "name": "Yebaishou",
    "country": "CN",
    "lat": 41.3975,
    "lng": 119.64083
  },
  {
    "name": "Yelin",
    "country": "CN",
    "lat": 18.52099,
    "lng": 110.0397
  },
  {
    "name": "Yeken",
    "country": "CN",
    "lat": 38.38771,
    "lng": 77.22931
  },
  {
    "name": "Yerbero",
    "country": "EC",
    "lat": 0.58543,
    "lng": -79.48398
  },
  {
    "name": "Yeste",
    "country": "ES",
    "lat": 38.36852,
    "lng": -2.31756
  },
  {
    "name": "Yepes",
    "country": "ES",
    "lat": 39.90199,
    "lng": -3.62517
  },
  {
    "name": "Yecla",
    "country": "ES",
    "lat": 38.61365,
    "lng": -1.11468
  },
  {
    "name": "Yesa",
    "country": "ES",
    "lat": 42.62025,
    "lng": -1.2036
  },
  {
    "name": "Yelo",
    "country": "ES",
    "lat": 41.21667,
    "lng": -2.51667
  },
  {
    "name": "Yeles",
    "country": "ES",
    "lat": 40.12035,
    "lng": -3.80487
  },
  {
    "name": "Yecla de Yeltes",
    "country": "ES",
    "lat": 40.95917,
    "lng": -6.48904
  },
  {
    "name": "Yebra de Basa",
    "country": "ES",
    "lat": 42.48647,
    "lng": -0.28178
  },
  {
    "name": "Yebra",
    "country": "ES",
    "lat": 40.35702,
    "lng": -2.9663
  },
  {
    "name": "Yebes",
    "country": "ES",
    "lat": 40.53162,
    "lng": -3.10782
  },
  {
    "name": "Yerri",
    "country": "ES",
    "lat": 42.70161,
    "lng": -1.93806
  },
  {
    "name": "Yerville",
    "country": "FR",
    "lat": 49.6672,
    "lng": 0.89594
  },
  {
    "name": "Yerres",
    "country": "FR",
    "lat": 48.71785,
    "lng": 2.49338
  },
  {
    "name": "Yenne",
    "country": "FR",
    "lat": 45.7042,
    "lng": 5.75795
  },
  {
    "name": "Yetminster",
    "country": "GB",
    "lat": 50.89579,
    "lng": -2.57959
  },
  {
    "name": "Yeovil",
    "country": "GB",
    "lat": 50.94159,
    "lng": -2.63211
  },
  {
    "name": "Yelverton",
    "country": "GB",
    "lat": 50.4929,
    "lng": -4.08382
  },
  {
    "name": "Yealmpton",
    "country": "GB",
    "lat": 50.34856,
    "lng": -3.99877
  },
  {
    "name": "Yeadon",
    "country": "GB",
    "lat": 53.86437,
    "lng": -1.68743
  },
  {
    "name": "Yendi",
    "country": "GH",
    "lat": 9.44272,
    "lng": -0.00991
  },
  {
    "name": "Yegyi",
    "country": "GH",
    "lat": 8.22542,
    "lng": -0.64889
  },
  {
    "name": "Yepocapa",
    "country": "GT",
    "lat": 14.50195,
    "lng": -90.95396
  },
  {
    "name": "Yeung Uk Tsuen",
    "country": "HK",
    "lat": 22.45,
    "lng": 114.01667
  },
  {
    "name": "Yesud HaMa‘ala",
    "country": "IL",
    "lat": 33.0592,
    "lng": 35.61033
  },
  {
    "name": "Yeroẖam",
    "country": "IL",
    "lat": 30.98822,
    "lng": 34.93176
  },
  {
    "name": "Yehud",
    "country": "IL",
    "lat": 32.03317,
    "lng": 34.89091
  },
  {
    "name": "Yehud-Monosson",
    "country": "IL",
    "lat": 32.0284,
    "lng": 34.8796
  },
  {
    "name": "Yercaud",
    "country": "IN",
    "lat": 11.77599,
    "lng": 78.20927
  },
  {
    "name": "Yeola",
    "country": "IN",
    "lat": 20.0424,
    "lng": 74.48944
  },
  {
    "name": "Yellāreddi",
    "country": "IN",
    "lat": 18.19433,
    "lng": 78.01777
  },
  {
    "name": "Yellāpur",
    "country": "IN",
    "lat": 14.9637,
    "lng": 74.70929
  },
  {
    "name": "Yellandu",
    "country": "IN",
    "lat": 17.59064,
    "lng": 80.32146
  },
  {
    "name": "Yelbarga",
    "country": "IN",
    "lat": 15.61545,
    "lng": 76.01184
  },
  {
    "name": "Yelandūr",
    "country": "IN",
    "lat": 12.04629,
    "lng": 77.03034
  },
  {
    "name": "Yelahanka",
    "country": "IN",
    "lat": 13.10073,
    "lng": 77.59632
  },
  {
    "name": "Yechagām",
    "country": "IN",
    "lat": 33.98734,
    "lng": 74.75166
  },
  {
    "name": "Yerkhera",
    "country": "IN",
    "lat": 21.21649,
    "lng": 79.18545
  },
  {
    "name": "Yenugonda",
    "country": "IN",
    "lat": 16.75667,
    "lng": 78.03573
  },
  {
    "name": "Yelur",
    "country": "IN",
    "lat": 15.78158,
    "lng": 74.51819
  },
  {
    "name": "Yerrabalem",
    "country": "IN",
    "lat": 13.7046,
    "lng": 80.0186
  },
  {
    "name": "Yenumalapalle",
    "country": "IN",
    "lat": 14.14424,
    "lng": 77.81685
  },
  {
    "name": "Yehiapur",
    "country": "IN",
    "lat": 26.14895,
    "lng": 85.39637
  },
  {
    "name": "Yengī Emām",
    "country": "IR",
    "lat": 35.9387,
    "lng": 50.7218
  },
  {
    "name": "Yeonil",
    "country": "KR",
    "lat": 36.00446,
    "lng": 129.3185
  },
  {
    "name": "Yeongju",
    "country": "KR",
    "lat": 36.82167,
    "lng": 128.63083
  },
  {
    "name": "Yeonggwang",
    "country": "KR",
    "lat": 35.27814,
    "lng": 126.51181
  },
  {
    "name": "Yeongdong",
    "country": "KR",
    "lat": 36.175,
    "lng": 127.77639
  },
  {
    "name": "Yeongdeok",
    "country": "KR",
    "lat": 36.41366,
    "lng": 129.37
  },
  {
    "name": "Yeoncheon",
    "country": "KR",
    "lat": 38.10113,
    "lng": 127.07727
  },
  {
    "name": "Yeoju",
    "country": "KR",
    "lat": 37.29583,
    "lng": 127.63389
  },
  {
    "name": "Yesan",
    "country": "KR",
    "lat": 36.67756,
    "lng": 126.84272
  },
  {
    "name": "Yecheon",
    "country": "KR",
    "lat": 36.6574,
    "lng": 128.45514
  },
  {
    "name": "Yeosu",
    "country": "KR",
    "lat": 34.76062,
    "lng": 127.66215
  },
  {
    "name": "Yeongam",
    "country": "KR",
    "lat": 34.80059,
    "lng": 126.69669
  },
  {
    "name": "Yeomsan",
    "country": "KR",
    "lat": 35.21831,
    "lng": 126.37194
  },
  {
    "name": "Yeosu",
    "country": "KR",
    "lat": 34.71932,
    "lng": 127.74849
  },
  {
    "name": "Yereymentau",
    "country": "KZ",
    "lat": 51.62364,
    "lng": 73.10265
  },
  {
    "name": "Ye-u",
    "country": "MM",
    "lat": 22.76722,
    "lng": 95.42758
  },
  {
    "name": "Yesagyo",
    "country": "MM",
    "lat": 21.63241,
    "lng": 95.24619
  },
  {
    "name": "Yenangyaung",
    "country": "MM",
    "lat": 20.46504,
    "lng": 94.8712
  },
  {
    "name": "Yedashe",
    "country": "MM",
    "lat": 19.15633,
    "lng": 96.34593
  },
  {
    "name": "Ye",
    "country": "MM",
    "lat": 15.24645,
    "lng": 97.85506
  },
  {
    "name": "Yextla",
    "country": "MX",
    "lat": 17.60446,
    "lng": -99.93446
  },
  {
    "name": "Yehualtepec",
    "country": "MX",
    "lat": 18.79518,
    "lng": -97.6616
  },
  {
    "name": "Yecuatla",
    "country": "MX",
    "lat": 19.86614,
    "lng": -96.77836
  },
  {
    "name": "Yecapixtla",
    "country": "MX",
    "lat": 18.88333,
    "lng": -98.865
  },
  {
    "name": "Yetla de Juárez",
    "country": "MX",
    "lat": 17.66559,
    "lng": -97.99124
  },
  {
    "name": "Yetla",
    "country": "MX",
    "lat": 16.99355,
    "lng": -100.00328
  },
  {
    "name": "Yetlancingo",
    "country": "MX",
    "lat": 17.7213,
    "lng": -99.11538
  },
  {
    "name": "Yerbabuena",
    "country": "MX",
    "lat": 21.68586,
    "lng": -100.76728
  },
  {
    "name": "Yerbabuena",
    "country": "MX",
    "lat": 20.96319,
    "lng": -101.27448
  },
  {
    "name": "Yecapixteca",
    "country": "MX",
    "lat": 18.8823,
    "lng": -98.90272
  },
  {
    "name": "Yenagoa",
    "country": "NG",
    "lat": 4.92675,
    "lng": 6.26764
  },
  {
    "name": "Yelwa",
    "country": "NG",
    "lat": 10.83505,
    "lng": 4.74244
  },
  {
    "name": "Yelwa",
    "country": "NG",
    "lat": 8.83333,
    "lng": 9.63333
  },
  {
    "name": "Yerseke",
    "country": "NL",
    "lat": 51.4925,
    "lng": 4.05
  },
  {
    "name": "Yeban Norte",
    "country": "PH",
    "lat": 17.02195,
    "lng": 121.94194
  },
  {
    "name": "Yeyskoye Ukrepleniye",
    "country": "RU",
    "lat": 46.70675,
    "lng": 38.61348
  },
  {
    "name": "Yeysk",
    "country": "RU",
    "lat": 46.69263,
    "lng": 38.27907
  },
  {
    "name": "Yessentukskaya",
    "country": "RU",
    "lat": 44.02583,
    "lng": 42.87491
  },
  {
    "name": "Yessentuki",
    "country": "RU",
    "lat": 44.04826,
    "lng": 42.85638
  },
  {
    "name": "Yertsevo",
    "country": "RU",
    "lat": 60.7966,
    "lng": 40.086
  },
  {
    "name": "Yershovo",
    "country": "RU",
    "lat": 55.76911,
    "lng": 36.85929
  },
  {
    "name": "Yershov",
    "country": "RU",
    "lat": 51.35595,
    "lng": 48.27269
  },
  {
    "name": "Yershichi",
    "country": "RU",
    "lat": 53.6727,
    "lng": 32.75484
  },
  {
    "name": "Yermolino",
    "country": "RU",
    "lat": 56.14887,
    "lng": 37.49112
  },
  {
    "name": "Yermolino",
    "country": "RU",
    "lat": 55.19489,
    "lng": 36.59513
  },
  {
    "name": "Yermolayevo",
    "country": "RU",
    "lat": 52.70438,
    "lng": 55.8206
  },
  {
    "name": "Yermish’",
    "country": "RU",
    "lat": 54.76847,
    "lng": 42.26738
  },
  {
    "name": "Yermekeyevo",
    "country": "RU",
    "lat": 54.07262,
    "lng": 53.6749
  },
  {
    "name": "Yepifan’",
    "country": "RU",
    "lat": 53.82526,
    "lng": 38.55181
  },
  {
    "name": "Yenotayevka",
    "country": "RU",
    "lat": 47.24332,
    "lng": 47.02898
  },
  {
    "name": "Yemva",
    "country": "RU",
    "lat": 62.5879,
    "lng": 50.8634
  },
  {
    "name": "Yemtsa",
    "country": "RU",
    "lat": 63.07337,
    "lng": 40.33285
  },
  {
    "name": "Yemetsk",
    "country": "RU",
    "lat": 63.47191,
    "lng": 41.78023
  },
  {
    "name": "Yelshanka",
    "country": "RU",
    "lat": 51.81389,
    "lng": 46.39972
  },
  {
    "name": "Yelovo",
    "country": "RU",
    "lat": 57.05226,
    "lng": 54.92049
  },
  {
    "name": "Yel’nya",
    "country": "RU",
    "lat": 54.57735,
    "lng": 33.18474
  },
  {
    "name": "Yel’niki",
    "country": "RU",
    "lat": 54.62069,
    "lng": 43.88242
  },
  {
    "name": "Yelkhovka",
    "country": "RU",
    "lat": 53.8669,
    "lng": 50.28437
  },
  {
    "name": "Yelizavetinskoye",
    "country": "RU",
    "lat": 45.00722,
    "lng": 43.34944
  },
  {
    "name": "Yelizavetinskaya",
    "country": "RU",
    "lat": 45.04616,
    "lng": 38.79491
  },
  {
    "name": "Yelizavetino",
    "country": "RU",
    "lat": 59.49173,
    "lng": 29.78153
  },
  {
    "name": "Yelizavetinka",
    "country": "RU",
    "lat": 51.76732,
    "lng": 59.74245
  },
  {
    "name": "Yelets",
    "country": "RU",
    "lat": 52.61435,
    "lng": 38.50935
  },
  {
    "name": "Yel’digino",
    "country": "RU",
    "lat": 56.11667,
    "lng": 37.81667
  },
  {
    "name": "Yelat’ma",
    "country": "RU",
    "lat": 54.9675,
    "lng": 41.75083
  },
  {
    "name": "Yelan’-Kolenovskiy",
    "country": "RU",
    "lat": 51.1632,
    "lng": 41.151
  },
  {
    "name": "Yelan’-Koleno",
    "country": "RU",
    "lat": 51.1523,
    "lng": 41.2306
  },
  {
    "name": "Yelan’",
    "country": "RU",
    "lat": 50.9488,
    "lng": 43.73709
  },
  {
    "name": "Yelabuga",
    "country": "RU",
    "lat": 55.76232,
    "lng": 52.04425
  },
  {
    "name": "Yekimovichi",
    "country": "RU",
    "lat": 54.11285,
    "lng": 33.29648
  },
  {
    "name": "Yekaterinovka",
    "country": "RU",
    "lat": 52.04915,
    "lng": 44.34624
  },
  {
    "name": "Yegor’yevsk",
    "country": "RU",
    "lat": 55.37952,
    "lng": 39.04122
  },
  {
    "name": "Yegorlykskaya",
    "country": "RU",
    "lat": 46.56587,
    "lng": 40.6571
  },
  {
    "name": "Yefremov",
    "country": "RU",
    "lat": 53.13762,
    "lng": 38.11856
  },
  {
    "name": "Yefimovskiy",
    "country": "RU",
    "lat": 59.49639,
    "lng": 34.67222
  },
  {
    "name": "Yedrovo",
    "country": "RU",
    "lat": 57.91306,
    "lng": 33.62028
  },
  {
    "name": "Yetkul’",
    "country": "RU",
    "lat": 54.8231,
    "lng": 61.5838
  },
  {
    "name": "Yertarskiy",
    "country": "RU",
    "lat": 56.79016,
    "lng": 64.29952
  },
  {
    "name": "Yermakovskoye",
    "country": "RU",
    "lat": 53.27533,
    "lng": 92.40035
  },
  {
    "name": "Yeniseysk",
    "country": "RU",
    "lat": 58.45073,
    "lng": 92.17243
  },
  {
    "name": "Yemel’yanovo",
    "country": "RU",
    "lat": 56.1703,
    "lng": 92.67208
  },
  {
    "name": "Yemanzhelinsk",
    "country": "RU",
    "lat": 54.75472,
    "lng": 61.32083
  },
  {
    "name": "Yemanzhelinka",
    "country": "RU",
    "lat": 54.801,
    "lng": 61.2989
  },
  {
    "name": "Yel’tsovka",
    "country": "RU",
    "lat": 53.25473,
    "lng": 86.26395
  },
  {
    "name": "Yelanskiy",
    "country": "RU",
    "lat": 56.8419,
    "lng": 62.5014
  },
  {
    "name": "Yekaterinburg",
    "country": "RU",
    "lat": 56.85733,
    "lng": 60.61529
  },
  {
    "name": "Yerofey Pavlovich",
    "country": "RU",
    "lat": 53.96108,
    "lng": 121.95763
  },
  {
    "name": "Yerbogachen",
    "country": "RU",
    "lat": 61.28016,
    "lng": 108.01535
  },
  {
    "name": "Yelantsy",
    "country": "RU",
    "lat": 52.80362,
    "lng": 106.40571
  },
  {
    "name": "Yekaterinovka",
    "country": "RU",
    "lat": 42.92337,
    "lng": 133.04886
  },
  {
    "name": "Yekaterinoslavka",
    "country": "RU",
    "lat": 50.3737,
    "lng": 129.11074
  },
  {
    "name": "Yedogon",
    "country": "RU",
    "lat": 54.2549,
    "lng": 100.2385
  },
  {
    "name": "Yelizovo",
    "country": "RU",
    "lat": 53.18936,
    "lng": 158.38282
  },
  {
    "name": "Yew Tee",
    "country": "SG",
    "lat": 1.39665,
    "lng": 103.74738
  },
  {
    "name": "Yengema",
    "country": "SL",
    "lat": 8.71441,
    "lng": -11.17057
  },
  {
    "name": "Yeed",
    "country": "SO",
    "lat": 4.55,
    "lng": 43.03333
  },
  {
    "name": "Yei",
    "country": "SS",
    "lat": 4.09444,
    "lng": 30.67639
  },
  {
    "name": "Yeşilyuva",
    "country": "TR",
    "lat": 37.57459,
    "lng": 29.4286
  },
  {
    "name": "Yeşilyurt",
    "country": "TR",
    "lat": 38.33972,
    "lng": 28.66444
  },
  {
    "name": "Yeşilyurt",
    "country": "TR",
    "lat": 38.29602,
    "lng": 38.24526
  },
  {
    "name": "Yeşilyurt",
    "country": "TR",
    "lat": 37.19324,
    "lng": 28.27537
  },
  {
    "name": "Yeşilyazı",
    "country": "TR",
    "lat": 39.33473,
    "lng": 39.08122
  },
  {
    "name": "Yeşilova",
    "country": "TR",
    "lat": 38.4095,
    "lng": 33.83804
  },
  {
    "name": "Yeşilova",
    "country": "TR",
    "lat": 37.50806,
    "lng": 29.75472
  },
  {
    "name": "Yeşilova",
    "country": "TR",
    "lat": 38.15566,
    "lng": 36.25758
  },
  {
    "name": "Yeşilli",
    "country": "TR",
    "lat": 37.33813,
    "lng": 40.81739
  },
  {
    "name": "Yeşilhisar",
    "country": "TR",
    "lat": 38.35232,
    "lng": 35.08873
  },
  {
    "name": "Yeşildere",
    "country": "TR",
    "lat": 37.15668,
    "lng": 33.51447
  },
  {
    "name": "Yeşilalan",
    "country": "TR",
    "lat": 37.46319,
    "lng": 40.78723
  },
  {
    "name": "Yerköy",
    "country": "TR",
    "lat": 39.63806,
    "lng": 34.46722
  },
  {
    "name": "Yerkesik",
    "country": "TR",
    "lat": 37.13625,
    "lng": 28.28403
  },
  {
    "name": "Yenişarbademli",
    "country": "TR",
    "lat": 37.70778,
    "lng": 31.38639
  },
  {
    "name": "Yenişakran",
    "country": "TR",
    "lat": 38.88639,
    "lng": 27.06694
  },
  {
    "name": "Yenipınar",
    "country": "TR",
    "lat": 37.84291,
    "lng": 41.30137
  },
  {
    "name": "Yenipazar",
    "country": "TR",
    "lat": 39.46361,
    "lng": 35.08306
  },
  {
    "name": "Yenipazar",
    "country": "TR",
    "lat": 37.82332,
    "lng": 28.19573
  },
  {
    "name": "Yenimehmetli",
    "country": "TR",
    "lat": 39.42,
    "lng": 32.16889
  },
  {
    "name": "Yeniköy",
    "country": "TR",
    "lat": 39.77874,
    "lng": 28.00299
  },
  {
    "name": "Yeniköy",
    "country": "TR",
    "lat": 37.88042,
    "lng": 41.05004
  },
  {
    "name": "Yeniköy",
    "country": "TR",
    "lat": 37.70321,
    "lng": 27.52478
  },
  {
    "name": "Yenicekale",
    "country": "TR",
    "lat": 37.59874,
    "lng": 36.63264
  },
  {
    "name": "Yeniköy",
    "country": "TR",
    "lat": 37.27069,
    "lng": 42.42348
  },
  {
    "name": "Yenifoça",
    "country": "TR",
    "lat": 38.73333,
    "lng": 26.83333
  },
  {
    "name": "Yenifakılı",
    "country": "TR",
    "lat": 39.21142,
    "lng": 35.00036
  },
  {
    "name": "Yeniceoba",
    "country": "TR",
    "lat": 38.86972,
    "lng": 32.78833
  },
  {
    "name": "Yenice",
    "country": "TR",
    "lat": 39.93083,
    "lng": 27.25806
  },
  {
    "name": "Yenice",
    "country": "TR",
    "lat": 39.76089,
    "lng": 28.90729
  },
  {
    "name": "Yenicekent",
    "country": "TR",
    "lat": 38.04436,
    "lng": 28.93718
  },
  {
    "name": "Yenice",
    "country": "TR",
    "lat": 37.82837,
    "lng": 28.57115
  },
  {
    "name": "Yenice",
    "country": "TR",
    "lat": 36.97744,
    "lng": 35.05197
  },
  {
    "name": "Yeniçağlar",
    "country": "TR",
    "lat": 38.1487,
    "lng": 41.23736
  },
  {
    "name": "Yenibaşlar",
    "country": "TR",
    "lat": 38.9972,
    "lng": 40.68577
  },
  {
    "name": "Yenibaşak",
    "country": "TR",
    "lat": 38.80414,
    "lng": 40.99222
  },
  {
    "name": "Yelten",
    "country": "TR",
    "lat": 37.22,
    "lng": 30.21861
  },
  {
    "name": "Yeditepe",
    "country": "TR",
    "lat": 35.96753,
    "lng": 36.01452
  },
  {
    "name": "Yedisu",
    "country": "TR",
    "lat": 39.43277,
    "lng": 40.53368
  },
  {
    "name": "Yeşilüzümlü",
    "country": "TR",
    "lat": 36.73361,
    "lng": 29.23333
  },
  {
    "name": "Yenice",
    "country": "TR",
    "lat": 39.27528,
    "lng": 32.68028
  },
  {
    "name": "Yenidoğan",
    "country": "TR",
    "lat": 37.72144,
    "lng": 27.38987
  },
  {
    "name": "Yenisu",
    "country": "TR",
    "lat": 38.75201,
    "lng": 40.87571
  },
  {
    "name": "Yeşilyurt",
    "country": "TR",
    "lat": 36.89252,
    "lng": 36.56323
  },
  {
    "name": "Yeşilovacık",
    "country": "TR",
    "lat": 36.1882,
    "lng": 33.66225
  },
  {
    "name": "Yeşilyurt",
    "country": "TR",
    "lat": 40.0064,
    "lng": 36.22069
  },
  {
    "name": "Yeşilhisar",
    "country": "TR",
    "lat": 38.67444,
    "lng": 29.94056
  },
  {
    "name": "Yeşiltepe",
    "country": "TR",
    "lat": 36.84424,
    "lng": 34.89437
  },
  {
    "name": "Yemişli",
    "country": "TR",
    "lat": 37.3686,
    "lng": 43.07774
  },
  {
    "name": "Yeşildere",
    "country": "TR",
    "lat": 36.982,
    "lng": 37.498
  },
  {
    "name": "Yeşilyayla",
    "country": "TR",
    "lat": 37.2527,
    "lng": 30.23149
  },
  {
    "name": "Yeşilyurt",
    "country": "TR",
    "lat": 40.32786,
    "lng": 36.35144
  },
  {
    "name": "Yeşilvadi",
    "country": "TR",
    "lat": 41.123,
    "lng": 29.47696
  },
  {
    "name": "Yeşilce",
    "country": "TR",
    "lat": 40.53577,
    "lng": 37.79566
  },
  {
    "name": "Yenişehir",
    "country": "TR",
    "lat": 40.26444,
    "lng": 29.65306
  },
  {
    "name": "Yenipazar",
    "country": "TR",
    "lat": 40.17833,
    "lng": 30.52
  },
  {
    "name": "Yeniköy",
    "country": "TR",
    "lat": 41.12171,
    "lng": 29.06993
  },
  {
    "name": "Yeniköy",
    "country": "TR",
    "lat": 40.53568,
    "lng": 29.35364
  },
  {
    "name": "Yeniçiftlik",
    "country": "TR",
    "lat": 40.30167,
    "lng": 27.18389
  },
  {
    "name": "Yenice",
    "country": "TR",
    "lat": 40.08778,
    "lng": 29.42194
  },
  {
    "name": "Yenice",
    "country": "TR",
    "lat": 41.19962,
    "lng": 32.33133
  },
  {
    "name": "Yeniçağa",
    "country": "TR",
    "lat": 40.77115,
    "lng": 32.03375
  },
  {
    "name": "Yenikonak",
    "country": "TR",
    "lat": 41.87319,
    "lng": 34.60308
  },
  {
    "name": "Yeşilöz",
    "country": "TR",
    "lat": 36.38897,
    "lng": 32.21094
  },
  {
    "name": "Yeşilbağ",
    "country": "TR",
    "lat": 37.7092,
    "lng": 40.01297
  },
  {
    "name": "Yenişehir",
    "country": "TR",
    "lat": 37.94146,
    "lng": 40.13801
  },
  {
    "name": "Yezupil",
    "country": "UA",
    "lat": 49.04154,
    "lng": 24.78102
  },
  {
    "name": "Yevpatoriya",
    "country": "UA",
    "lat": 45.20091,
    "lng": 33.36655
  },
  {
    "name": "Yevhenivka",
    "country": "UA",
    "lat": 47.08707,
    "lng": 32.90293
  },
  {
    "name": "Yermakovo",
    "country": "UA",
    "lat": 45.85364,
    "lng": 34.48644
  },
  {
    "name": "Yerky",
    "country": "UA",
    "lat": 48.98606,
    "lng": 30.99579
  },
  {
    "name": "Yenakiieve",
    "country": "UA",
    "lat": 48.23857,
    "lng": 38.20403
  },
  {
    "name": "Yemilchyne",
    "country": "UA",
    "lat": 50.87349,
    "lng": 27.80604
  },
  {
    "name": "Yemelyanovka",
    "country": "UA",
    "lat": 45.53287,
    "lng": 34.89624
  },
  {
    "name": "Yelyzavethradka",
    "country": "UA",
    "lat": 48.80085,
    "lng": 32.40433
  },
  {
    "name": "Yelanets",
    "country": "UA",
    "lat": 47.69521,
    "lng": 31.85222
  },
  {
    "name": "Yellville",
    "country": "US",
    "lat": 36.22618,
    "lng": -92.68489
  },
  {
    "name": "Yellow Springs",
    "country": "US",
    "lat": 39.80645,
    "lng": -83.88687
  },
  {
    "name": "Yeadon",
    "country": "US",
    "lat": 39.939,
    "lng": -75.25546
  },
  {
    "name": "Yeagertown",
    "country": "US",
    "lat": 40.64313,
    "lng": -77.58055
  },
  {
    "name": "Yerington",
    "country": "US",
    "lat": 38.98575,
    "lng": -119.16293
  },
  {
    "name": "Yelm",
    "country": "US",
    "lat": 46.94204,
    "lng": -122.60596
  }
]