[
  {
    "name": "Zerqan",
    "country": "AL",
    "lat": 41.50222,
    "lng": 20.36056
  },
  {
    "name": "Zejmen",
    "country": "AL",
    "lat": 41.70778,
    "lng": 19.68917
  },
  {
    "name": "Zeutschach",
    "country": "AT",
    "lat": 47.06667,
    "lng": 14.36667
  },
  {
    "name": "Zettling",
    "country": "AT",
    "lat": 46.9522,
    "lng": 15.4342
  },
  {
    "name": "Zerlach",
    "country": "AT",
    "lat": 46.94593,
    "lng": 15.65093
  },
  {
    "name": "Zeltweg",
    "country": "AT",
    "lat": 47.18333,
    "lng": 14.75
  },
  {
    "name": "Zellerndorf",
    "country": "AT",
    "lat": 48.69657,
    "lng": 15.95841
  },
  {
    "name": "Zellberg",
    "country": "AT",
    "lat": 47.23333,
    "lng": 11.85
  },
  {
    "name": "Zell an der Pram",
    "country": "AT",
    "lat": 48.31625,
    "lng": 13.62923
  },
  {
    "name": "Zell am Ziller",
    "country": "AT",
    "lat": 47.23333,
    "lng": 11.88333
  },
  {
    "name": "Zell am See",
    "country": "AT",
    "lat": 47.32306,
    "lng": 12.79839
  },
  {
    "name": "Zell am Pettenfirst",
    "country": "AT",
    "lat": 48.08009,
    "lng": 13.59936
  },
  {
    "name": "Zell am Moos",
    "country": "AT",
    "lat": 47.9,
    "lng": 13.31667
  },
  {
    "name": "Zell",
    "country": "AT",
    "lat": 47.58333,
    "lng": 12.15
  },
  {
    "name": "Zeiselmauer",
    "country": "AT",
    "lat": 48.32852,
    "lng": 16.17565
  },
  {
    "name": "Zeillern",
    "country": "AT",
    "lat": 48.13029,
    "lng": 14.8076
  },
  {
    "name": "Zederhaus",
    "country": "AT",
    "lat": 47.1557,
    "lng": 13.50576
  },
  {
    "name": "Zell-Arzberg",
    "country": "AT",
    "lat": 47.95191,
    "lng": 14.79322
  },
  {
    "name": "Zell-Markt",
    "country": "AT",
    "lat": 47.95878,
    "lng": 14.78318
  },
  {
    "name": "Zetland",
    "country": "AU",
    "lat": -33.90748,
    "lng": 151.20857
  },
  {
    "name": "Zenica",
    "country": "BA",
    "lat": 44.20169,
    "lng": 17.90397
  },
  {
    "name": "Zevergem",
    "country": "BE",
    "lat": 50.97931,
    "lng": 3.69319
  },
  {
    "name": "Zeveneken",
    "country": "BE",
    "lat": 51.10781,
    "lng": 3.89048
  },
  {
    "name": "Zerkegem",
    "country": "BE",
    "lat": 51.16645,
    "lng": 3.06994
  },
  {
    "name": "Zepperen",
    "country": "BE",
    "lat": 50.82139,
    "lng": 5.24769
  },
  {
    "name": "Zemst",
    "country": "BE",
    "lat": 50.98318,
    "lng": 4.46079
  },
  {
    "name": "Zelzate",
    "country": "BE",
    "lat": 51.18963,
    "lng": 3.80777
  },
  {
    "name": "Zellik",
    "country": "BE",
    "lat": 50.88408,
    "lng": 4.27325
  },
  {
    "name": "Zelem",
    "country": "BE",
    "lat": 50.97739,
    "lng": 5.10687
  },
  {
    "name": "Zele",
    "country": "BE",
    "lat": 51.06566,
    "lng": 4.0403
  },
  {
    "name": "Zeebrugge",
    "country": "BE",
    "lat": 51.32901,
    "lng": 3.18188
  },
  {
    "name": "Zedelgem",
    "country": "BE",
    "lat": 51.14236,
    "lng": 3.1368
  },
  {
    "name": "Zemen",
    "country": "BG",
    "lat": 42.47889,
    "lng": 22.74917
  },
  {
    "name": "Zelenikovo",
    "country": "BG",
    "lat": 42.4,
    "lng": 25.08333
  },
  {
    "name": "Zel’va",
    "country": "BY",
    "lat": 53.14931,
    "lng": 24.81201
  },
  {
    "name": "Zemio",
    "country": "CF",
    "lat": 5.03144,
    "lng": 25.13614
  },
  {
    "name": "Zernez",
    "country": "CH",
    "lat": 46.69862,
    "lng": 10.09268
  },
  {
    "name": "Zermatt",
    "country": "CH",
    "lat": 46.01998,
    "lng": 7.74863
  },
  {
    "name": "Zell",
    "country": "CH",
    "lat": 47.13673,
    "lng": 7.92495
  },
  {
    "name": "Zegbao",
    "country": "CI",
    "lat": 9.43271,
    "lng": -7.27227
  },
  {
    "name": "Zegban",
    "country": "CI",
    "lat": 5.16369,
    "lng": -5.58882
  },
  {
    "name": "Zeguetiela",
    "country": "CI",
    "lat": 9.81189,
    "lng": -7.20922
  },
  {
    "name": "Zergbeu",
    "country": "CI",
    "lat": 5.90092,
    "lng": -6.59468
  },
  {
    "name": "Zegata-Gouro",
    "country": "CI",
    "lat": 6.79198,
    "lng": -6.05655
  },
  {
    "name": "Zepu",
    "country": "CN",
    "lat": 38.18867,
    "lng": 77.27075
  },
  {
    "name": "Zengjia",
    "country": "CN",
    "lat": 32.61957,
    "lng": 106.10118
  },
  {
    "name": "Zengfu",
    "country": "CN",
    "lat": 29.51066,
    "lng": 106.98577
  },
  {
    "name": "Zetaquira",
    "country": "CO",
    "lat": 5.28215,
    "lng": -73.16896
  },
  {
    "name": "Zeleneč",
    "country": "CZ",
    "lat": 50.13362,
    "lng": 14.6607
  },
  {
    "name": "Zeven",
    "country": "DE",
    "lat": 53.29657,
    "lng": 9.27685
  },
  {
    "name": "Zeuthen",
    "country": "DE",
    "lat": 52.34803,
    "lng": 13.62174
  },
  {
    "name": "Zeulenroda",
    "country": "DE",
    "lat": 50.65278,
    "lng": 11.98377
  },
  {
    "name": "Zetel",
    "country": "DE",
    "lat": 53.41583,
    "lng": 7.96775
  },
  {
    "name": "Zernien",
    "country": "DE",
    "lat": 53.06845,
    "lng": 10.88325
  },
  {
    "name": "Zerf",
    "country": "DE",
    "lat": 49.6,
    "lng": 6.68333
  },
  {
    "name": "Zerbst",
    "country": "DE",
    "lat": 51.9662,
    "lng": 12.08517
  },
  {
    "name": "Zeppelinheim",
    "country": "DE",
    "lat": 50.03538,
    "lng": 8.61333
  },
  {
    "name": "Zenting",
    "country": "DE",
    "lat": 48.79128,
    "lng": 13.25968
  },
  {
    "name": "Zemmer",
    "country": "DE",
    "lat": 49.9,
    "lng": 6.7
  },
  {
    "name": "Zell unter Aichelberg",
    "country": "DE",
    "lat": 48.64882,
    "lng": 9.57137
  },
  {
    "name": "Zellingen",
    "country": "DE",
    "lat": 49.89737,
    "lng": 9.81746
  },
  {
    "name": "Zell im Wiesental",
    "country": "DE",
    "lat": 47.70555,
    "lng": 7.85248
  },
  {
    "name": "Zell am Main",
    "country": "DE",
    "lat": 49.81214,
    "lng": 9.86962
  },
  {
    "name": "Zella-Mehlis",
    "country": "DE",
    "lat": 50.65642,
    "lng": 10.66046
  },
  {
    "name": "Zell im Fichtelgebirge",
    "country": "DE",
    "lat": 50.13532,
    "lng": 11.82266
  },
  {
    "name": "Zell",
    "country": "DE",
    "lat": 50.02918,
    "lng": 7.18232
  },
  {
    "name": "Zell",
    "country": "DE",
    "lat": 48.69235,
    "lng": 8.06301
  },
  {
    "name": "Zeitz",
    "country": "DE",
    "lat": 51.04962,
    "lng": 12.1369
  },
  {
    "name": "Zeitlofs",
    "country": "DE",
    "lat": 50.26189,
    "lng": 9.67243
  },
  {
    "name": "Zeitlarn",
    "country": "DE",
    "lat": 49.07848,
    "lng": 12.11174
  },
  {
    "name": "Zeithain",
    "country": "DE",
    "lat": 51.33356,
    "lng": 13.33809
  },
  {
    "name": "Zeiskam",
    "country": "DE",
    "lat": 49.23278,
    "lng": 8.24722
  },
  {
    "name": "Zeilarn",
    "country": "DE",
    "lat": 48.30003,
    "lng": 12.8426
  },
  {
    "name": "Zeil",
    "country": "DE",
    "lat": 50.00986,
    "lng": 10.5947
  },
  {
    "name": "Zehlendorf",
    "country": "DE",
    "lat": 52.43333,
    "lng": 13.25
  },
  {
    "name": "Zehdenick",
    "country": "DE",
    "lat": 52.97852,
    "lng": 13.33165
  },
  {
    "name": "Zeltingen-Rachtig",
    "country": "DE",
    "lat": 49.95,
    "lng": 7.01667
  },
  {
    "name": "Zeribet el Oued",
    "country": "DZ",
    "lat": 34.68284,
    "lng": 6.51109
  },
  {
    "name": "Zeralda",
    "country": "DZ",
    "lat": 36.71169,
    "lng": 2.84244
  },
  {
    "name": "Zemoura",
    "country": "DZ",
    "lat": 35.72251,
    "lng": 0.75509
  },
  {
    "name": "Zefta",
    "country": "EG",
    "lat": 30.7142,
    "lng": 31.24425
  },
  {
    "name": "Zestoa",
    "country": "ES",
    "lat": 43.23973,
    "lng": -2.2579
  },
  {
    "name": "Zerain",
    "country": "ES",
    "lat": 43.01237,
    "lng": -2.27264
  },
  {
    "name": "Zegama",
    "country": "ES",
    "lat": 42.97556,
    "lng": -2.29091
  },
  {
    "name": "Zeanuri",
    "country": "ES",
    "lat": 43.1,
    "lng": -2.75
  },
  {
    "name": "Zegerscappel",
    "country": "FR",
    "lat": 50.88333,
    "lng": 2.4
  },
  {
    "name": "Zestaponi",
    "country": "GE",
    "lat": 42.10752,
    "lng": 43.03291
  },
  {
    "name": "Zevgolateió",
    "country": "GR",
    "lat": 37.93333,
    "lng": 22.8
  },
  {
    "name": "Zefyri",
    "country": "GR",
    "lat": 38.06647,
    "lng": 23.71701
  },
  {
    "name": "Zemunik Donji",
    "country": "HR",
    "lat": 44.10667,
    "lng": 15.38056
  },
  {
    "name": "Zebegény",
    "country": "HU",
    "lat": 47.79977,
    "lng": 18.911
  },
  {
    "name": "Zetan",
    "country": "IL",
    "lat": 31.97534,
    "lng": 34.88928
  },
  {
    "name": "Zekharya",
    "country": "IL",
    "lat": 31.70927,
    "lng": 34.94488
  },
  {
    "name": "Zemer",
    "country": "IL",
    "lat": 32.36658,
    "lng": 35.03312
  },
  {
    "name": "Zerakpur",
    "country": "IN",
    "lat": 30.65622,
    "lng": 76.82093
  },
  {
    "name": "Zehak",
    "country": "IR",
    "lat": 30.894,
    "lng": 61.6804
  },
  {
    "name": "Zerfaliu",
    "country": "IT",
    "lat": 39.96088,
    "lng": 8.70971
  },
  {
    "name": "Zeddiani",
    "country": "IT",
    "lat": 39.98898,
    "lng": 8.5958
  },
  {
    "name": "Zevio",
    "country": "IT",
    "lat": 45.37209,
    "lng": 11.12929
  },
  {
    "name": "Zero Branco",
    "country": "IT",
    "lat": 45.59952,
    "lng": 12.16381
  },
  {
    "name": "Zermeghedo",
    "country": "IT",
    "lat": 45.47585,
    "lng": 11.37438
  },
  {
    "name": "Zerbolò",
    "country": "IT",
    "lat": 45.20676,
    "lng": 9.01441
  },
  {
    "name": "Zerbo",
    "country": "IT",
    "lat": 45.11046,
    "lng": 9.39606
  },
  {
    "name": "Zepponami",
    "country": "IT",
    "lat": 42.52518,
    "lng": 12.05411
  },
  {
    "name": "Zenson di Piave",
    "country": "IT",
    "lat": 45.67971,
    "lng": 12.48913
  },
  {
    "name": "Zeme",
    "country": "IT",
    "lat": 45.19686,
    "lng": 8.66733
  },
  {
    "name": "Zelo Buon Persico",
    "country": "IT",
    "lat": 45.4117,
    "lng": 9.43171
  },
  {
    "name": "Zelarino",
    "country": "IT",
    "lat": 45.51508,
    "lng": 12.2079
  },
  {
    "name": "Zeccone",
    "country": "IT",
    "lat": 45.25787,
    "lng": 9.20115
  },
  {
    "name": "Zenevredo",
    "country": "IT",
    "lat": 45.05391,
    "lng": 9.32667
  },
  {
    "name": "Zeri",
    "country": "IT",
    "lat": 44.35375,
    "lng": 9.76318
  },
  {
    "name": "Zelo Surrigone",
    "country": "IT",
    "lat": 45.38767,
    "lng": 8.98504
  },
  {
    "name": "Zerba",
    "country": "IT",
    "lat": 44.66551,
    "lng": 9.28795
  },
  {
    "name": "Zelbio",
    "country": "IT",
    "lat": 45.90458,
    "lng": 9.18054
  },
  {
    "name": "Zentsujichó",
    "country": "JP",
    "lat": 34.22699,
    "lng": 133.77791
  },
  {
    "name": "Zerenda",
    "country": "KZ",
    "lat": 52.90599,
    "lng": 69.15593
  },
  {
    "name": "Zelmeņi",
    "country": "LV",
    "lat": 56.45167,
    "lng": 23.35194
  },
  {
    "name": "Zeghanghane",
    "country": "MA",
    "lat": 35.15561,
    "lng": -3.00236
  },
  {
    "name": "Zerkten",
    "country": "MA",
    "lat": 31.4447,
    "lng": -7.39224
  },
  {
    "name": "Zemamra",
    "country": "MA",
    "lat": 32.62287,
    "lng": -8.70227
  },
  {
    "name": "Zerarda",
    "country": "MA",
    "lat": 33.97,
    "lng": -4.38
  },
  {
    "name": "Zelino",
    "country": "MK",
    "lat": 41.98028,
    "lng": 21.06417
  },
  {
    "name": "Zelenikovo",
    "country": "MK",
    "lat": 41.88381,
    "lng": 21.58962
  },
  {
    "name": "Zelenikovo",
    "country": "MK",
    "lat": 41.87333,
    "lng": 21.60306
  },
  {
    "name": "Zee Hpyu Kone",
    "country": "MM",
    "lat": 25.99045,
    "lng": 95.69677
  },
  {
    "name": "Zempoala",
    "country": "MX",
    "lat": 20.0867,
    "lng": -97.9985
  },
  {
    "name": "Zempoala",
    "country": "MX",
    "lat": 19.91587,
    "lng": -98.666
  },
  {
    "name": "Zelocotitlán",
    "country": "MX",
    "lat": 17.4464,
    "lng": -99.1062
  },
  {
    "name": "Zentlalpan",
    "country": "MX",
    "lat": 19.15003,
    "lng": -98.78494
  },
  {
    "name": "Zequentic",
    "country": "MX",
    "lat": 16.71694,
    "lng": -92.82667
  },
  {
    "name": "Zevenhuizen",
    "country": "NL",
    "lat": 52.21816,
    "lng": 5.97841
  },
  {
    "name": "Zevenhoven",
    "country": "NL",
    "lat": 52.18167,
    "lng": 4.77917
  },
  {
    "name": "Zevenbergschen Hoek",
    "country": "NL",
    "lat": 51.6725,
    "lng": 4.67917
  },
  {
    "name": "Zevenaar",
    "country": "NL",
    "lat": 51.93,
    "lng": 6.07083
  },
  {
    "name": "Zetten",
    "country": "NL",
    "lat": 51.92833,
    "lng": 5.71389
  },
  {
    "name": "Zesgehuchten",
    "country": "NL",
    "lat": 51.41667,
    "lng": 5.55
  },
  {
    "name": "Zelhem",
    "country": "NL",
    "lat": 52.00667,
    "lng": 6.34861
  },
  {
    "name": "Zeist",
    "country": "NL",
    "lat": 52.09,
    "lng": 5.23333
  },
  {
    "name": "Zeilberg",
    "country": "NL",
    "lat": 51.45469,
    "lng": 5.81878
  },
  {
    "name": "Zegveld",
    "country": "NL",
    "lat": 52.115,
    "lng": 4.83611
  },
  {
    "name": "Zegge",
    "country": "NL",
    "lat": 51.55667,
    "lng": 4.51806
  },
  {
    "name": "Zeewolde",
    "country": "NL",
    "lat": 52.33,
    "lng": 5.54167
  },
  {
    "name": "Zeelst",
    "country": "NL",
    "lat": 51.42421,
    "lng": 5.41566
  },
  {
    "name": "Zeeland",
    "country": "NL",
    "lat": 51.6975,
    "lng": 5.67639
  },
  {
    "name": "Zeddam",
    "country": "NL",
    "lat": 51.90333,
    "lng": 6.25972
  },
  {
    "name": "Zepita",
    "country": "PE",
    "lat": -16.49719,
    "lng": -69.10324
  },
  {
    "name": "Zembrzyce",
    "country": "PL",
    "lat": 49.77517,
    "lng": 19.6012
  },
  {
    "name": "Zelów",
    "country": "PL",
    "lat": 51.46452,
    "lng": 19.21972
  },
  {
    "name": "Zebrzydowice",
    "country": "PL",
    "lat": 50.1,
    "lng": 18.5
  },
  {
    "name": "Zebrzydowice",
    "country": "PL",
    "lat": 49.89032,
    "lng": 19.67291
  },
  {
    "name": "Zebrzydowice",
    "country": "PL",
    "lat": 49.87793,
    "lng": 18.61127
  },
  {
    "name": "Zetea",
    "country": "RO",
    "lat": 46.38333,
    "lng": 25.36667
  },
  {
    "name": "Zerind",
    "country": "RO",
    "lat": 46.61667,
    "lng": 21.51667
  },
  {
    "name": "Zencani",
    "country": "RO",
    "lat": 46.927,
    "lng": 25.33411
  },
  {
    "name": "Zemeş",
    "country": "RO",
    "lat": 46.58333,
    "lng": 26.41667
  },
  {
    "name": "Zebil",
    "country": "RO",
    "lat": 44.946,
    "lng": 28.76873
  },
  {
    "name": "Zemun",
    "country": "RS",
    "lat": 44.8458,
    "lng": 20.40116
  },
  {
    "name": "Zernograd",
    "country": "RU",
    "lat": 46.84862,
    "lng": 40.31164
  },
  {
    "name": "Zenzeli",
    "country": "RU",
    "lat": 45.92407,
    "lng": 47.04739
  },
  {
    "name": "Zemlyansk",
    "country": "RU",
    "lat": 51.9041,
    "lng": 38.7334
  },
  {
    "name": "Zemetchino",
    "country": "RU",
    "lat": 53.4973,
    "lng": 42.61632
  },
  {
    "name": "Zelyony Gorod",
    "country": "RU",
    "lat": 56.17833,
    "lng": 44.0744
  },
  {
    "name": "Zelenokumsk",
    "country": "RU",
    "lat": 44.41044,
    "lng": 43.88007
  },
  {
    "name": "Zelenogradskiy",
    "country": "RU",
    "lat": 56.1,
    "lng": 37.91667
  },
  {
    "name": "Zelenogradsk",
    "country": "RU",
    "lat": 54.95893,
    "lng": 20.47668
  },
  {
    "name": "Zelenograd",
    "country": "RU",
    "lat": 55.9825,
    "lng": 37.18139
  },
  {
    "name": "Zelenogorsk",
    "country": "RU",
    "lat": 60.19968,
    "lng": 29.70183
  },
  {
    "name": "Zelenodolsk",
    "country": "RU",
    "lat": 55.84376,
    "lng": 48.51784
  },
  {
    "name": "Zelenoborskiy",
    "country": "RU",
    "lat": 66.845,
    "lng": 32.36222
  },
  {
    "name": "Zelenets",
    "country": "RU",
    "lat": 61.88485,
    "lng": 50.74892
  },
  {
    "name": "Zelenchukskaya",
    "country": "RU",
    "lat": 43.85495,
    "lng": 41.59019
  },
  {
    "name": "Zelënyy Bor",
    "country": "RU",
    "lat": 53.62178,
    "lng": 91.61528
  },
  {
    "name": "Zelenogorskiy",
    "country": "RU",
    "lat": 55.03333,
    "lng": 87.0
  },
  {
    "name": "Zelenoborsk",
    "country": "RU",
    "lat": 61.47088,
    "lng": 64.04344
  },
  {
    "name": "Zelenogorsk",
    "country": "RU",
    "lat": 56.10921,
    "lng": 94.58698
  },
  {
    "name": "Zeya",
    "country": "RU",
    "lat": 53.73586,
    "lng": 127.25598
  },
  {
    "name": "Zemné",
    "country": "SK",
    "lat": 47.9836,
    "lng": 17.99492
  },
  {
    "name": "Zemianske Kostoľany",
    "country": "SK",
    "lat": 48.68761,
    "lng": 18.52677
  },
  {
    "name": "Zemianska Olča",
    "country": "SK",
    "lat": 47.80808,
    "lng": 17.86652
  },
  {
    "name": "Zeramedine",
    "country": "TN",
    "lat": 35.57525,
    "lng": 10.73456
  },
  {
    "name": "Zeytinliova",
    "country": "TR",
    "lat": 38.99118,
    "lng": 27.67635
  },
  {
    "name": "Zeytinli",
    "country": "TR",
    "lat": 36.99333,
    "lng": 35.13397
  },
  {
    "name": "Zeytindağ",
    "country": "TR",
    "lat": 38.96722,
    "lng": 27.07222
  },
  {
    "name": "Zeytinbeli",
    "country": "TR",
    "lat": 36.81219,
    "lng": 35.74015
  },
  {
    "name": "Zeyne",
    "country": "TR",
    "lat": 36.4446,
    "lng": 33.52902
  },
  {
    "name": "Zeytinlik",
    "country": "TR",
    "lat": 41.11812,
    "lng": 41.85579
  },
  {
    "name": "Zeytinburnu",
    "country": "TR",
    "lat": 40.99441,
    "lng": 28.90417
  },
  {
    "name": "Zeytinbağı",
    "country": "TR",
    "lat": 40.39083,
    "lng": 28.79639
  },
  {
    "name": "Zekeriya",
    "country": "TR",
    "lat": 41.19806,
    "lng": 29.03028
  },
  {
    "name": "Zernovoye",
    "country": "UA",
    "lat": 45.32364,
    "lng": 34.48099
  },
  {
    "name": "Zemlyanichnoye",
    "country": "UA",
    "lat": 44.97444,
    "lng": 34.83553
  },
  {
    "name": "Zelyonoye",
    "country": "UA",
    "lat": 44.59583,
    "lng": 34.00921
  },
  {
    "name": "Zelenivka",
    "country": "UA",
    "lat": 46.71717,
    "lng": 32.65697
  },
  {
    "name": "Zelenohirske",
    "country": "UA",
    "lat": 47.87793,
    "lng": 30.09844
  },
  {
    "name": "Zelenogorskoye",
    "country": "UA",
    "lat": 45.01249,
    "lng": 34.46848
  },
  {
    "name": "Zelenodolsk",
    "country": "UA",
    "lat": 47.55353,
    "lng": 33.65648
  },
  {
    "name": "Zelena",
    "country": "UA",
    "lat": 48.36385,
    "lng": 26.73497
  },
  {
    "name": "Zelenyy Hay",
    "country": "UA",
    "lat": 48.2251,
    "lng": 26.21241
  },
  {
    "name": "Zernovoye",
    "country": "UA",
    "lat": 45.28838,
    "lng": 33.86414
  },
  {
    "name": "Zelenyi Hai",
    "country": "UA",
    "lat": 46.94244,
    "lng": 32.24178
  },
  {
    "name": "Zellwood",
    "country": "US",
    "lat": 28.73111,
    "lng": -81.60118
  },
  {
    "name": "Zephyrhills",
    "country": "US",
    "lat": 28.23362,
    "lng": -82.18119
  },
  {
    "name": "Zebulon",
    "country": "US",
    "lat": 33.10235,
    "lng": -84.3427
  },
  {
    "name": "Zeigler",
    "country": "US",
    "lat": 37.89949,
    "lng": -89.05202
  },
  {
    "name": "Zebulon",
    "country": "US",
    "lat": 35.82432,
    "lng": -78.31472
  },
  {
    "name": "Zeeland",
    "country": "US",
    "lat": 42.81252,
    "lng": -86.01865
  },
  {
    "name": "Zena",
    "country": "US",
    "lat": 42.01676,
    "lng": -74.07625
  },
  {
    "name": "Zelienople",
    "country": "US",
    "lat": 40.79451,
    "lng": -80.13673
  },
  {
    "name": "Zephyrhills North",
    "country": "US",
    "lat": 28.25172,
    "lng": -82.16557
  },
  {
    "name": "Zephyrhills South",
    "country": "US",
    "lat": 28.21492,
    "lng": -82.18873
  },
  {
    "name": "Zephyrhills West",
    "country": "US",
    "lat": 28.23081,
    "lng": -82.20556
  },
  {
    "name": "Zea",
    "country": "VE",
    "lat": 8.37706,
    "lng": -71.78398
  },
  {
    "name": "Zeerust",
    "country": "ZA",
    "lat": -25.53695,
    "lng": 26.07512
  }
]