[
  {
    "name": "Zovaber",
    "country": "AM",
    "lat": 40.56671,
    "lng": 44.79028
  },
  {
    "name": "Zorak",
    "country": "AM",
    "lat": 40.09168,
    "lng": 44.39447
  },
  {
    "name": "Zolakar",
    "country": "AM",
    "lat": 40.12512,
    "lng": 45.38068
  },
  {
    "name": "Zoravan",
    "country": "AM",
    "lat": 40.35553,
    "lng": 44.52228
  },
  {
    "name": "Zovuni",
    "country": "AM",
    "lat": 40.23307,
    "lng": 44.51129
  },
  {
    "name": "Zone (Zona) E",
    "country": "AO",
    "lat": -12.56734,
    "lng": 13.41132
  },
  {
    "name": "Zoutleeuw",
    "country": "BE",
    "lat": 50.83316,
    "lng": 5.10376
  },
  {
    "name": "Zottegem",
    "country": "BE",
    "lat": 50.86955,
    "lng": 3.81052
  },
  {
    "name": "Zonnebeke",
    "country": "BE",
    "lat": 50.8726,
    "lng": 2.98725
  },
  {
    "name": "Zonhoven",
    "country": "BE",
    "lat": 50.99064,
    "lng": 5.36819
  },
  {
    "name": "Zomergem",
    "country": "BE",
    "lat": 51.11994,
    "lng": 3.56496
  },
  {
    "name": "Zolder",
    "country": "BE",
    "lat": 51.02455,
    "lng": 5.30983
  },
  {
    "name": "Zoersel",
    "country": "BE",
    "lat": 51.26825,
    "lng": 4.71296
  },
  {
    "name": "Zoerle-Parwijs",
    "country": "BE",
    "lat": 51.08969,
    "lng": 4.87108
  },
  {
    "name": "Zorgo",
    "country": "BF",
    "lat": 12.24922,
    "lng": -0.61527
  },
  {
    "name": "Zortéa",
    "country": "BR",
    "lat": -27.45139,
    "lng": -51.55528
  },
  {
    "name": "Zongo",
    "country": "CD",
    "lat": 4.34283,
    "lng": 18.59447
  },
  {
    "name": "Zollikon",
    "country": "CH",
    "lat": 47.34019,
    "lng": 8.57407
  },
  {
    "name": "Zollikofen",
    "country": "CH",
    "lat": 46.99905,
    "lng": 7.45809
  },
  {
    "name": "Zofingen",
    "country": "CH",
    "lat": 47.28779,
    "lng": 7.94586
  },
  {
    "name": "Zollikerberg",
    "country": "CH",
    "lat": 47.3451,
    "lng": 8.60088
  },
  {
    "name": "Zozo Oliziriboué",
    "country": "CI",
    "lat": 5.73133,
    "lng": -5.67773
  },
  {
    "name": "Zouzoua",
    "country": "CI",
    "lat": 6.55842,
    "lng": -6.3505
  },
  {
    "name": "Zoupleu",
    "country": "CI",
    "lat": 7.65854,
    "lng": -8.06695
  },
  {
    "name": "Zoupangbeu",
    "country": "CI",
    "lat": 6.79634,
    "lng": -6.76506
  },
  {
    "name": "Zoumènè",
    "country": "CI",
    "lat": 9.4464,
    "lng": -5.8725
  },
  {
    "name": "Zoukougbeu",
    "country": "CI",
    "lat": 6.76229,
    "lng": -6.8638
  },
  {
    "name": "Zoukouboué",
    "country": "CI",
    "lat": 7.1112,
    "lng": -6.78102
  },
  {
    "name": "Zougoussou",
    "country": "CI",
    "lat": 6.92226,
    "lng": -5.57583
  },
  {
    "name": "Zougourouta",
    "country": "CI",
    "lat": 6.64576,
    "lng": -5.82422
  },
  {
    "name": "Zougounou",
    "country": "CI",
    "lat": 6.86974,
    "lng": -5.47278
  },
  {
    "name": "Zouhounou",
    "country": "CI",
    "lat": 6.61217,
    "lng": -3.29229
  },
  {
    "name": "Zougounéfla",
    "country": "CI",
    "lat": 7.71034,
    "lng": -5.92868
  },
  {
    "name": "Zogouiné",
    "country": "CI",
    "lat": 7.096,
    "lng": -7.98045
  },
  {
    "name": "Zodri",
    "country": "CI",
    "lat": 7.00079,
    "lng": -7.75593
  },
  {
    "name": "Zouata",
    "country": "CI",
    "lat": 7.47231,
    "lng": -7.34831
  },
  {
    "name": "Zouan-Hounien",
    "country": "CI",
    "lat": 6.91937,
    "lng": -8.2065
  },
  {
    "name": "Zouan",
    "country": "CI",
    "lat": 6.54502,
    "lng": -7.59902
  },
  {
    "name": "Zou",
    "country": "CI",
    "lat": 6.97647,
    "lng": -7.79834
  },
  {
    "name": "Zotro Darra",
    "country": "CI",
    "lat": 6.92891,
    "lng": -8.2848
  },
  {
    "name": "Zoroyo",
    "country": "CI",
    "lat": 5.89548,
    "lng": -6.65079
  },
  {
    "name": "Zorofla",
    "country": "CI",
    "lat": 7.24415,
    "lng": -6.2643
  },
  {
    "name": "Zonlé I",
    "country": "CI",
    "lat": 7.36466,
    "lng": -7.7695
  },
  {
    "name": "Zonneu",
    "country": "CI",
    "lat": 7.17144,
    "lng": -8.06675
  },
  {
    "name": "Zongopleu",
    "country": "CI",
    "lat": 7.11619,
    "lng": -8.27681
  },
  {
    "name": "Zomplou",
    "country": "CI",
    "lat": 6.61944,
    "lng": -8.155
  },
  {
    "name": "Zolé",
    "country": "CI",
    "lat": 7.19893,
    "lng": -8.17315
  },
  {
    "name": "Zokrodépié",
    "country": "CI",
    "lat": 6.63103,
    "lng": -6.445
  },
  {
    "name": "Zokoma",
    "country": "CI",
    "lat": 7.7926,
    "lng": -7.85959
  },
  {
    "name": "Zohouéleu",
    "country": "CI",
    "lat": 7.05912,
    "lng": -8.16835
  },
  {
    "name": "Zoboua",
    "country": "CI",
    "lat": 6.70205,
    "lng": -6.55527
  },
  {
    "name": "Zobia",
    "country": "CI",
    "lat": 6.69408,
    "lng": -6.6437
  },
  {
    "name": "Zoandié",
    "country": "CI",
    "lat": 7.66319,
    "lng": -7.31943
  },
  {
    "name": "Zougban",
    "country": "CI",
    "lat": 7.70269,
    "lng": -4.75457
  },
  {
    "name": "Zoola Danangoro",
    "country": "CI",
    "lat": 7.17558,
    "lng": -5.92494
  },
  {
    "name": "Zouzousso II",
    "country": "CI",
    "lat": 7.82027,
    "lng": -7.65165
  },
  {
    "name": "Zoba",
    "country": "CI",
    "lat": 7.29155,
    "lng": -7.75487
  },
  {
    "name": "Zogbodoua",
    "country": "CI",
    "lat": 5.73339,
    "lng": -6.31338
  },
  {
    "name": "Zougouzoa",
    "country": "CI",
    "lat": 6.2121,
    "lng": -6.59185
  },
  {
    "name": "Zoukoubré",
    "country": "CI",
    "lat": 6.31891,
    "lng": -6.21072
  },
  {
    "name": "Zokolilié",
    "country": "CI",
    "lat": 5.76141,
    "lng": -5.64129
  },
  {
    "name": "Zohoa",
    "country": "CI",
    "lat": 6.32387,
    "lng": -6.15829
  },
  {
    "name": "Zougoussi",
    "country": "CI",
    "lat": 6.25463,
    "lng": -5.02568
  },
  {
    "name": "Zou-Yahi",
    "country": "CI",
    "lat": 6.3304,
    "lng": -8.24302
  },
  {
    "name": "Zokoguhé-Didéguhé",
    "country": "CI",
    "lat": 7.06759,
    "lng": -6.45901
  },
  {
    "name": "Zongga",
    "country": "CN",
    "lat": 29.0,
    "lng": 85.25
  },
  {
    "name": "Zouzhuang",
    "country": "CN",
    "lat": 34.6,
    "lng": 118.05
  },
  {
    "name": "Zoucheng",
    "country": "CN",
    "lat": 35.40056,
    "lng": 116.96556
  },
  {
    "name": "Zongyang",
    "country": "CN",
    "lat": 30.69889,
    "lng": 117.20417
  },
  {
    "name": "Zouma",
    "country": "CN",
    "lat": 30.5696,
    "lng": 108.43752
  },
  {
    "name": "Zouma",
    "country": "CN",
    "lat": 29.42464,
    "lng": 108.4633
  },
  {
    "name": "Zossen",
    "country": "DE",
    "lat": 52.216,
    "lng": 13.44909
  },
  {
    "name": "Zornheim",
    "country": "DE",
    "lat": 49.89,
    "lng": 8.22472
  },
  {
    "name": "Zorneding",
    "country": "DE",
    "lat": 48.08433,
    "lng": 11.82446
  },
  {
    "name": "Zorge",
    "country": "DE",
    "lat": 51.63333,
    "lng": 10.63333
  },
  {
    "name": "Zons",
    "country": "DE",
    "lat": 51.12364,
    "lng": 6.84468
  },
  {
    "name": "Zolling",
    "country": "DE",
    "lat": 48.45,
    "lng": 11.76667
  },
  {
    "name": "Zona Colonial",
    "country": "DO",
    "lat": 18.47,
    "lng": -69.88644
  },
  {
    "name": "Zorita",
    "country": "ES",
    "lat": 39.28522,
    "lng": -5.69973
  },
  {
    "name": "Zotes del Páramo",
    "country": "ES",
    "lat": 42.27268,
    "lng": -5.73617
  },
  {
    "name": "Zorraquín",
    "country": "ES",
    "lat": 42.32565,
    "lng": -3.03925
  },
  {
    "name": "Zorita de los Canes",
    "country": "ES",
    "lat": 40.33052,
    "lng": -2.88764
  },
  {
    "name": "Zorita del Maestrazgo",
    "country": "ES",
    "lat": 40.72817,
    "lng": -0.16667
  },
  {
    "name": "Zorita de la Frontera",
    "country": "ES",
    "lat": 41.01453,
    "lng": -5.19659
  },
  {
    "name": "Zofío",
    "country": "ES",
    "lat": 40.37937,
    "lng": -3.71532
  },
  {
    "name": "Zonza",
    "country": "FR",
    "lat": 41.74934,
    "lng": 9.17082
  },
  {
    "name": "Zonno",
    "country": "GH",
    "lat": 10.78442,
    "lng": -0.78449
  },
  {
    "name": "Zonianá",
    "country": "GR",
    "lat": 35.29502,
    "lng": 24.82944
  },
  {
    "name": "Zográfos",
    "country": "GR",
    "lat": 37.97574,
    "lng": 23.76911
  },
  {
    "name": "Zopilotepe",
    "country": "HN",
    "lat": 14.6,
    "lng": -86.26667
  },
  {
    "name": "Zomba",
    "country": "HU",
    "lat": 46.41084,
    "lng": 18.56577
  },
  {
    "name": "Zotirpada",
    "country": "IN",
    "lat": 18.58549,
    "lng": 73.0966
  },
  {
    "name": "Zovencedo",
    "country": "IT",
    "lat": 45.42893,
    "lng": 11.50387
  },
  {
    "name": "Zoppola",
    "country": "IT",
    "lat": 45.96624,
    "lng": 12.76828
  },
  {
    "name": "Zollino",
    "country": "IT",
    "lat": 40.20581,
    "lng": 18.24774
  },
  {
    "name": "Zolla",
    "country": "IT",
    "lat": 45.71698,
    "lng": 13.81038
  },
  {
    "name": "Zola Predosa",
    "country": "IT",
    "lat": 44.48967,
    "lng": 11.21831
  },
  {
    "name": "Zogno",
    "country": "IT",
    "lat": 45.79378,
    "lng": 9.65992
  },
  {
    "name": "Zocca",
    "country": "IT",
    "lat": 44.34566,
    "lng": 10.99308
  },
  {
    "name": "Zoagli",
    "country": "IT",
    "lat": 44.33668,
    "lng": 9.2668
  },
  {
    "name": "Zone",
    "country": "IT",
    "lat": 45.76339,
    "lng": 10.11586
  },
  {
    "name": "Zona 179",
    "country": "IT",
    "lat": 41.00313,
    "lng": 15.61868
  },
  {
    "name": "Zoccorino-Vergo",
    "country": "IT",
    "lat": 45.69735,
    "lng": 9.25377
  },
  {
    "name": "Zorlesco",
    "country": "IT",
    "lat": 45.20035,
    "lng": 9.61603
  },
  {
    "name": "Zona Industriale",
    "country": "IT",
    "lat": 43.26155,
    "lng": 13.48834
  },
  {
    "name": "Zoppè di Cadore",
    "country": "IT",
    "lat": 46.38583,
    "lng": 12.17368
  },
  {
    "name": "Zona Industriale",
    "country": "IT",
    "lat": 40.84788,
    "lng": 14.28355
  },
  {
    "name": "Zorzor",
    "country": "LR",
    "lat": 7.77944,
    "lng": -9.43028
  },
  {
    "name": "Zoumi",
    "country": "MA",
    "lat": 34.80321,
    "lng": -5.34458
  },
  {
    "name": "Zoualet",
    "country": "MA",
    "lat": 33.93664,
    "lng": -5.46514
  },
  {
    "name": "Zouérat",
    "country": "MR",
    "lat": 22.73542,
    "lng": -12.47134
  },
  {
    "name": "Zomba",
    "country": "MW",
    "lat": -15.38596,
    "lng": 35.3188
  },
  {
    "name": "Zozocolco de Hidalgo",
    "country": "MX",
    "lat": 20.14048,
    "lng": -97.57567
  },
  {
    "name": "Zozocolco de Guerrero",
    "country": "MX",
    "lat": 20.10396,
    "lng": -97.56934
  },
  {
    "name": "Zocea",
    "country": "MX",
    "lat": 20.4376,
    "lng": -99.35742
  },
  {
    "name": "Zotoluca",
    "country": "MX",
    "lat": 19.61063,
    "lng": -98.51094
  },
  {
    "name": "Zoquitlán",
    "country": "MX",
    "lat": 18.33523,
    "lng": -97.01745
  },
  {
    "name": "Zoquiopan",
    "country": "MX",
    "lat": 20.00898,
    "lng": -97.59606
  },
  {
    "name": "Zoquiapan",
    "country": "MX",
    "lat": 19.31769,
    "lng": -98.84967
  },
  {
    "name": "Zoogocho",
    "country": "MX",
    "lat": 17.24009,
    "lng": -96.24299
  },
  {
    "name": "Zontecomatlán de López y Fuentes",
    "country": "MX",
    "lat": 20.76236,
    "lng": -98.34319
  },
  {
    "name": "Zongozotla",
    "country": "MX",
    "lat": 19.9793,
    "lng": -97.72751
  },
  {
    "name": "Zongolica",
    "country": "MX",
    "lat": 18.66673,
    "lng": -96.99707
  },
  {
    "name": "Zozutla",
    "country": "MX",
    "lat": 18.7543,
    "lng": -97.65478
  },
  {
    "name": "Zoyatzingo",
    "country": "MX",
    "lat": 19.09023,
    "lng": -98.78359
  },
  {
    "name": "Zocoteaca de León",
    "country": "MX",
    "lat": 16.63818,
    "lng": -98.00276
  },
  {
    "name": "Zoquitipán",
    "country": "MX",
    "lat": 20.90902,
    "lng": -98.43242
  },
  {
    "name": "Zothé",
    "country": "MX",
    "lat": 20.36959,
    "lng": -99.71581
  },
  {
    "name": "Zoh-Laguna",
    "country": "MX",
    "lat": 18.59306,
    "lng": -89.41714
  },
  {
    "name": "Zotoltitlán",
    "country": "MX",
    "lat": 17.71426,
    "lng": -99.29177
  },
  {
    "name": "Zoyatlán",
    "country": "MX",
    "lat": 16.70917,
    "lng": -98.73349
  },
  {
    "name": "Zopoco",
    "country": "MX",
    "lat": 19.84029,
    "lng": -102.07483
  },
  {
    "name": "Zona Urbana Ejido Isla Mujeres",
    "country": "MX",
    "lat": 21.22472,
    "lng": -86.85361
  },
  {
    "name": "Zoatecpan",
    "country": "MX",
    "lat": 19.93444,
    "lng": -97.62028
  },
  {
    "name": "Zona Urbana Ejidal",
    "country": "MX",
    "lat": 18.5325,
    "lng": -96.58917
  },
  {
    "name": "Zoquitlán",
    "country": "MX",
    "lat": 17.34194,
    "lng": -98.94917
  },
  {
    "name": "Zoquiapa",
    "country": "MX",
    "lat": 17.54472,
    "lng": -99.27694
  },
  {
    "name": "Zoyatitla",
    "country": "MX",
    "lat": 19.82343,
    "lng": -97.81831
  },
  {
    "name": "Zolonquiapa",
    "country": "MX",
    "lat": 18.57611,
    "lng": -98.52722
  },
  {
    "name": "Zoyotla",
    "country": "MX",
    "lat": 19.92778,
    "lng": -97.69389
  },
  {
    "name": "Zone industriel Ducos",
    "country": "NC",
    "lat": -22.2393,
    "lng": 166.44686
  },
  {
    "name": "Zonkwa",
    "country": "NG",
    "lat": 9.78453,
    "lng": 8.29056
  },
  {
    "name": "Zoutkamp",
    "country": "NL",
    "lat": 53.33917,
    "lng": 6.30417
  },
  {
    "name": "Zoutelande",
    "country": "NL",
    "lat": 51.50167,
    "lng": 3.48472
  },
  {
    "name": "Zonnemaat",
    "country": "NL",
    "lat": 51.93115,
    "lng": 6.06235
  },
  {
    "name": "Zonderwijk",
    "country": "NL",
    "lat": 51.41141,
    "lng": 5.39361
  },
  {
    "name": "Zoeterwoude-Dorp",
    "country": "NL",
    "lat": 52.12,
    "lng": 4.49583
  },
  {
    "name": "Zoetermeer",
    "country": "NL",
    "lat": 52.0575,
    "lng": 4.49306
  },
  {
    "name": "Zoelen",
    "country": "NL",
    "lat": 51.9125,
    "lng": 5.40278
  },
  {
    "name": "Zorritos",
    "country": "PE",
    "lat": -3.68046,
    "lng": -80.67819
  },
  {
    "name": "Zorlenţu Mare",
    "country": "RO",
    "lat": 45.45056,
    "lng": 21.95611
  },
  {
    "name": "Zorleni",
    "country": "RO",
    "lat": 46.26667,
    "lng": 27.71667
  },
  {
    "name": "Zorile",
    "country": "RO",
    "lat": 44.37864,
    "lng": 25.80678
  },
  {
    "name": "Zorești",
    "country": "RO",
    "lat": 45.18177,
    "lng": 26.70291
  },
  {
    "name": "Zolotukhino",
    "country": "RU",
    "lat": 52.08706,
    "lng": 36.37896
  },
  {
    "name": "Zolotkovo",
    "country": "RU",
    "lat": 55.5281,
    "lng": 41.1053
  },
  {
    "name": "Zol’noye",
    "country": "RU",
    "lat": 53.4421,
    "lng": 49.7978
  },
  {
    "name": "Zonal’noye",
    "country": "RU",
    "lat": 52.6658,
    "lng": 84.93863
  },
  {
    "name": "Zohor",
    "country": "SK",
    "lat": 48.31667,
    "lng": 16.98333
  },
  {
    "name": "Zouar",
    "country": "TD",
    "lat": 20.45833,
    "lng": 16.52778
  },
  {
    "name": "Zouila",
    "country": "TN",
    "lat": 35.50056,
    "lng": 11.06056
  },
  {
    "name": "Zonguldak",
    "country": "TR",
    "lat": 41.45139,
    "lng": 31.79305
  },
  {
    "name": "Zorkino",
    "country": "UA",
    "lat": 45.54762,
    "lng": 34.71028
  },
  {
    "name": "Zorynsk",
    "country": "UA",
    "lat": 48.41194,
    "lng": 38.62361
  },
  {
    "name": "Zolotyi Potik",
    "country": "UA",
    "lat": 48.90672,
    "lng": 25.3419
  },
  {
    "name": "Zolotoye Pole",
    "country": "UA",
    "lat": 45.12774,
    "lng": 34.99148
  },
  {
    "name": "Zolote",
    "country": "UA",
    "lat": 48.69516,
    "lng": 38.51512
  },
  {
    "name": "Zolotonosha",
    "country": "UA",
    "lat": 49.66926,
    "lng": 32.03637
  },
  {
    "name": "Zolochiv",
    "country": "UA",
    "lat": 50.27985,
    "lng": 35.98179
  },
  {
    "name": "Zolochiv",
    "country": "UA",
    "lat": 49.80755,
    "lng": 24.90056
  },
  {
    "name": "Zorya",
    "country": "UA",
    "lat": 45.99124,
    "lng": 29.69234
  },
  {
    "name": "Zorivka",
    "country": "UA",
    "lat": 49.81965,
    "lng": 32.23997
  },
  {
    "name": "Zombo",
    "country": "UG",
    "lat": 2.51355,
    "lng": 30.90909
  },
  {
    "name": "Zolfo Springs",
    "country": "US",
    "lat": 27.49337,
    "lng": -81.79592
  },
  {
    "name": "Zomin Shaharchasi",
    "country": "UZ",
    "lat": 39.96056,
    "lng": 68.39583
  },
  {
    "name": "Zoar",
    "country": "ZA",
    "lat": -33.4956,
    "lng": 21.44373
  }
]