[
  {
    "name": "Zurmat",
    "country": "AF",
    "lat": 33.43778,
    "lng": 69.02774
  },
  {
    "name": "Zurndorf",
    "country": "AT",
    "lat": 47.98314,
    "lng": 17.00315
  },
  {
    "name": "Zuccoli",
    "country": "AU",
    "lat": -12.50727,
    "lng": 131.00694
  },
  {
    "name": "Zutendaal",
    "country": "BE",
    "lat": 50.93306,
    "lng": 5.5753
  },
  {
    "name": "Zulte",
    "country": "BE",
    "lat": 50.91954,
    "lng": 3.44859
  },
  {
    "name": "Zuienkerke",
    "country": "BE",
    "lat": 51.26511,
    "lng": 3.15506
  },
  {
    "name": "Zuun",
    "country": "BE",
    "lat": 50.7902,
    "lng": 4.27711
  },
  {
    "name": "Zuzwil",
    "country": "CH",
    "lat": 47.47452,
    "lng": 9.11196
  },
  {
    "name": "Zuoz",
    "country": "CH",
    "lat": 46.60206,
    "lng": 9.95965
  },
  {
    "name": "Zunzgen",
    "country": "CH",
    "lat": 47.44925,
    "lng": 7.80789
  },
  {
    "name": "Zumikon",
    "country": "CH",
    "lat": 47.33158,
    "lng": 8.62271
  },
  {
    "name": "Zug",
    "country": "CH",
    "lat": 47.17242,
    "lng": 8.51745
  },
  {
    "name": "Zuchwil",
    "country": "CH",
    "lat": 47.20173,
    "lng": 7.56649
  },
  {
    "name": "Zuénoula",
    "country": "CI",
    "lat": 7.43027,
    "lng": -6.05054
  },
  {
    "name": "Zuenda",
    "country": "CI",
    "lat": 7.69915,
    "lng": -5.59069
  },
  {
    "name": "Zuékokoré",
    "country": "CI",
    "lat": 6.56831,
    "lng": -4.28911
  },
  {
    "name": "Zunyi",
    "country": "CN",
    "lat": 27.68667,
    "lng": 106.90722
  },
  {
    "name": "Zuitou",
    "country": "CN",
    "lat": 34.06219,
    "lng": 107.31266
  },
  {
    "name": "Zuitai",
    "country": "CN",
    "lat": 33.33083,
    "lng": 105.60467
  },
  {
    "name": "Zunhua",
    "country": "CN",
    "lat": 40.18645,
    "lng": 117.95898
  },
  {
    "name": "Zuogaimanma",
    "country": "CN",
    "lat": 34.99744,
    "lng": 103.04864
  },
  {
    "name": "Zuogaiduoma",
    "country": "CN",
    "lat": 35.05587,
    "lng": 103.12599
  },
  {
    "name": "Zuolan",
    "country": "CN",
    "lat": 32.14789,
    "lng": 108.45112
  },
  {
    "name": "Zubří",
    "country": "CZ",
    "lat": 49.46603,
    "lng": 18.09249
  },
  {
    "name": "Zuzenhausen",
    "country": "DE",
    "lat": 49.29636,
    "lng": 8.82254
  },
  {
    "name": "Zusmarshausen",
    "country": "DE",
    "lat": 48.40014,
    "lng": 10.59917
  },
  {
    "name": "Zusamaltheim",
    "country": "DE",
    "lat": 48.53104,
    "lng": 10.63562
  },
  {
    "name": "Zurow",
    "country": "DE",
    "lat": 53.86429,
    "lng": 11.61434
  },
  {
    "name": "Zuña",
    "country": "EC",
    "lat": -2.18781,
    "lng": -78.35907
  },
  {
    "name": "Zumbahua",
    "country": "EC",
    "lat": -0.96098,
    "lng": -78.89839
  },
  {
    "name": "Zurgena",
    "country": "ES",
    "lat": 37.34218,
    "lng": -2.03985
  },
  {
    "name": "Zuheros",
    "country": "ES",
    "lat": 37.54332,
    "lng": -4.31531
  },
  {
    "name": "Zufre",
    "country": "ES",
    "lat": 37.83333,
    "lng": -6.33333
  },
  {
    "name": "Zubia",
    "country": "ES",
    "lat": 37.11906,
    "lng": -3.584
  },
  {
    "name": "Zuñeda",
    "country": "ES",
    "lat": 42.60501,
    "lng": -3.22632
  },
  {
    "name": "Zumaia",
    "country": "ES",
    "lat": 43.29469,
    "lng": -2.25341
  },
  {
    "name": "Zumarraga",
    "country": "ES",
    "lat": 43.08858,
    "lng": -2.31408
  },
  {
    "name": "Zugarramurdi",
    "country": "ES",
    "lat": 43.26964,
    "lng": -1.54113
  },
  {
    "name": "Zuera",
    "country": "ES",
    "lat": 41.86775,
    "lng": -0.78984
  },
  {
    "name": "Zucaina",
    "country": "ES",
    "lat": 40.11667,
    "lng": -0.41667
  },
  {
    "name": "Zubieta",
    "country": "ES",
    "lat": 43.12473,
    "lng": -1.74219
  },
  {
    "name": "Zuydcoote",
    "country": "FR",
    "lat": 51.06096,
    "lng": 2.49338
  },
  {
    "name": "Zutkerque",
    "country": "FR",
    "lat": 50.85303,
    "lng": 2.06818
  },
  {
    "name": "Zugdidi",
    "country": "GE",
    "lat": 42.5084,
    "lng": 41.86796
  },
  {
    "name": "Zunilito",
    "country": "GT",
    "lat": 14.61264,
    "lng": -91.5098
  },
  {
    "name": "Zunil",
    "country": "GT",
    "lat": 14.78463,
    "lng": -91.48345
  },
  {
    "name": "Zugló",
    "country": "HU",
    "lat": 47.51758,
    "lng": 19.10549
  },
  {
    "name": "Zunheboto",
    "country": "IN",
    "lat": 25.96667,
    "lng": 94.51667
  },
  {
    "name": "Zumpano",
    "country": "IT",
    "lat": 39.31053,
    "lng": 16.29269
  },
  {
    "name": "Zungoli",
    "country": "IT",
    "lat": 41.12766,
    "lng": 15.20255
  },
  {
    "name": "Zuglio",
    "country": "IT",
    "lat": 46.4583,
    "lng": 13.02589
  },
  {
    "name": "Zuccarello",
    "country": "IT",
    "lat": 44.10973,
    "lng": 8.11814
  },
  {
    "name": "Zugliano-Terenzano-Cargnacco",
    "country": "IT",
    "lat": 46.0075,
    "lng": 13.21694
  },
  {
    "name": "Zuclo",
    "country": "IT",
    "lat": 46.0343,
    "lng": 10.75107
  },
  {
    "name": "Zugliano",
    "country": "IT",
    "lat": 45.7298,
    "lng": 11.52399
  },
  {
    "name": "Zubiena",
    "country": "IT",
    "lat": 45.49266,
    "lng": 7.99552
  },
  {
    "name": "Zumaglia",
    "country": "IT",
    "lat": 45.59386,
    "lng": 8.08942
  },
  {
    "name": "Zungri",
    "country": "IT",
    "lat": 38.65668,
    "lng": 15.98409
  },
  {
    "name": "Zuni",
    "country": "IT",
    "lat": 41.21722,
    "lng": 14.13082
  },
  {
    "name": "Zushi",
    "country": "JP",
    "lat": 35.29483,
    "lng": 139.57812
  },
  {
    "name": "Zuwarah",
    "country": "LY",
    "lat": 32.9312,
    "lng": 12.08199
  },
  {
    "name": "Zuunmod",
    "country": "MN",
    "lat": 47.70693,
    "lng": 106.95276
  },
  {
    "name": "Zumpango",
    "country": "MX",
    "lat": 19.7967,
    "lng": -99.09946
  },
  {
    "name": "Zumpango del Río",
    "country": "MX",
    "lat": 17.65437,
    "lng": -99.52725
  },
  {
    "name": "Zumpahuacán",
    "country": "MX",
    "lat": 18.91642,
    "lng": -99.56568
  },
  {
    "name": "Zumpango",
    "country": "MX",
    "lat": 19.5577,
    "lng": -98.22407
  },
  {
    "name": "Zula",
    "country": "MX",
    "lat": 19.22011,
    "lng": -98.8895
  },
  {
    "name": "Zumpango",
    "country": "MX",
    "lat": 17.93521,
    "lng": -98.68304
  },
  {
    "name": "Zurumbeneo",
    "country": "MX",
    "lat": 19.69981,
    "lng": -101.01113
  },
  {
    "name": "Zumpahuacán",
    "country": "MX",
    "lat": 18.83723,
    "lng": -99.5808
  },
  {
    "name": "Zuru",
    "country": "NG",
    "lat": 11.43522,
    "lng": 5.23494
  },
  {
    "name": "Zurmi",
    "country": "NG",
    "lat": 12.77675,
    "lng": 6.78404
  },
  {
    "name": "Zungeru",
    "country": "NG",
    "lat": 9.80726,
    "lng": 6.15238
  },
  {
    "name": "Zutphen",
    "country": "NL",
    "lat": 52.13833,
    "lng": 6.20139
  },
  {
    "name": "Zundert",
    "country": "NL",
    "lat": 51.47167,
    "lng": 4.65556
  },
  {
    "name": "Zuilichem",
    "country": "NL",
    "lat": 51.80917,
    "lng": 5.13611
  },
  {
    "name": "Zuidwijk",
    "country": "NL",
    "lat": 51.87532,
    "lng": 4.48514
  },
  {
    "name": "Zuid-Scharwoude",
    "country": "NL",
    "lat": 52.68667,
    "lng": 4.80833
  },
  {
    "name": "Zuidlaren",
    "country": "NL",
    "lat": 53.09417,
    "lng": 6.68194
  },
  {
    "name": "Zuidhorn",
    "country": "NL",
    "lat": 53.24667,
    "lng": 6.40278
  },
  {
    "name": "Zuiderburen",
    "country": "NL",
    "lat": 53.1734,
    "lng": 5.84271
  },
  {
    "name": "Zuidbroek",
    "country": "NL",
    "lat": 53.16333,
    "lng": 6.86111
  },
  {
    "name": "Zuid-Beijerland",
    "country": "NL",
    "lat": 51.75083,
    "lng": 4.36806
  },
  {
    "name": "Zuid-Berghuizen",
    "country": "NL",
    "lat": 52.30083,
    "lng": 6.93333
  },
  {
    "name": "Zurite",
    "country": "PE",
    "lat": -13.45472,
    "lng": -72.25556
  },
  {
    "name": "Zumarraga",
    "country": "PH",
    "lat": 11.6388,
    "lng": 124.8417
  },
  {
    "name": "Zubrzyca Górna",
    "country": "PL",
    "lat": 49.56174,
    "lng": 19.64973
  },
  {
    "name": "Zubrzyca Dolna",
    "country": "PL",
    "lat": 49.52688,
    "lng": 19.67342
  },
  {
    "name": "Zubūbah",
    "country": "PS",
    "lat": 32.54346,
    "lng": 35.22274
  },
  {
    "name": "Zuce",
    "country": "RS",
    "lat": 44.69806,
    "lng": 20.55524
  },
  {
    "name": "Zuyevka",
    "country": "RU",
    "lat": 58.40244,
    "lng": 51.13227
  },
  {
    "name": "Zubtsov",
    "country": "RU",
    "lat": 56.17533,
    "lng": 34.58935
  },
  {
    "name": "Zubovo",
    "country": "RU",
    "lat": 60.3181,
    "lng": 36.9709
  },
  {
    "name": "Zubova Polyana",
    "country": "RU",
    "lat": 54.07813,
    "lng": 42.83645
  },
  {
    "name": "Zubutli-Miatli",
    "country": "RU",
    "lat": 43.19886,
    "lng": 46.81241
  },
  {
    "name": "Zudilovo",
    "country": "RU",
    "lat": 53.4927,
    "lng": 83.8937
  },
  {
    "name": "Zuberec",
    "country": "SK",
    "lat": 49.26164,
    "lng": 19.61473
  },
  {
    "name": "Zuivtsi",
    "country": "UA",
    "lat": 50.17696,
    "lng": 33.75273
  },
  {
    "name": "Zuya",
    "country": "UA",
    "lat": 45.05418,
    "lng": 34.32152
  },
  {
    "name": "Zuhres",
    "country": "UA",
    "lat": 48.01428,
    "lng": 38.26599
  },
  {
    "name": "Zubivka",
    "country": "UA",
    "lat": 50.01565,
    "lng": 33.69863
  },
  {
    "name": "Zumbrota",
    "country": "US",
    "lat": 44.29413,
    "lng": -92.66908
  },
  {
    "name": "Zuni Pueblo",
    "country": "US",
    "lat": 35.07253,
    "lng": -108.85064
  },
  {
    "name": "Zubin Potok",
    "country": "XK",
    "lat": 42.91444,
    "lng": 20.68972
  }
]